ISO-10303-21;
HEADER;
/* Generated by software containing ST-Developer
 * from STEP Tools, Inc. (www.steptools.com) 
 */
/* OPTION: using custom renumber hook */

FILE_DESCRIPTION(
/* description */ ('STEP AP242 Edition 2',
'CAx-IF Rec.Pracs.---Representation and Presentation of Product Manufa
cturing Information (PMI)---4.0---2014-10-13',
'CAx-IF Rec.Pracs.---3D Tessellated Geometry---0.4---2014-09-14','2;1',
'CAx-IF Rec.Pracs.---User Defined Attributes---1.5---2016-08-15'),
/* implementation_level */ '2;1');

FILE_NAME(
/* name */ '6a07658e326c78d44e3e36e5',
/* time_stamp */ '2026-05-15T18:27:26Z',
/* author */ (''),
/* organization */ (''),
/* preprocessor_version */ 'ST-DEVELOPER v20',
/* originating_system */ 'ONSHAPE BY PTC INC, 1.215',
/* authorisation */ '  ');

FILE_SCHEMA (('AP242_MANAGED_MODEL_BASED_3D_ENGINEERING_MIM_LF { 1 0 10303 442 3 1 4 }'));
ENDSEC;

DATA;
#10=OVER_RIDING_STYLED_ITEM('',(#5992),#5922,#5977);
#11=OVER_RIDING_STYLED_ITEM('',(#5993),#5923,#5977);
#12=OVER_RIDING_STYLED_ITEM('',(#5994),#5924,#5977);
#13=OVER_RIDING_STYLED_ITEM('',(#5995),#5925,#5977);
#14=OVER_RIDING_STYLED_ITEM('',(#5996),#5926,#5977);
#15=OVER_RIDING_STYLED_ITEM('',(#5997),#5928,#5977);
#16=OVER_RIDING_STYLED_ITEM('',(#5998),#5930,#5977);
#17=OVER_RIDING_STYLED_ITEM('',(#5999),#5931,#5977);
#18=OVER_RIDING_STYLED_ITEM('',(#6000),#5932,#5977);
#19=OVER_RIDING_STYLED_ITEM('',(#6001),#5933,#5977);
#20=OVER_RIDING_STYLED_ITEM('',(#6002),#5934,#5977);
#21=OVER_RIDING_STYLED_ITEM('',(#6003),#5935,#5977);
#22=OVER_RIDING_STYLED_ITEM('',(#6004),#5936,#5977);
#23=OVER_RIDING_STYLED_ITEM('',(#6005),#5937,#5977);
#24=OVER_RIDING_STYLED_ITEM('',(#6006),#5939,#5977);
#25=OVER_RIDING_STYLED_ITEM('',(#6007),#5942,#5977);
#26=OVER_RIDING_STYLED_ITEM('',(#6008),#5944,#5977);
#27=OVER_RIDING_STYLED_ITEM('',(#6009),#5945,#5977);
#28=OVER_RIDING_STYLED_ITEM('',(#6010),#5946,#5977);
#29=OVER_RIDING_STYLED_ITEM('',(#6011),#5947,#5977);
#30=OVER_RIDING_STYLED_ITEM('',(#6012),#5948,#5977);
#31=OVER_RIDING_STYLED_ITEM('',(#6013),#5949,#5977);
#32=B_SPLINE_SURFACE_WITH_KNOTS('',3,1,((#9856,#9857),(#9858,#9859),(#9860,
#9861),(#9862,#9863)),.SURF_OF_LINEAR_EXTRUSION.,.F.,.F.,.F.,(4,4),(2,2),
(0.,0.854196912916705),(0.,1.),.PIECEWISE_BEZIER_KNOTS.);
#33=DEGENERATE_TOROIDAL_SURFACE('',#6434,0.172914630542352,0.237505840948837,
 .F.);
#34=DEGENERATE_TOROIDAL_SURFACE('',#6436,0.105766981538627,0.162887175442085,
 .F.);
#35=DEGENERATE_TOROIDAL_SURFACE('',#6456,0.105766981538627,0.163887175442085,
 .F.);
#36=DEGENERATE_TOROIDAL_SURFACE('',#6458,0.172914630542352,0.238505840948837,
 .F.);
#37=SURFACE_STYLE_RENDERING_WITH_PROPERTIES(.CONSTANT_SHADING.,#6196,(#39));
#38=SURFACE_STYLE_RENDERING_WITH_PROPERTIES(.CONSTANT_SHADING.,#6197,(#40));
#39=SURFACE_STYLE_TRANSPARENT(0.752941176470588);
#40=SURFACE_STYLE_TRANSPARENT(0.482352941176471);
#41=VERTEX_LOOP('',#3826);
#42=VERTEX_LOOP('',#3904);
#43=VERTEX_LOOP('',#4303);
#44=VERTEX_LOOP('',#4305);
#45=SPHERICAL_SURFACE('',#6320,0.00537340285883187);
#46=SPHERICAL_SURFACE('',#6411,0.00537340285883187);
#47=TOROIDAL_SURFACE('',#6314,0.002794,0.000381);
#48=TOROIDAL_SURFACE('',#6405,0.002794,0.000381);
#49=TOROIDAL_SURFACE('',#6432,0.0363827730850346,0.0155900911814255);
#50=TOROIDAL_SURFACE('',#6438,0.0281985471481947,0.0182522107483554);
#51=TOROIDAL_SURFACE('',#6440,0.0444034229300173,0.0118572255159154);
#52=TOROIDAL_SURFACE('',#6442,0.0715171597796621,0.0424014648633864);
#53=TOROIDAL_SURFACE('',#6450,0.0715171597796621,0.0414014648633864);
#54=TOROIDAL_SURFACE('',#6452,0.0444034229300173,0.0108572255159154);
#55=TOROIDAL_SURFACE('',#6454,0.0281985471481947,0.0192522107483554);
#56=TOROIDAL_SURFACE('',#6460,0.0363827730850346,0.0165900911814255);
#57=TOROIDAL_SURFACE('',#6641,0.01016,0.00254);
#58=TOROIDAL_SURFACE('',#6880,0.00374600000000008,0.000254);
#59=TOROIDAL_SURFACE('',#6881,0.0308770000000005,0.001);
#60=TOROIDAL_SURFACE('',#6882,0.0308770000000005,0.001);
#61=TOROIDAL_SURFACE('',#6883,0.0140368000000003,0.001);
#62=CONTEXT_DEPENDENT_SHAPE_REPRESENTATION(#146,#10432);
#63=CONTEXT_DEPENDENT_SHAPE_REPRESENTATION(#147,#10433);
#64=CONTEXT_DEPENDENT_SHAPE_REPRESENTATION(#148,#10435);
#65=CONTEXT_DEPENDENT_SHAPE_REPRESENTATION(#149,#10437);
#66=CONTEXT_DEPENDENT_SHAPE_REPRESENTATION(#150,#10439);
#67=CONTEXT_DEPENDENT_SHAPE_REPRESENTATION(#151,#10441);
#68=CONTEXT_DEPENDENT_SHAPE_REPRESENTATION(#152,#10443);
#69=CONTEXT_DEPENDENT_SHAPE_REPRESENTATION(#153,#10444);
#70=CONTEXT_DEPENDENT_SHAPE_REPRESENTATION(#154,#10445);
#71=CONTEXT_DEPENDENT_SHAPE_REPRESENTATION(#155,#10447);
#72=CONTEXT_DEPENDENT_SHAPE_REPRESENTATION(#156,#10449);
#73=CONTEXT_DEPENDENT_SHAPE_REPRESENTATION(#157,#10450);
#74=CONTEXT_DEPENDENT_SHAPE_REPRESENTATION(#158,#10451);
#75=CONTEXT_DEPENDENT_SHAPE_REPRESENTATION(#159,#10452);
#76=CONTEXT_DEPENDENT_SHAPE_REPRESENTATION(#160,#10454);
#77=CONTEXT_DEPENDENT_SHAPE_REPRESENTATION(#161,#10455);
#78=CONTEXT_DEPENDENT_SHAPE_REPRESENTATION(#162,#10457);
#79=CONTEXT_DEPENDENT_SHAPE_REPRESENTATION(#163,#10458);
#80=CONTEXT_DEPENDENT_SHAPE_REPRESENTATION(#164,#10460);
#81=CONTEXT_DEPENDENT_SHAPE_REPRESENTATION(#165,#10461);
#82=CONTEXT_DEPENDENT_SHAPE_REPRESENTATION(#166,#10463);
#83=CONTEXT_DEPENDENT_SHAPE_REPRESENTATION(#167,#10464);
#84=CONTEXT_DEPENDENT_SHAPE_REPRESENTATION(#168,#10465);
#85=CONTEXT_DEPENDENT_SHAPE_REPRESENTATION(#169,#10466);
#86=CONTEXT_DEPENDENT_SHAPE_REPRESENTATION(#170,#10467);
#87=CONTEXT_DEPENDENT_SHAPE_REPRESENTATION(#171,#10468);
#88=CONTEXT_DEPENDENT_SHAPE_REPRESENTATION(#172,#10471);
#89=CONTEXT_DEPENDENT_SHAPE_REPRESENTATION(#173,#10473);
#90=CONTEXT_DEPENDENT_SHAPE_REPRESENTATION(#174,#10474);
#91=CONTEXT_DEPENDENT_SHAPE_REPRESENTATION(#175,#10475);
#92=CONTEXT_DEPENDENT_SHAPE_REPRESENTATION(#176,#10476);
#93=CONTEXT_DEPENDENT_SHAPE_REPRESENTATION(#177,#10479);
#94=CONTEXT_DEPENDENT_SHAPE_REPRESENTATION(#178,#10480);
#95=CONTEXT_DEPENDENT_SHAPE_REPRESENTATION(#179,#10481);
#96=CONTEXT_DEPENDENT_SHAPE_REPRESENTATION(#180,#10482);
#97=CONTEXT_DEPENDENT_SHAPE_REPRESENTATION(#181,#10483);
#98=CONTEXT_DEPENDENT_SHAPE_REPRESENTATION(#182,#10484);
#99=CONTEXT_DEPENDENT_SHAPE_REPRESENTATION(#183,#10485);
#100=CONTEXT_DEPENDENT_SHAPE_REPRESENTATION(#184,#10486);
#101=CONTEXT_DEPENDENT_SHAPE_REPRESENTATION(#185,#10488);
#102=CONTEXT_DEPENDENT_SHAPE_REPRESENTATION(#186,#10489);
#103=CONTEXT_DEPENDENT_SHAPE_REPRESENTATION(#187,#10490);
#104=NEXT_ASSEMBLY_USAGE_OCCURRENCE('NAUO1','Hex nut #10-32',
'Hex nut #10-32',#10491,#10492,'');
#105=NEXT_ASSEMBLY_USAGE_OCCURRENCE('NAUO2','Hex nut #10-32',
'Hex nut #10-32',#10491,#10492,'');
#106=NEXT_ASSEMBLY_USAGE_OCCURRENCE('NAUO3',
'Socket button head cap screw #10-32 x 1',
'Socket button head cap screw #10-32 x 1',#10491,#10493,'');
#107=NEXT_ASSEMBLY_USAGE_OCCURRENCE('NAUO4','Hex nut #10-32',
'Hex nut #10-32',#10494,#10492,'');
#108=NEXT_ASSEMBLY_USAGE_OCCURRENCE('NAUO5','Ambu Support Small',
'Ambu Support Small',#10494,#10495,'');
#109=NEXT_ASSEMBLY_USAGE_OCCURRENCE('NAUO6',
'Socket button head cap screw #10-32 x 0.5',
'Socket button head cap screw #10-32 x 0.5',#10494,#10496,'');
#110=NEXT_ASSEMBLY_USAGE_OCCURRENCE('NAUO7','Ambu Bag','Ambu Bag',#10494,
#10497,'');
#111=NEXT_ASSEMBLY_USAGE_OCCURRENCE('NAUO8',
'Socket button head cap screw #10-32 x 0.5',
'Socket button head cap screw #10-32 x 0.5',#10494,#10496,'');
#112=NEXT_ASSEMBLY_USAGE_OCCURRENCE('NAUO9',
'Socket button head cap screw #10-32 x 0.5',
'Socket button head cap screw #10-32 x 0.5',#10494,#10496,'');
#113=NEXT_ASSEMBLY_USAGE_OCCURRENCE('NAUO10','Polycarbonate Base',
'Polycarbonate Base',#10494,#10498,'');
#114=NEXT_ASSEMBLY_USAGE_OCCURRENCE('NAUO11','Ambu Support Small',
'Ambu Support Small',#10494,#10499,'');
#115=NEXT_ASSEMBLY_USAGE_OCCURRENCE('NAUO12','Hex nut #10-32',
'Hex nut #10-32',#10494,#10492,'');
#116=NEXT_ASSEMBLY_USAGE_OCCURRENCE('NAUO13','Hex nut #10-32',
'Hex nut #10-32',#10494,#10492,'');
#117=NEXT_ASSEMBLY_USAGE_OCCURRENCE('NAUO14','Ambu Bag Assembly <1>',
'Ambu Bag Assembly <1>',#10491,#10494,'');
#118=NEXT_ASSEMBLY_USAGE_OCCURRENCE('NAUO15','Hex nut #10-32',
'Hex nut #10-32',#10500,#10492,'');
#119=NEXT_ASSEMBLY_USAGE_OCCURRENCE('NAUO16',
'Socket button head cap screw #10-32 x 1',
'Socket button head cap screw #10-32 x 1',#10500,#10493,'');
#120=NEXT_ASSEMBLY_USAGE_OCCURRENCE('NAUO17','Base','Base',#10500,#10501,
'');
#121=NEXT_ASSEMBLY_USAGE_OCCURRENCE('NAUO18',
'Socket button head cap screw #10-32 x 1',
'Socket button head cap screw #10-32 x 1',#10500,#10493,'');
#122=NEXT_ASSEMBLY_USAGE_OCCURRENCE('NAUO19','Connecting Arm',
'Connecting Arm',#10500,#10502,'');
#123=NEXT_ASSEMBLY_USAGE_OCCURRENCE('NAUO20',
'Socket button head cap screw #10-32 x 1',
'Socket button head cap screw #10-32 x 1',#10500,#10493,'');
#124=NEXT_ASSEMBLY_USAGE_OCCURRENCE('NAUO21','Pressing Arm',
'Pressing Arm',#10500,#10503,'');
#125=NEXT_ASSEMBLY_USAGE_OCCURRENCE('NAUO22','Hex nut #10-32',
'Hex nut #10-32',#10500,#10492,'');
#126=NEXT_ASSEMBLY_USAGE_OCCURRENCE('NAUO23','Hex nut #10-32',
'Hex nut #10-32',#10500,#10492,'');
#127=NEXT_ASSEMBLY_USAGE_OCCURRENCE('NAUO24','Hex nut #10-32',
'Hex nut #10-32',#10500,#10492,'');
#128=NEXT_ASSEMBLY_USAGE_OCCURRENCE('NAUO25',
'Socket button head cap screw #10-32 x 0.5',
'Socket button head cap screw #10-32 x 0.5',#10500,#10496,'');
#129=NEXT_ASSEMBLY_USAGE_OCCURRENCE('NAUO26',
'Socket button head cap screw #10-32 x 1',
'Socket button head cap screw #10-32 x 1',#10500,#10493,'');
#130=NEXT_ASSEMBLY_USAGE_OCCURRENCE('NAUO27','Motor Stand Top',
'Motor Stand Top',#10504,#10505,'');
#131=NEXT_ASSEMBLY_USAGE_OCCURRENCE('NAUO28','Motor Stand Bottom',
'Motor Stand Bottom',#10504,#10506,'');
#132=NEXT_ASSEMBLY_USAGE_OCCURRENCE('NAUO29','Motor Stand <1>',
'Motor Stand <1>',#10500,#10504,'');
#133=NEXT_ASSEMBLY_USAGE_OCCURRENCE('NAUO30',
'Socket button head cap screw #10-32 x 1',
'Socket button head cap screw #10-32 x 1',#10500,#10493,'');
#134=NEXT_ASSEMBLY_USAGE_OCCURRENCE('NAUO31',
'Socket button head cap screw #10-32 x 0.5',
'Socket button head cap screw #10-32 x 0.5',#10500,#10496,'');
#135=NEXT_ASSEMBLY_USAGE_OCCURRENCE('NAUO32','Motor Adapter',
'Motor Adapter',#10507,#10508,'');
#136=NEXT_ASSEMBLY_USAGE_OCCURRENCE('NAUO33','Hex nut #10-32',
'Hex nut #10-32',#10507,#10492,'');
#137=NEXT_ASSEMBLY_USAGE_OCCURRENCE('NAUO34','Hex nut #10-32',
'Hex nut #10-32',#10507,#10492,'');
#138=NEXT_ASSEMBLY_USAGE_OCCURRENCE('NAUO35','Hex nut #10-32',
'Hex nut #10-32',#10507,#10492,'');
#139=NEXT_ASSEMBLY_USAGE_OCCURRENCE('NAUO36','Hex nut #10-32',
'Hex nut #10-32',#10507,#10492,'');
#140=NEXT_ASSEMBLY_USAGE_OCCURRENCE('NAUO37','Hex nut #10-32',
'Hex nut #10-32',#10507,#10492,'');
#141=NEXT_ASSEMBLY_USAGE_OCCURRENCE('NAUO38','Hex nut #10-32',
'Hex nut #10-32',#10507,#10492,'');
#142=NEXT_ASSEMBLY_USAGE_OCCURRENCE('NAUO39','Motor Adapter <1>',
'Motor Adapter <1>',#10500,#10507,'');
#143=NEXT_ASSEMBLY_USAGE_OCCURRENCE('NAUO40','CIM Motor','CIM Motor',#10500,
#10509,'');
#144=NEXT_ASSEMBLY_USAGE_OCCURRENCE('NAUO41','Mechanism Assembly <1>',
'Mechanism Assembly <1>',#10491,#10500,'');
#145=NEXT_ASSEMBLY_USAGE_OCCURRENCE('NAUO42',
'Socket button head cap screw #10-32 x 1',
'Socket button head cap screw #10-32 x 1',#10491,#10493,'');
#146=(
REPRESENTATION_RELATIONSHIP(' ',' ',#6237,#6236)
REPRESENTATION_RELATIONSHIP_WITH_TRANSFORMATION(#188)
SHAPE_REPRESENTATION_RELATIONSHIP()
);
#147=(
REPRESENTATION_RELATIONSHIP(' ',' ',#6237,#6236)
REPRESENTATION_RELATIONSHIP_WITH_TRANSFORMATION(#189)
SHAPE_REPRESENTATION_RELATIONSHIP()
);
#148=(
REPRESENTATION_RELATIONSHIP(' ',' ',#6238,#6236)
REPRESENTATION_RELATIONSHIP_WITH_TRANSFORMATION(#190)
SHAPE_REPRESENTATION_RELATIONSHIP()
);
#149=(
REPRESENTATION_RELATIONSHIP(' ',' ',#6237,#6239)
REPRESENTATION_RELATIONSHIP_WITH_TRANSFORMATION(#191)
SHAPE_REPRESENTATION_RELATIONSHIP()
);
#150=(
REPRESENTATION_RELATIONSHIP(' ',' ',#6240,#6239)
REPRESENTATION_RELATIONSHIP_WITH_TRANSFORMATION(#192)
SHAPE_REPRESENTATION_RELATIONSHIP()
);
#151=(
REPRESENTATION_RELATIONSHIP(' ',' ',#6241,#6239)
REPRESENTATION_RELATIONSHIP_WITH_TRANSFORMATION(#193)
SHAPE_REPRESENTATION_RELATIONSHIP()
);
#152=(
REPRESENTATION_RELATIONSHIP(' ',' ',#6242,#6239)
REPRESENTATION_RELATIONSHIP_WITH_TRANSFORMATION(#194)
SHAPE_REPRESENTATION_RELATIONSHIP()
);
#153=(
REPRESENTATION_RELATIONSHIP(' ',' ',#6241,#6239)
REPRESENTATION_RELATIONSHIP_WITH_TRANSFORMATION(#195)
SHAPE_REPRESENTATION_RELATIONSHIP()
);
#154=(
REPRESENTATION_RELATIONSHIP(' ',' ',#6241,#6239)
REPRESENTATION_RELATIONSHIP_WITH_TRANSFORMATION(#196)
SHAPE_REPRESENTATION_RELATIONSHIP()
);
#155=(
REPRESENTATION_RELATIONSHIP(' ',' ',#6243,#6239)
REPRESENTATION_RELATIONSHIP_WITH_TRANSFORMATION(#197)
SHAPE_REPRESENTATION_RELATIONSHIP()
);
#156=(
REPRESENTATION_RELATIONSHIP(' ',' ',#6244,#6239)
REPRESENTATION_RELATIONSHIP_WITH_TRANSFORMATION(#198)
SHAPE_REPRESENTATION_RELATIONSHIP()
);
#157=(
REPRESENTATION_RELATIONSHIP(' ',' ',#6237,#6239)
REPRESENTATION_RELATIONSHIP_WITH_TRANSFORMATION(#199)
SHAPE_REPRESENTATION_RELATIONSHIP()
);
#158=(
REPRESENTATION_RELATIONSHIP(' ',' ',#6237,#6239)
REPRESENTATION_RELATIONSHIP_WITH_TRANSFORMATION(#200)
SHAPE_REPRESENTATION_RELATIONSHIP()
);
#159=(
REPRESENTATION_RELATIONSHIP(' ',' ',#6239,#6236)
REPRESENTATION_RELATIONSHIP_WITH_TRANSFORMATION(#201)
SHAPE_REPRESENTATION_RELATIONSHIP()
);
#160=(
REPRESENTATION_RELATIONSHIP(' ',' ',#6237,#6245)
REPRESENTATION_RELATIONSHIP_WITH_TRANSFORMATION(#202)
SHAPE_REPRESENTATION_RELATIONSHIP()
);
#161=(
REPRESENTATION_RELATIONSHIP(' ',' ',#6238,#6245)
REPRESENTATION_RELATIONSHIP_WITH_TRANSFORMATION(#203)
SHAPE_REPRESENTATION_RELATIONSHIP()
);
#162=(
REPRESENTATION_RELATIONSHIP(' ',' ',#6246,#6245)
REPRESENTATION_RELATIONSHIP_WITH_TRANSFORMATION(#204)
SHAPE_REPRESENTATION_RELATIONSHIP()
);
#163=(
REPRESENTATION_RELATIONSHIP(' ',' ',#6238,#6245)
REPRESENTATION_RELATIONSHIP_WITH_TRANSFORMATION(#205)
SHAPE_REPRESENTATION_RELATIONSHIP()
);
#164=(
REPRESENTATION_RELATIONSHIP(' ',' ',#6247,#6245)
REPRESENTATION_RELATIONSHIP_WITH_TRANSFORMATION(#206)
SHAPE_REPRESENTATION_RELATIONSHIP()
);
#165=(
REPRESENTATION_RELATIONSHIP(' ',' ',#6238,#6245)
REPRESENTATION_RELATIONSHIP_WITH_TRANSFORMATION(#207)
SHAPE_REPRESENTATION_RELATIONSHIP()
);
#166=(
REPRESENTATION_RELATIONSHIP(' ',' ',#6248,#6245)
REPRESENTATION_RELATIONSHIP_WITH_TRANSFORMATION(#208)
SHAPE_REPRESENTATION_RELATIONSHIP()
);
#167=(
REPRESENTATION_RELATIONSHIP(' ',' ',#6237,#6245)
REPRESENTATION_RELATIONSHIP_WITH_TRANSFORMATION(#209)
SHAPE_REPRESENTATION_RELATIONSHIP()
);
#168=(
REPRESENTATION_RELATIONSHIP(' ',' ',#6237,#6245)
REPRESENTATION_RELATIONSHIP_WITH_TRANSFORMATION(#210)
SHAPE_REPRESENTATION_RELATIONSHIP()
);
#169=(
REPRESENTATION_RELATIONSHIP(' ',' ',#6237,#6245)
REPRESENTATION_RELATIONSHIP_WITH_TRANSFORMATION(#211)
SHAPE_REPRESENTATION_RELATIONSHIP()
);
#170=(
REPRESENTATION_RELATIONSHIP(' ',' ',#6241,#6245)
REPRESENTATION_RELATIONSHIP_WITH_TRANSFORMATION(#212)
SHAPE_REPRESENTATION_RELATIONSHIP()
);
#171=(
REPRESENTATION_RELATIONSHIP(' ',' ',#6238,#6245)
REPRESENTATION_RELATIONSHIP_WITH_TRANSFORMATION(#213)
SHAPE_REPRESENTATION_RELATIONSHIP()
);
#172=(
REPRESENTATION_RELATIONSHIP(' ',' ',#6250,#6249)
REPRESENTATION_RELATIONSHIP_WITH_TRANSFORMATION(#214)
SHAPE_REPRESENTATION_RELATIONSHIP()
);
#173=(
REPRESENTATION_RELATIONSHIP(' ',' ',#6251,#6249)
REPRESENTATION_RELATIONSHIP_WITH_TRANSFORMATION(#215)
SHAPE_REPRESENTATION_RELATIONSHIP()
);
#174=(
REPRESENTATION_RELATIONSHIP(' ',' ',#6249,#6245)
REPRESENTATION_RELATIONSHIP_WITH_TRANSFORMATION(#216)
SHAPE_REPRESENTATION_RELATIONSHIP()
);
#175=(
REPRESENTATION_RELATIONSHIP(' ',' ',#6238,#6245)
REPRESENTATION_RELATIONSHIP_WITH_TRANSFORMATION(#217)
SHAPE_REPRESENTATION_RELATIONSHIP()
);
#176=(
REPRESENTATION_RELATIONSHIP(' ',' ',#6241,#6245)
REPRESENTATION_RELATIONSHIP_WITH_TRANSFORMATION(#218)
SHAPE_REPRESENTATION_RELATIONSHIP()
);
#177=(
REPRESENTATION_RELATIONSHIP(' ',' ',#6253,#6252)
REPRESENTATION_RELATIONSHIP_WITH_TRANSFORMATION(#219)
SHAPE_REPRESENTATION_RELATIONSHIP()
);
#178=(
REPRESENTATION_RELATIONSHIP(' ',' ',#6237,#6252)
REPRESENTATION_RELATIONSHIP_WITH_TRANSFORMATION(#220)
SHAPE_REPRESENTATION_RELATIONSHIP()
);
#179=(
REPRESENTATION_RELATIONSHIP(' ',' ',#6237,#6252)
REPRESENTATION_RELATIONSHIP_WITH_TRANSFORMATION(#221)
SHAPE_REPRESENTATION_RELATIONSHIP()
);
#180=(
REPRESENTATION_RELATIONSHIP(' ',' ',#6237,#6252)
REPRESENTATION_RELATIONSHIP_WITH_TRANSFORMATION(#222)
SHAPE_REPRESENTATION_RELATIONSHIP()
);
#181=(
REPRESENTATION_RELATIONSHIP(' ',' ',#6237,#6252)
REPRESENTATION_RELATIONSHIP_WITH_TRANSFORMATION(#223)
SHAPE_REPRESENTATION_RELATIONSHIP()
);
#182=(
REPRESENTATION_RELATIONSHIP(' ',' ',#6237,#6252)
REPRESENTATION_RELATIONSHIP_WITH_TRANSFORMATION(#224)
SHAPE_REPRESENTATION_RELATIONSHIP()
);
#183=(
REPRESENTATION_RELATIONSHIP(' ',' ',#6237,#6252)
REPRESENTATION_RELATIONSHIP_WITH_TRANSFORMATION(#225)
SHAPE_REPRESENTATION_RELATIONSHIP()
);
#184=(
REPRESENTATION_RELATIONSHIP(' ',' ',#6252,#6245)
REPRESENTATION_RELATIONSHIP_WITH_TRANSFORMATION(#226)
SHAPE_REPRESENTATION_RELATIONSHIP()
);
#185=(
REPRESENTATION_RELATIONSHIP(' ',' ',#6254,#6245)
REPRESENTATION_RELATIONSHIP_WITH_TRANSFORMATION(#227)
SHAPE_REPRESENTATION_RELATIONSHIP()
);
#186=(
REPRESENTATION_RELATIONSHIP(' ',' ',#6245,#6236)
REPRESENTATION_RELATIONSHIP_WITH_TRANSFORMATION(#228)
SHAPE_REPRESENTATION_RELATIONSHIP()
);
#187=(
REPRESENTATION_RELATIONSHIP(' ',' ',#6238,#6236)
REPRESENTATION_RELATIONSHIP_WITH_TRANSFORMATION(#229)
SHAPE_REPRESENTATION_RELATIONSHIP()
);
#188=ITEM_DEFINED_TRANSFORMATION(' ',' ',#6255,#6295);
#189=ITEM_DEFINED_TRANSFORMATION(' ',' ',#6255,#6296);
#190=ITEM_DEFINED_TRANSFORMATION(' ',' ',#6255,#6331);
#191=ITEM_DEFINED_TRANSFORMATION(' ',' ',#6255,#6332);
#192=ITEM_DEFINED_TRANSFORMATION(' ',' ',#6255,#6387);
#193=ITEM_DEFINED_TRANSFORMATION(' ',' ',#6255,#6422);
#194=ITEM_DEFINED_TRANSFORMATION(' ',' ',#6255,#6463);
#195=ITEM_DEFINED_TRANSFORMATION(' ',' ',#6255,#6464);
#196=ITEM_DEFINED_TRANSFORMATION(' ',' ',#6255,#6465);
#197=ITEM_DEFINED_TRANSFORMATION(' ',' ',#6255,#6487);
#198=ITEM_DEFINED_TRANSFORMATION(' ',' ',#6255,#6542);
#199=ITEM_DEFINED_TRANSFORMATION(' ',' ',#6255,#6543);
#200=ITEM_DEFINED_TRANSFORMATION(' ',' ',#6255,#6544);
#201=ITEM_DEFINED_TRANSFORMATION(' ',' ',#6255,#6545);
#202=ITEM_DEFINED_TRANSFORMATION(' ',' ',#6255,#6546);
#203=ITEM_DEFINED_TRANSFORMATION(' ',' ',#6255,#6547);
#204=ITEM_DEFINED_TRANSFORMATION(' ',' ',#6255,#6566);
#205=ITEM_DEFINED_TRANSFORMATION(' ',' ',#6255,#6567);
#206=ITEM_DEFINED_TRANSFORMATION(' ',' ',#6255,#6603);
#207=ITEM_DEFINED_TRANSFORMATION(' ',' ',#6255,#6604);
#208=ITEM_DEFINED_TRANSFORMATION(' ',' ',#6255,#6642);
#209=ITEM_DEFINED_TRANSFORMATION(' ',' ',#6255,#6643);
#210=ITEM_DEFINED_TRANSFORMATION(' ',' ',#6255,#6644);
#211=ITEM_DEFINED_TRANSFORMATION(' ',' ',#6255,#6645);
#212=ITEM_DEFINED_TRANSFORMATION(' ',' ',#6255,#6646);
#213=ITEM_DEFINED_TRANSFORMATION(' ',' ',#6255,#6647);
#214=ITEM_DEFINED_TRANSFORMATION(' ',' ',#6255,#6697);
#215=ITEM_DEFINED_TRANSFORMATION(' ',' ',#6255,#6737);
#216=ITEM_DEFINED_TRANSFORMATION(' ',' ',#6255,#6738);
#217=ITEM_DEFINED_TRANSFORMATION(' ',' ',#6255,#6739);
#218=ITEM_DEFINED_TRANSFORMATION(' ',' ',#6255,#6740);
#219=ITEM_DEFINED_TRANSFORMATION(' ',' ',#6255,#6814);
#220=ITEM_DEFINED_TRANSFORMATION(' ',' ',#6255,#6815);
#221=ITEM_DEFINED_TRANSFORMATION(' ',' ',#6255,#6816);
#222=ITEM_DEFINED_TRANSFORMATION(' ',' ',#6255,#6817);
#223=ITEM_DEFINED_TRANSFORMATION(' ',' ',#6255,#6818);
#224=ITEM_DEFINED_TRANSFORMATION(' ',' ',#6255,#6819);
#225=ITEM_DEFINED_TRANSFORMATION(' ',' ',#6255,#6820);
#226=ITEM_DEFINED_TRANSFORMATION(' ',' ',#6255,#6821);
#227=ITEM_DEFINED_TRANSFORMATION(' ',' ',#6255,#6884);
#228=ITEM_DEFINED_TRANSFORMATION(' ',' ',#6255,#6885);
#229=ITEM_DEFINED_TRANSFORMATION(' ',' ',#6255,#6886);
#230=SHAPE_REPRESENTATION_RELATIONSHIP('','',#6237,#244);
#231=SHAPE_REPRESENTATION_RELATIONSHIP('','',#6238,#245);
#232=SHAPE_REPRESENTATION_RELATIONSHIP('','',#6240,#246);
#233=SHAPE_REPRESENTATION_RELATIONSHIP('','',#6241,#247);
#234=SHAPE_REPRESENTATION_RELATIONSHIP('','',#6242,#248);
#235=SHAPE_REPRESENTATION_RELATIONSHIP('','',#6243,#249);
#236=SHAPE_REPRESENTATION_RELATIONSHIP('','',#6244,#250);
#237=SHAPE_REPRESENTATION_RELATIONSHIP('','',#6246,#251);
#238=SHAPE_REPRESENTATION_RELATIONSHIP('','',#6247,#252);
#239=SHAPE_REPRESENTATION_RELATIONSHIP('','',#6248,#253);
#240=SHAPE_REPRESENTATION_RELATIONSHIP('','',#6250,#254);
#241=SHAPE_REPRESENTATION_RELATIONSHIP('','',#6251,#255);
#242=SHAPE_REPRESENTATION_RELATIONSHIP('','',#6253,#256);
#243=SHAPE_REPRESENTATION_RELATIONSHIP('','',#6254,#257);
#244=ADVANCED_BREP_SHAPE_REPRESENTATION('',(#6203),#10390);
#245=ADVANCED_BREP_SHAPE_REPRESENTATION('',(#6204),#10391);
#246=ADVANCED_BREP_SHAPE_REPRESENTATION('',(#6205),#10393);
#247=ADVANCED_BREP_SHAPE_REPRESENTATION('',(#6206),#10394);
#248=ADVANCED_BREP_SHAPE_REPRESENTATION('',(#6207),#10395);
#249=ADVANCED_BREP_SHAPE_REPRESENTATION('',(#6208),#10396);
#250=ADVANCED_BREP_SHAPE_REPRESENTATION('',(#6209),#10397);
#251=ADVANCED_BREP_SHAPE_REPRESENTATION('',(#6210),#10399);
#252=ADVANCED_BREP_SHAPE_REPRESENTATION('',(#6211),#10400);
#253=ADVANCED_BREP_SHAPE_REPRESENTATION('',(#6212),#10401);
#254=ADVANCED_BREP_SHAPE_REPRESENTATION('',(#6213),#10403);
#255=ADVANCED_BREP_SHAPE_REPRESENTATION('',(#6214),#10404);
#256=ADVANCED_BREP_SHAPE_REPRESENTATION('',(#6215),#10406);
#257=ADVANCED_BREP_SHAPE_REPRESENTATION('',(#6216),#10407);
#258=CONICAL_SURFACE('',#6281,0.002413,0.785398163397448);
#259=CONICAL_SURFACE('',#6282,0.0019812,0.785398163397448);
#260=CONICAL_SURFACE('',#6283,0.0047625,1.0471975511966);
#261=CONICAL_SURFACE('',#6284,0.0047625,1.0471975511966);
#262=CONICAL_SURFACE('',#6285,0.0047625,1.0471975511966);
#263=CONICAL_SURFACE('',#6286,0.0047625,1.0471975511966);
#264=CONICAL_SURFACE('',#6287,0.0047625,1.0471975511966);
#265=CONICAL_SURFACE('',#6288,0.0047625,1.0471975511966);
#266=CONICAL_SURFACE('',#6289,0.0047625,1.0471975511966);
#267=CONICAL_SURFACE('',#6290,0.0047625,1.0471975511966);
#268=CONICAL_SURFACE('',#6291,0.0047625,1.0471975511966);
#269=CONICAL_SURFACE('',#6292,0.0047625,1.0471975511966);
#270=CONICAL_SURFACE('',#6293,0.0047625,1.0471975511966);
#271=CONICAL_SURFACE('',#6294,0.0047625,1.0471975511966);
#272=CONICAL_SURFACE('',#6329,0.0015875,1.0471975511966);
#273=CONICAL_SURFACE('',#6330,0.00198405761938,0.785398163397449);
#274=CONICAL_SURFACE('',#6420,0.0015875,1.0471975511966);
#275=CONICAL_SURFACE('',#6421,0.00198405761938,0.785398163397449);
#276=CONICAL_SURFACE('',#6430,0.0467746512707569,0.841199120214993);
#277=CONICAL_SURFACE('',#6462,0.0474412207003254,0.841199120214992);
#278=CONICAL_SURFACE('',#6867,0.00431800000197444,0.785398163397448);
#279=CONICAL_SURFACE('',#6870,0.00431800000197453,0.785398163397446);
#280=CONICAL_SURFACE('',#6873,0.00201930000000003,1.0297442575);
#281=CONICAL_SURFACE('',#6876,0.00201930000000003,1.0297442575);
#282=CONICAL_SURFACE('',#6879,0.00952500000000019,0.785398162500006);
#283=CYLINDRICAL_SURFACE('',#6270,0.0019812);
#284=CYLINDRICAL_SURFACE('',#6309,0.0045847);
#285=CYLINDRICAL_SURFACE('',#6316,0.002413);
#286=CYLINDRICAL_SURFACE('',#6344,0.0310364759);
#287=CYLINDRICAL_SURFACE('',#6375,0.00254);
#288=CYLINDRICAL_SURFACE('',#6376,0.00254);
#289=CYLINDRICAL_SURFACE('',#6377,0.00254);
#290=CYLINDRICAL_SURFACE('',#6378,0.00254);
#291=CYLINDRICAL_SURFACE('',#6379,0.00254);
#292=CYLINDRICAL_SURFACE('',#6380,0.00254);
#293=CYLINDRICAL_SURFACE('',#6381,0.00254);
#294=CYLINDRICAL_SURFACE('',#6382,0.00254);
#295=CYLINDRICAL_SURFACE('',#6383,0.00254);
#296=CYLINDRICAL_SURFACE('',#6384,0.00254);
#297=CYLINDRICAL_SURFACE('',#6385,0.00254);
#298=CYLINDRICAL_SURFACE('',#6386,0.00254);
#299=CYLINDRICAL_SURFACE('',#6400,0.0045847);
#300=CYLINDRICAL_SURFACE('',#6407,0.002413);
#301=CYLINDRICAL_SURFACE('',#6423,0.0216318019245966);
#302=CYLINDRICAL_SURFACE('',#6428,0.0206318019245966);
#303=CYLINDRICAL_SURFACE('',#6444,0.0300364807898636);
#304=CYLINDRICAL_SURFACE('',#6448,0.0310364807898636);
#305=CYLINDRICAL_SURFACE('',#6482,0.00254);
#306=CYLINDRICAL_SURFACE('',#6483,0.00254);
#307=CYLINDRICAL_SURFACE('',#6484,0.00254);
#308=CYLINDRICAL_SURFACE('',#6485,0.00254);
#309=CYLINDRICAL_SURFACE('',#6486,0.00254);
#310=CYLINDRICAL_SURFACE('',#6499,0.0216317957);
#311=CYLINDRICAL_SURFACE('',#6530,0.00254);
#312=CYLINDRICAL_SURFACE('',#6531,0.00254);
#313=CYLINDRICAL_SURFACE('',#6532,0.00254);
#314=CYLINDRICAL_SURFACE('',#6533,0.00254);
#315=CYLINDRICAL_SURFACE('',#6534,0.00254);
#316=CYLINDRICAL_SURFACE('',#6535,0.00254);
#317=CYLINDRICAL_SURFACE('',#6536,0.00254);
#318=CYLINDRICAL_SURFACE('',#6537,0.00254);
#319=CYLINDRICAL_SURFACE('',#6538,0.00254);
#320=CYLINDRICAL_SURFACE('',#6539,0.00254);
#321=CYLINDRICAL_SURFACE('',#6540,0.00254);
#322=CYLINDRICAL_SURFACE('',#6541,0.00254);
#323=CYLINDRICAL_SURFACE('',#6551,0.00254);
#324=CYLINDRICAL_SURFACE('',#6554,0.00254);
#325=CYLINDRICAL_SURFACE('',#6558,0.00254);
#326=CYLINDRICAL_SURFACE('',#6561,0.00254);
#327=CYLINDRICAL_SURFACE('',#6568,0.00254);
#328=CYLINDRICAL_SURFACE('',#6572,0.0565912);
#329=CYLINDRICAL_SURFACE('',#6575,0.0127);
#330=CYLINDRICAL_SURFACE('',#6578,0.0565912);
#331=CYLINDRICAL_SURFACE('',#6582,0.0565912);
#332=CYLINDRICAL_SURFACE('',#6585,0.0127);
#333=CYLINDRICAL_SURFACE('',#6588,0.00254);
#334=CYLINDRICAL_SURFACE('',#6591,0.0565912);
#335=CYLINDRICAL_SURFACE('',#6611,0.0254);
#336=CYLINDRICAL_SURFACE('',#6615,0.00952619808172143);
#337=CYLINDRICAL_SURFACE('',#6619,0.0254);
#338=CYLINDRICAL_SURFACE('',#6623,0.00508);
#339=CYLINDRICAL_SURFACE('',#6627,0.00254);
#340=CYLINDRICAL_SURFACE('',#6633,0.00762);
#341=CYLINDRICAL_SURFACE('',#6636,0.00254);
#342=CYLINDRICAL_SURFACE('',#6649,0.0254);
#343=CYLINDRICAL_SURFACE('',#6652,0.0254);
#344=CYLINDRICAL_SURFACE('',#6669,0.00254);
#345=CYLINDRICAL_SURFACE('',#6671,0.00254);
#346=CYLINDRICAL_SURFACE('',#6674,0.0254);
#347=CYLINDRICAL_SURFACE('',#6676,0.0253999999999996);
#348=CYLINDRICAL_SURFACE('',#6679,0.0254);
#349=CYLINDRICAL_SURFACE('',#6680,0.009652);
#350=CYLINDRICAL_SURFACE('',#6681,0.00635);
#351=CYLINDRICAL_SURFACE('',#6684,0.00635);
#352=CYLINDRICAL_SURFACE('',#6698,0.00254);
#353=CYLINDRICAL_SURFACE('',#6701,0.00254);
#354=CYLINDRICAL_SURFACE('',#6707,0.00254);
#355=CYLINDRICAL_SURFACE('',#6709,0.0802842989698555);
#356=CYLINDRICAL_SURFACE('',#6716,0.00635);
#357=CYLINDRICAL_SURFACE('',#6724,0.0254);
#358=CYLINDRICAL_SURFACE('',#6725,0.0254);
#359=CYLINDRICAL_SURFACE('',#6741,0.00254);
#360=CYLINDRICAL_SURFACE('',#6744,0.00254);
#361=CYLINDRICAL_SURFACE('',#6747,0.00254);
#362=CYLINDRICAL_SURFACE('',#6750,0.00254);
#363=CYLINDRICAL_SURFACE('',#6753,0.00254);
#364=CYLINDRICAL_SURFACE('',#6756,0.00254);
#365=CYLINDRICAL_SURFACE('',#6766,0.0040505);
#366=CYLINDRICAL_SURFACE('',#6822,0.00105);
#367=CYLINDRICAL_SURFACE('',#6824,0.00105);
#368=CYLINDRICAL_SURFACE('',#6856,0.00400000000000007);
#369=CYLINDRICAL_SURFACE('',#6858,0.0320040000000005);
#370=CYLINDRICAL_SURFACE('',#6859,0.0318770000000005);
#371=CYLINDRICAL_SURFACE('',#6861,0.00952500000000019);
#372=CYLINDRICAL_SURFACE('',#6863,0.0318770000000005);
#373=CYLINDRICAL_SURFACE('',#6865,0.0150368000000003);
#374=CYLINDRICAL_SURFACE('',#6869,0.00431800000197446);
#375=CYLINDRICAL_SURFACE('',#6872,0.0043180000019745);
#376=CYLINDRICAL_SURFACE('',#6875,0.00201930000000003);
#377=CYLINDRICAL_SURFACE('',#6878,0.00201930000000003);
#378=CIRCLE('',#6263,0.002413);
#379=CIRCLE('',#6264,0.0047625);
#380=CIRCLE('',#6265,0.0047625);
#381=CIRCLE('',#6266,0.0047625);
#382=CIRCLE('',#6267,0.0047625);
#383=CIRCLE('',#6268,0.0047625);
#384=CIRCLE('',#6269,0.0047625);
#385=CIRCLE('',#6271,0.0019812);
#386=CIRCLE('',#6272,0.0019812);
#387=CIRCLE('',#6274,0.0047625);
#388=CIRCLE('',#6275,0.0047625);
#389=CIRCLE('',#6276,0.0047625);
#390=CIRCLE('',#6277,0.0047625);
#391=CIRCLE('',#6278,0.0047625);
#392=CIRCLE('',#6279,0.0047625);
#393=CIRCLE('',#6280,0.002413);
#394=CIRCLE('',#6298,0.0015875);
#395=CIRCLE('',#6300,0.0015875);
#396=CIRCLE('',#6302,0.0015875);
#397=CIRCLE('',#6304,0.0015875);
#398=CIRCLE('',#6306,0.0015875);
#399=CIRCLE('',#6308,0.00229235);
#400=CIRCLE('',#6310,0.0045847);
#401=CIRCLE('',#6311,0.0045847);
#402=CIRCLE('',#6313,0.002794);
#403=CIRCLE('',#6315,0.002413);
#404=CIRCLE('',#6317,0.002413);
#405=CIRCLE('',#6319,0.00198405761938);
#406=CIRCLE('',#6328,0.0015875);
#407=CIRCLE('',#6335,0.00254);
#408=CIRCLE('',#6336,0.00254);
#409=CIRCLE('',#6339,0.00254);
#410=CIRCLE('',#6345,0.0310364759);
#411=CIRCLE('',#6346,0.0310364759);
#412=CIRCLE('',#6352,0.00254);
#413=CIRCLE('',#6354,0.00254);
#414=CIRCLE('',#6355,0.00254);
#415=CIRCLE('',#6356,0.00254);
#416=CIRCLE('',#6357,0.00254);
#417=CIRCLE('',#6358,0.00254);
#418=CIRCLE('',#6359,0.00254);
#419=CIRCLE('',#6360,0.00254);
#420=CIRCLE('',#6361,0.00254);
#421=CIRCLE('',#6362,0.00254);
#422=CIRCLE('',#6363,0.00254);
#423=CIRCLE('',#6365,0.00254);
#424=CIRCLE('',#6366,0.00254);
#425=CIRCLE('',#6367,0.00254);
#426=CIRCLE('',#6368,0.00254);
#427=CIRCLE('',#6369,0.00254);
#428=CIRCLE('',#6370,0.00254);
#429=CIRCLE('',#6371,0.00254);
#430=CIRCLE('',#6372,0.00254);
#431=CIRCLE('',#6373,0.00254);
#432=CIRCLE('',#6374,0.00254);
#433=CIRCLE('',#6389,0.0015875);
#434=CIRCLE('',#6391,0.0015875);
#435=CIRCLE('',#6393,0.0015875);
#436=CIRCLE('',#6395,0.0015875);
#437=CIRCLE('',#6397,0.0015875);
#438=CIRCLE('',#6399,0.00229235);
#439=CIRCLE('',#6401,0.0045847);
#440=CIRCLE('',#6402,0.0045847);
#441=CIRCLE('',#6404,0.002794);
#442=CIRCLE('',#6406,0.002413);
#443=CIRCLE('',#6408,0.002413);
#444=CIRCLE('',#6410,0.00198405761938);
#445=CIRCLE('',#6419,0.0015875);
#446=CIRCLE('',#6424,0.0216318019245966);
#447=CIRCLE('',#6425,0.0216318019245966);
#448=CIRCLE('',#6427,0.0206318019245966);
#449=CIRCLE('',#6429,0.0206318019245966);
#450=CIRCLE('',#6431,0.0467746512707569);
#451=CIRCLE('',#6433,0.0507080496364509);
#452=CIRCLE('',#6435,0.0507080496364508);
#453=CIRCLE('',#6437,0.0438985374143721);
#454=CIRCLE('',#6439,0.039654975048328);
#455=CIRCLE('',#6441,0.0334908716285348);
#456=CIRCLE('',#6443,0.0300364807898637);
#457=CIRCLE('',#6445,0.0300364807898636);
#458=CIRCLE('',#6447,0.0310364807898636);
#459=CIRCLE('',#6449,0.0310364807898636);
#460=CIRCLE('',#6451,0.0344003765716232);
#461=CIRCLE('',#6453,0.0401742669554752);
#462=CIRCLE('',#6455,0.0447920687076781);
#463=CIRCLE('',#6457,0.0516600500637515);
#464=CIRCLE('',#6459,0.0516393015950879);
#465=CIRCLE('',#6461,0.0474412207003254);
#466=CIRCLE('',#6471,0.00254);
#467=CIRCLE('',#6472,0.00254);
#468=CIRCLE('',#6473,0.00254);
#469=CIRCLE('',#6474,0.00254);
#470=CIRCLE('',#6475,0.00254);
#471=CIRCLE('',#6477,0.00254);
#472=CIRCLE('',#6478,0.00254);
#473=CIRCLE('',#6479,0.00254);
#474=CIRCLE('',#6480,0.00254);
#475=CIRCLE('',#6481,0.00254);
#476=CIRCLE('',#6490,0.00254);
#477=CIRCLE('',#6491,0.00254);
#478=CIRCLE('',#6494,0.00254);
#479=CIRCLE('',#6500,0.0216317957);
#480=CIRCLE('',#6501,0.0216317957);
#481=CIRCLE('',#6507,0.00254);
#482=CIRCLE('',#6509,0.00254);
#483=CIRCLE('',#6510,0.00254);
#484=CIRCLE('',#6511,0.00254);
#485=CIRCLE('',#6512,0.00254);
#486=CIRCLE('',#6513,0.00254);
#487=CIRCLE('',#6514,0.00254);
#488=CIRCLE('',#6515,0.00254);
#489=CIRCLE('',#6516,0.00254);
#490=CIRCLE('',#6517,0.00254);
#491=CIRCLE('',#6518,0.00254);
#492=CIRCLE('',#6520,0.00254);
#493=CIRCLE('',#6521,0.00254);
#494=CIRCLE('',#6522,0.00254);
#495=CIRCLE('',#6523,0.00254);
#496=CIRCLE('',#6524,0.00254);
#497=CIRCLE('',#6525,0.00254);
#498=CIRCLE('',#6526,0.00254);
#499=CIRCLE('',#6527,0.00254);
#500=CIRCLE('',#6528,0.00254);
#501=CIRCLE('',#6529,0.00254);
#502=CIRCLE('',#6552,0.00254);
#503=CIRCLE('',#6553,0.00254);
#504=CIRCLE('',#6555,0.00254);
#505=CIRCLE('',#6556,0.00254);
#506=CIRCLE('',#6559,0.00254);
#507=CIRCLE('',#6560,0.00254);
#508=CIRCLE('',#6562,0.00254);
#509=CIRCLE('',#6563,0.00254);
#510=CIRCLE('',#6569,0.00254);
#511=CIRCLE('',#6570,0.00254);
#512=CIRCLE('',#6573,0.0565912);
#513=CIRCLE('',#6574,0.0565912);
#514=CIRCLE('',#6576,0.0127);
#515=CIRCLE('',#6577,0.0127);
#516=CIRCLE('',#6579,0.0565912);
#517=CIRCLE('',#6580,0.0565912);
#518=CIRCLE('',#6583,0.0565912);
#519=CIRCLE('',#6584,0.0565912);
#520=CIRCLE('',#6586,0.0127);
#521=CIRCLE('',#6587,0.0127);
#522=CIRCLE('',#6589,0.00254);
#523=CIRCLE('',#6590,0.00254);
#524=CIRCLE('',#6592,0.0565912);
#525=CIRCLE('',#6593,0.0565912);
#526=CIRCLE('',#6612,0.0254);
#527=CIRCLE('',#6613,0.0254);
#528=CIRCLE('',#6616,0.00952619808172143);
#529=CIRCLE('',#6617,0.00952619808172147);
#530=CIRCLE('',#6620,0.0254);
#531=CIRCLE('',#6621,0.0254);
#532=CIRCLE('',#6624,0.00508);
#533=CIRCLE('',#6625,0.00508);
#534=CIRCLE('',#6628,0.00254);
#535=CIRCLE('',#6629,0.00254);
#536=CIRCLE('',#6631,0.01016);
#537=CIRCLE('',#6634,0.00762);
#538=CIRCLE('',#6635,0.00762);
#539=CIRCLE('',#6637,0.00254);
#540=CIRCLE('',#6638,0.00254);
#541=CIRCLE('',#6650,0.0254);
#542=CIRCLE('',#6651,0.0254);
#543=CIRCLE('',#6653,0.0254);
#544=CIRCLE('',#6654,0.0254);
#545=CIRCLE('',#6656,0.009652);
#546=CIRCLE('',#6657,0.00635);
#547=CIRCLE('',#6658,0.00635);
#548=CIRCLE('',#6659,0.0254);
#549=CIRCLE('',#6660,0.0254);
#550=CIRCLE('',#6661,0.0253999999999996);
#551=CIRCLE('',#6663,0.00254);
#552=CIRCLE('',#6664,0.00254);
#553=CIRCLE('',#6665,0.009652);
#554=CIRCLE('',#6666,0.0253999999999996);
#555=CIRCLE('',#6667,0.0254);
#556=CIRCLE('',#6668,0.0254);
#557=CIRCLE('',#6670,0.00254);
#558=CIRCLE('',#6672,0.00254);
#559=CIRCLE('',#6682,0.00635);
#560=CIRCLE('',#6685,0.00635);
#561=CIRCLE('',#6699,0.00254);
#562=CIRCLE('',#6700,0.00254);
#563=CIRCLE('',#6702,0.00254);
#564=CIRCLE('',#6703,0.00254);
#565=CIRCLE('',#6705,0.00254);
#566=CIRCLE('',#6706,0.00635);
#567=CIRCLE('',#6708,0.00254);
#568=CIRCLE('',#6710,0.0802842989698555);
#569=CIRCLE('',#6711,0.0802842989698555);
#570=CIRCLE('',#6717,0.00635);
#571=CIRCLE('',#6719,0.0254);
#572=CIRCLE('',#6720,0.0254);
#573=CIRCLE('',#6722,0.0254);
#574=CIRCLE('',#6723,0.0254);
#575=CIRCLE('',#6742,0.00254);
#576=CIRCLE('',#6743,0.00254);
#577=CIRCLE('',#6745,0.00254);
#578=CIRCLE('',#6746,0.00254);
#579=CIRCLE('',#6748,0.00254);
#580=CIRCLE('',#6749,0.00254);
#581=CIRCLE('',#6751,0.00254);
#582=CIRCLE('',#6752,0.00254);
#583=CIRCLE('',#6754,0.00254);
#584=CIRCLE('',#6755,0.00254);
#585=CIRCLE('',#6757,0.00254);
#586=CIRCLE('',#6758,0.00254);
#587=CIRCLE('',#6765,0.0040505);
#588=CIRCLE('',#6767,0.0040505);
#589=CIRCLE('',#6823,0.00105);
#590=CIRCLE('',#6825,0.00105);
#591=CIRCLE('',#6830,0.00211800000000005);
#592=CIRCLE('',#6832,0.00211800000000005);
#593=CIRCLE('',#6834,0.0140368000000003);
#594=CIRCLE('',#6836,0.00374600000000008);
#595=CIRCLE('',#6838,0.00952500000000019);
#596=CIRCLE('',#6839,0.00201930000000003);
#597=CIRCLE('',#6840,0.00201930000000003);
#598=CIRCLE('',#6841,0.0308770000000005);
#599=CIRCLE('',#6843,0.0318770000000005);
#600=CIRCLE('',#6844,0.0320040000000005);
#601=CIRCLE('',#6846,0.00400000000000007);
#602=CIRCLE('',#6847,0.00850900000182338);
#603=CIRCLE('',#6849,0.0318770000000005);
#604=CIRCLE('',#6850,0.0320040000000005);
#605=CIRCLE('',#6852,0.0150368000000003);
#606=CIRCLE('',#6853,0.00431800000197446);
#607=CIRCLE('',#6854,0.0043180000019745);
#608=CIRCLE('',#6855,0.0308770000000005);
#609=CIRCLE('',#6857,0.00400000000000007);
#610=CIRCLE('',#6860,0.0318770000000005);
#611=CIRCLE('',#6862,0.00952500000000019);
#612=CIRCLE('',#6864,0.0318770000000005);
#613=CIRCLE('',#6866,0.0150368000000003);
#614=CIRCLE('',#6868,0.00431800000197444);
#615=CIRCLE('',#6871,0.00431800000197453);
#616=CIRCLE('',#6874,0.00201930000000003);
#617=CIRCLE('',#6877,0.00201930000000003);
#618=LINE('',#8628,#1087);
#619=LINE('',#8640,#1088);
#620=LINE('',#8653,#1089);
#621=LINE('',#8675,#1090);
#622=LINE('',#8697,#1091);
#623=LINE('',#8719,#1092);
#624=LINE('',#8796,#1093);
#625=LINE('',#8798,#1094);
#626=LINE('',#8802,#1095);
#627=LINE('',#8804,#1096);
#628=LINE('',#8808,#1097);
#629=LINE('',#8810,#1098);
#630=LINE('',#8814,#1099);
#631=LINE('',#8816,#1100);
#632=LINE('',#8820,#1101);
#633=LINE('',#8822,#1102);
#634=LINE('',#8826,#1103);
#635=LINE('',#8829,#1104);
#636=LINE('',#8831,#1105);
#637=LINE('',#8833,#1106);
#638=LINE('',#8835,#1107);
#639=LINE('',#8837,#1108);
#640=LINE('',#8857,#1109);
#641=LINE('',#8858,#1110);
#642=LINE('',#8860,#1111);
#643=LINE('',#8862,#1112);
#644=LINE('',#8864,#1113);
#645=LINE('',#8866,#1114);
#646=LINE('',#8868,#1115);
#647=LINE('',#8870,#1116);
#648=LINE('',#8879,#1117);
#649=LINE('',#8882,#1118);
#650=LINE('',#8884,#1119);
#651=LINE('',#8886,#1120);
#652=LINE('',#8892,#1121);
#653=LINE('',#8894,#1122);
#654=LINE('',#8896,#1123);
#655=LINE('',#8898,#1124);
#656=LINE('',#8900,#1125);
#657=LINE('',#8902,#1126);
#658=LINE('',#8906,#1127);
#659=LINE('',#8908,#1128);
#660=LINE('',#8910,#1129);
#661=LINE('',#8912,#1130);
#662=LINE('',#8915,#1131);
#663=LINE('',#8917,#1132);
#664=LINE('',#8919,#1133);
#665=LINE('',#8921,#1134);
#666=LINE('',#8924,#1135);
#667=LINE('',#8926,#1136);
#668=LINE('',#8928,#1137);
#669=LINE('',#8930,#1138);
#670=LINE('',#8933,#1139);
#671=LINE('',#8935,#1140);
#672=LINE('',#8937,#1141);
#673=LINE('',#8939,#1142);
#674=LINE('',#8942,#1143);
#675=LINE('',#8944,#1144);
#676=LINE('',#8946,#1145);
#677=LINE('',#8951,#1146);
#678=LINE('',#8955,#1147);
#679=LINE('',#8957,#1148);
#680=LINE('',#8960,#1149);
#681=LINE('',#8962,#1150);
#682=LINE('',#8964,#1151);
#683=LINE('',#8966,#1152);
#684=LINE('',#8969,#1153);
#685=LINE('',#8971,#1154);
#686=LINE('',#8973,#1155);
#687=LINE('',#8975,#1156);
#688=LINE('',#8978,#1157);
#689=LINE('',#8980,#1158);
#690=LINE('',#8982,#1159);
#691=LINE('',#8984,#1160);
#692=LINE('',#8987,#1161);
#693=LINE('',#8989,#1162);
#694=LINE('',#8991,#1163);
#695=LINE('',#8995,#1164);
#696=LINE('',#8997,#1165);
#697=LINE('',#8999,#1166);
#698=LINE('',#9039,#1167);
#699=LINE('',#9041,#1168);
#700=LINE('',#9045,#1169);
#701=LINE('',#9047,#1170);
#702=LINE('',#9051,#1171);
#703=LINE('',#9053,#1172);
#704=LINE('',#9057,#1173);
#705=LINE('',#9059,#1174);
#706=LINE('',#9063,#1175);
#707=LINE('',#9065,#1176);
#708=LINE('',#9069,#1177);
#709=LINE('',#9072,#1178);
#710=LINE('',#9074,#1179);
#711=LINE('',#9076,#1180);
#712=LINE('',#9078,#1181);
#713=LINE('',#9080,#1182);
#714=LINE('',#9100,#1183);
#715=LINE('',#9101,#1184);
#716=LINE('',#9103,#1185);
#717=LINE('',#9105,#1186);
#718=LINE('',#9107,#1187);
#719=LINE('',#9109,#1188);
#720=LINE('',#9111,#1189);
#721=LINE('',#9113,#1190);
#722=LINE('',#9184,#1191);
#723=LINE('',#9187,#1192);
#724=LINE('',#9189,#1193);
#725=LINE('',#9191,#1194);
#726=LINE('',#9193,#1195);
#727=LINE('',#9195,#1196);
#728=LINE('',#9197,#1197);
#729=LINE('',#9199,#1198);
#730=LINE('',#9201,#1199);
#731=LINE('',#9203,#1200);
#732=LINE('',#9205,#1201);
#733=LINE('',#9206,#1202);
#734=LINE('',#9236,#1203);
#735=LINE('',#9239,#1204);
#736=LINE('',#9241,#1205);
#737=LINE('',#9243,#1206);
#738=LINE('',#9249,#1207);
#739=LINE('',#9251,#1208);
#740=LINE('',#9253,#1209);
#741=LINE('',#9255,#1210);
#742=LINE('',#9257,#1211);
#743=LINE('',#9259,#1212);
#744=LINE('',#9263,#1213);
#745=LINE('',#9265,#1214);
#746=LINE('',#9267,#1215);
#747=LINE('',#9269,#1216);
#748=LINE('',#9272,#1217);
#749=LINE('',#9274,#1218);
#750=LINE('',#9276,#1219);
#751=LINE('',#9278,#1220);
#752=LINE('',#9281,#1221);
#753=LINE('',#9283,#1222);
#754=LINE('',#9285,#1223);
#755=LINE('',#9287,#1224);
#756=LINE('',#9290,#1225);
#757=LINE('',#9292,#1226);
#758=LINE('',#9294,#1227);
#759=LINE('',#9296,#1228);
#760=LINE('',#9299,#1229);
#761=LINE('',#9301,#1230);
#762=LINE('',#9303,#1231);
#763=LINE('',#9308,#1232);
#764=LINE('',#9312,#1233);
#765=LINE('',#9314,#1234);
#766=LINE('',#9317,#1235);
#767=LINE('',#9319,#1236);
#768=LINE('',#9321,#1237);
#769=LINE('',#9323,#1238);
#770=LINE('',#9326,#1239);
#771=LINE('',#9328,#1240);
#772=LINE('',#9330,#1241);
#773=LINE('',#9332,#1242);
#774=LINE('',#9335,#1243);
#775=LINE('',#9337,#1244);
#776=LINE('',#9339,#1245);
#777=LINE('',#9341,#1246);
#778=LINE('',#9344,#1247);
#779=LINE('',#9346,#1248);
#780=LINE('',#9348,#1249);
#781=LINE('',#9352,#1250);
#782=LINE('',#9354,#1251);
#783=LINE('',#9356,#1252);
#784=LINE('',#9398,#1253);
#785=LINE('',#9401,#1254);
#786=LINE('',#9403,#1255);
#787=LINE('',#9405,#1256);
#788=LINE('',#9407,#1257);
#789=LINE('',#9409,#1258);
#790=LINE('',#9411,#1259);
#791=LINE('',#9413,#1260);
#792=LINE('',#9415,#1261);
#793=LINE('',#9417,#1262);
#794=LINE('',#9429,#1263);
#795=LINE('',#9430,#1264);
#796=LINE('',#9451,#1265);
#797=LINE('',#9454,#1266);
#798=LINE('',#9456,#1267);
#799=LINE('',#9458,#1268);
#800=LINE('',#9462,#1269);
#801=LINE('',#9468,#1270);
#802=LINE('',#9474,#1271);
#803=LINE('',#9478,#1272);
#804=LINE('',#9480,#1273);
#805=LINE('',#9482,#1274);
#806=LINE('',#9486,#1275);
#807=LINE('',#9492,#1276);
#808=LINE('',#9505,#1277);
#809=LINE('',#9508,#1278);
#810=LINE('',#9510,#1279);
#811=LINE('',#9512,#1280);
#812=LINE('',#9514,#1281);
#813=LINE('',#9516,#1282);
#814=LINE('',#9518,#1283);
#815=LINE('',#9520,#1284);
#816=LINE('',#9522,#1285);
#817=LINE('',#9524,#1286);
#818=LINE('',#9526,#1287);
#819=LINE('',#9528,#1288);
#820=LINE('',#9530,#1289);
#821=LINE('',#9532,#1290);
#822=LINE('',#9534,#1291);
#823=LINE('',#9536,#1292);
#824=LINE('',#9538,#1293);
#825=LINE('',#9540,#1294);
#826=LINE('',#9545,#1295);
#827=LINE('',#9548,#1296);
#828=LINE('',#9550,#1297);
#829=LINE('',#9552,#1298);
#830=LINE('',#9554,#1299);
#831=LINE('',#9557,#1300);
#832=LINE('',#9558,#1301);
#833=LINE('',#9560,#1302);
#834=LINE('',#9563,#1303);
#835=LINE('',#9564,#1304);
#836=LINE('',#9566,#1305);
#837=LINE('',#9569,#1306);
#838=LINE('',#9570,#1307);
#839=LINE('',#9572,#1308);
#840=LINE('',#9575,#1309);
#841=LINE('',#9576,#1310);
#842=LINE('',#9578,#1311);
#843=LINE('',#9579,#1312);
#844=LINE('',#9584,#1313);
#845=LINE('',#9588,#1314);
#846=LINE('',#9590,#1315);
#847=LINE('',#9592,#1316);
#848=LINE('',#9599,#1317);
#849=LINE('',#9603,#1318);
#850=LINE('',#9607,#1319);
#851=LINE('',#9609,#1320);
#852=LINE('',#9611,#1321);
#853=LINE('',#9620,#1322);
#854=LINE('',#9624,#1323);
#855=LINE('',#9626,#1324);
#856=LINE('',#9628,#1325);
#857=LINE('',#9632,#1326);
#858=LINE('',#9636,#1327);
#859=LINE('',#9637,#1328);
#860=LINE('',#9666,#1329);
#861=LINE('',#9669,#1330);
#862=LINE('',#9671,#1331);
#863=LINE('',#9673,#1332);
#864=LINE('',#9674,#1333);
#865=LINE('',#9677,#1334);
#866=LINE('',#9679,#1335);
#867=LINE('',#9681,#1336);
#868=LINE('',#9682,#1337);
#869=LINE('',#9685,#1338);
#870=LINE('',#9687,#1339);
#871=LINE('',#9689,#1340);
#872=LINE('',#9693,#1341);
#873=LINE('',#9701,#1342);
#874=LINE('',#9709,#1343);
#875=LINE('',#9713,#1344);
#876=LINE('',#9717,#1345);
#877=LINE('',#9721,#1346);
#878=LINE('',#9729,#1347);
#879=LINE('',#9733,#1348);
#880=LINE('',#9737,#1349);
#881=LINE('',#9741,#1350);
#882=LINE('',#9749,#1351);
#883=LINE('',#9750,#1352);
#884=LINE('',#9752,#1353);
#885=LINE('',#9754,#1354);
#886=LINE('',#9756,#1355);
#887=LINE('',#9759,#1356);
#888=LINE('',#9771,#1357);
#889=LINE('',#9773,#1358);
#890=LINE('',#9775,#1359);
#891=LINE('',#9777,#1360);
#892=LINE('',#9779,#1361);
#893=LINE('',#9781,#1362);
#894=LINE('',#9783,#1363);
#895=LINE('',#9785,#1364);
#896=LINE('',#9788,#1365);
#897=LINE('',#9790,#1366);
#898=LINE('',#9792,#1367);
#899=LINE('',#9794,#1368);
#900=LINE('',#9796,#1369);
#901=LINE('',#9798,#1370);
#902=LINE('',#9800,#1371);
#903=LINE('',#9802,#1372);
#904=LINE('',#9827,#1373);
#905=LINE('',#9831,#1374);
#906=LINE('',#9833,#1375);
#907=LINE('',#9835,#1376);
#908=LINE('',#9837,#1377);
#909=LINE('',#9839,#1378);
#910=LINE('',#9841,#1379);
#911=LINE('',#9843,#1380);
#912=LINE('',#9845,#1381);
#913=LINE('',#9847,#1382);
#914=LINE('',#9849,#1383);
#915=LINE('',#9851,#1384);
#916=LINE('',#9853,#1385);
#917=LINE('',#9855,#1386);
#918=LINE('',#9869,#1387);
#919=LINE('',#9881,#1388);
#920=LINE('',#9885,#1389);
#921=LINE('',#9891,#1390);
#922=LINE('',#9893,#1391);
#923=LINE('',#9895,#1392);
#924=LINE('',#9898,#1393);
#925=LINE('',#9900,#1394);
#926=LINE('',#9902,#1395);
#927=LINE('',#9903,#1396);
#928=LINE('',#9906,#1397);
#929=LINE('',#9908,#1398);
#930=LINE('',#9910,#1399);
#931=LINE('',#9912,#1400);
#932=LINE('',#9915,#1401);
#933=LINE('',#9917,#1402);
#934=LINE('',#9919,#1403);
#935=LINE('',#9921,#1404);
#936=LINE('',#9922,#1405);
#937=LINE('',#9924,#1406);
#938=LINE('',#9926,#1407);
#939=LINE('',#9929,#1408);
#940=LINE('',#9931,#1409);
#941=LINE('',#9933,#1410);
#942=LINE('',#9935,#1411);
#943=LINE('',#9937,#1412);
#944=LINE('',#9939,#1413);
#945=LINE('',#9941,#1414);
#946=LINE('',#9943,#1415);
#947=LINE('',#9980,#1416);
#948=LINE('',#9983,#1417);
#949=LINE('',#9985,#1418);
#950=LINE('',#9987,#1419);
#951=LINE('',#9989,#1420);
#952=LINE('',#9991,#1421);
#953=LINE('',#9992,#1422);
#954=LINE('',#9995,#1423);
#955=LINE('',#9997,#1424);
#956=LINE('',#9999,#1425);
#957=LINE('',#10000,#1426);
#958=LINE('',#10003,#1427);
#959=LINE('',#10005,#1428);
#960=LINE('',#10007,#1429);
#961=LINE('',#10009,#1430);
#962=LINE('',#10011,#1431);
#963=LINE('',#10012,#1432);
#964=LINE('',#10015,#1433);
#965=LINE('',#10017,#1434);
#966=LINE('',#10019,#1435);
#967=LINE('',#10021,#1436);
#968=LINE('',#10023,#1437);
#969=LINE('',#10025,#1438);
#970=LINE('',#10028,#1439);
#971=LINE('',#10030,#1440);
#972=LINE('',#10032,#1441);
#973=LINE('',#10034,#1442);
#974=LINE('',#10035,#1443);
#975=LINE('',#10037,#1444);
#976=LINE('',#10039,#1445);
#977=LINE('',#10041,#1446);
#978=LINE('',#10043,#1447);
#979=LINE('',#10046,#1448);
#980=LINE('',#10048,#1449);
#981=LINE('',#10050,#1450);
#982=LINE('',#10051,#1451);
#983=LINE('',#10053,#1452);
#984=LINE('',#10055,#1453);
#985=LINE('',#10056,#1454);
#986=LINE('',#10060,#1455);
#987=LINE('',#10061,#1456);
#988=LINE('',#10067,#1457);
#989=LINE('',#10069,#1458);
#990=LINE('',#10072,#1459);
#991=LINE('',#10074,#1460);
#992=LINE('',#10076,#1461);
#993=LINE('',#10078,#1462);
#994=LINE('',#10080,#1463);
#995=LINE('',#10081,#1464);
#996=LINE('',#10084,#1465);
#997=LINE('',#10086,#1466);
#998=LINE('',#10088,#1467);
#999=LINE('',#10090,#1468);
#1000=LINE('',#10092,#1469);
#1001=LINE('',#10093,#1470);
#1002=LINE('',#10096,#1471);
#1003=LINE('',#10098,#1472);
#1004=LINE('',#10100,#1473);
#1005=LINE('',#10102,#1474);
#1006=LINE('',#10104,#1475);
#1007=LINE('',#10107,#1476);
#1008=LINE('',#10109,#1477);
#1009=LINE('',#10111,#1478);
#1010=LINE('',#10113,#1479);
#1011=LINE('',#10115,#1480);
#1012=LINE('',#10117,#1481);
#1013=LINE('',#10119,#1482);
#1014=LINE('',#10121,#1483);
#1015=LINE('',#10123,#1484);
#1016=LINE('',#10125,#1485);
#1017=LINE('',#10127,#1486);
#1018=LINE('',#10129,#1487);
#1019=LINE('',#10132,#1488);
#1020=LINE('',#10134,#1489);
#1021=LINE('',#10136,#1490);
#1022=LINE('',#10138,#1491);
#1023=LINE('',#10140,#1492);
#1024=LINE('',#10142,#1493);
#1025=LINE('',#10144,#1494);
#1026=LINE('',#10146,#1495);
#1027=LINE('',#10148,#1496);
#1028=LINE('',#10150,#1497);
#1029=LINE('',#10152,#1498);
#1030=LINE('',#10154,#1499);
#1031=LINE('',#10157,#1500);
#1032=LINE('',#10159,#1501);
#1033=LINE('',#10161,#1502);
#1034=LINE('',#10163,#1503);
#1035=LINE('',#10165,#1504);
#1036=LINE('',#10167,#1505);
#1037=LINE('',#10169,#1506);
#1038=LINE('',#10171,#1507);
#1039=LINE('',#10173,#1508);
#1040=LINE('',#10175,#1509);
#1041=LINE('',#10177,#1510);
#1042=LINE('',#10179,#1511);
#1043=LINE('',#10182,#1512);
#1044=LINE('',#10184,#1513);
#1045=LINE('',#10186,#1514);
#1046=LINE('',#10188,#1515);
#1047=LINE('',#10190,#1516);
#1048=LINE('',#10192,#1517);
#1049=LINE('',#10194,#1518);
#1050=LINE('',#10196,#1519);
#1051=LINE('',#10198,#1520);
#1052=LINE('',#10200,#1521);
#1053=LINE('',#10202,#1522);
#1054=LINE('',#10204,#1523);
#1055=LINE('',#10207,#1524);
#1056=LINE('',#10209,#1525);
#1057=LINE('',#10211,#1526);
#1058=LINE('',#10213,#1527);
#1059=LINE('',#10215,#1528);
#1060=LINE('',#10217,#1529);
#1061=LINE('',#10219,#1530);
#1062=LINE('',#10221,#1531);
#1063=LINE('',#10223,#1532);
#1064=LINE('',#10225,#1533);
#1065=LINE('',#10227,#1534);
#1066=LINE('',#10229,#1535);
#1067=LINE('',#10232,#1536);
#1068=LINE('',#10234,#1537);
#1069=LINE('',#10236,#1538);
#1070=LINE('',#10238,#1539);
#1071=LINE('',#10240,#1540);
#1072=LINE('',#10242,#1541);
#1073=LINE('',#10244,#1542);
#1074=LINE('',#10246,#1543);
#1075=LINE('',#10248,#1544);
#1076=LINE('',#10250,#1545);
#1077=LINE('',#10252,#1546);
#1078=LINE('',#10254,#1547);
#1079=LINE('',#10265,#1548);
#1080=LINE('',#10270,#1549);
#1081=LINE('',#10280,#1550);
#1082=LINE('',#10285,#1551);
#1083=LINE('',#10295,#1552);
#1084=LINE('',#10296,#1553);
#1085=LINE('',#10298,#1554);
#1086=LINE('',#10300,#1555);
#1087=VECTOR('',#6891,1.);
#1088=VECTOR('',#6892,1.);
#1089=VECTOR('',#6895,1.);
#1090=VECTOR('',#6898,1.);
#1091=VECTOR('',#6901,1.);
#1092=VECTOR('',#6904,1.);
#1093=VECTOR('',#6981,1.);
#1094=VECTOR('',#6982,1.);
#1095=VECTOR('',#6987,1.);
#1096=VECTOR('',#6988,1.);
#1097=VECTOR('',#6993,1.);
#1098=VECTOR('',#6994,1.);
#1099=VECTOR('',#6999,1.);
#1100=VECTOR('',#7000,1.);
#1101=VECTOR('',#7005,1.);
#1102=VECTOR('',#7006,1.);
#1103=VECTOR('',#7011,1.);
#1104=VECTOR('',#7012,1.);
#1105=VECTOR('',#7013,1.);
#1106=VECTOR('',#7014,1.);
#1107=VECTOR('',#7015,1.);
#1108=VECTOR('',#7016,1.);
#1109=VECTOR('',#7043,1.);
#1110=VECTOR('',#7044,1.);
#1111=VECTOR('',#7047,1.);
#1112=VECTOR('',#7050,1.);
#1113=VECTOR('',#7053,1.);
#1114=VECTOR('',#7056,1.);
#1115=VECTOR('',#7057,1.);
#1116=VECTOR('',#7060,1.);
#1117=VECTOR('',#7075,1.);
#1118=VECTOR('',#7076,1.);
#1119=VECTOR('',#7077,1.);
#1120=VECTOR('',#7078,1.);
#1121=VECTOR('',#7085,1.);
#1122=VECTOR('',#7086,1.);
#1123=VECTOR('',#7087,1.);
#1124=VECTOR('',#7090,1.);
#1125=VECTOR('',#7091,1.);
#1126=VECTOR('',#7092,1.);
#1127=VECTOR('',#7097,1.);
#1128=VECTOR('',#7098,1.);
#1129=VECTOR('',#7099,1.);
#1130=VECTOR('',#7102,1.);
#1131=VECTOR('',#7103,1.);
#1132=VECTOR('',#7104,1.);
#1133=VECTOR('',#7105,1.);
#1134=VECTOR('',#7108,1.);
#1135=VECTOR('',#7109,1.);
#1136=VECTOR('',#7110,1.);
#1137=VECTOR('',#7111,1.);
#1138=VECTOR('',#7114,1.);
#1139=VECTOR('',#7115,1.);
#1140=VECTOR('',#7116,1.);
#1141=VECTOR('',#7117,1.);
#1142=VECTOR('',#7120,1.);
#1143=VECTOR('',#7121,1.);
#1144=VECTOR('',#7122,1.);
#1145=VECTOR('',#7123,1.);
#1146=VECTOR('',#7128,1.);
#1147=VECTOR('',#7131,1.);
#1148=VECTOR('',#7134,1.);
#1149=VECTOR('',#7135,1.);
#1150=VECTOR('',#7136,1.);
#1151=VECTOR('',#7137,1.);
#1152=VECTOR('',#7140,1.);
#1153=VECTOR('',#7141,1.);
#1154=VECTOR('',#7142,1.);
#1155=VECTOR('',#7143,1.);
#1156=VECTOR('',#7146,1.);
#1157=VECTOR('',#7147,1.);
#1158=VECTOR('',#7148,1.);
#1159=VECTOR('',#7149,1.);
#1160=VECTOR('',#7152,1.);
#1161=VECTOR('',#7153,1.);
#1162=VECTOR('',#7154,1.);
#1163=VECTOR('',#7155,1.);
#1164=VECTOR('',#7160,1.);
#1165=VECTOR('',#7161,1.);
#1166=VECTOR('',#7162,1.);
#1167=VECTOR('',#7237,1.);
#1168=VECTOR('',#7238,1.);
#1169=VECTOR('',#7243,1.);
#1170=VECTOR('',#7244,1.);
#1171=VECTOR('',#7249,1.);
#1172=VECTOR('',#7250,1.);
#1173=VECTOR('',#7255,1.);
#1174=VECTOR('',#7256,1.);
#1175=VECTOR('',#7261,1.);
#1176=VECTOR('',#7262,1.);
#1177=VECTOR('',#7267,1.);
#1178=VECTOR('',#7268,1.);
#1179=VECTOR('',#7269,1.);
#1180=VECTOR('',#7270,1.);
#1181=VECTOR('',#7271,1.);
#1182=VECTOR('',#7272,1.);
#1183=VECTOR('',#7299,1.);
#1184=VECTOR('',#7300,1.);
#1185=VECTOR('',#7303,1.);
#1186=VECTOR('',#7306,1.);
#1187=VECTOR('',#7309,1.);
#1188=VECTOR('',#7312,1.);
#1189=VECTOR('',#7313,1.);
#1190=VECTOR('',#7316,1.);
#1191=VECTOR('',#7415,1.);
#1192=VECTOR('',#7416,1.);
#1193=VECTOR('',#7417,1.);
#1194=VECTOR('',#7418,1.);
#1195=VECTOR('',#7421,1.);
#1196=VECTOR('',#7422,1.);
#1197=VECTOR('',#7423,1.);
#1198=VECTOR('',#7426,1.);
#1199=VECTOR('',#7427,1.);
#1200=VECTOR('',#7428,1.);
#1201=VECTOR('',#7431,1.);
#1202=VECTOR('',#7432,1.);
#1203=VECTOR('',#7471,1.);
#1204=VECTOR('',#7472,1.);
#1205=VECTOR('',#7473,1.);
#1206=VECTOR('',#7474,1.);
#1207=VECTOR('',#7481,1.);
#1208=VECTOR('',#7482,1.);
#1209=VECTOR('',#7483,1.);
#1210=VECTOR('',#7486,1.);
#1211=VECTOR('',#7487,1.);
#1212=VECTOR('',#7488,1.);
#1213=VECTOR('',#7493,1.);
#1214=VECTOR('',#7494,1.);
#1215=VECTOR('',#7495,1.);
#1216=VECTOR('',#7498,1.);
#1217=VECTOR('',#7499,1.);
#1218=VECTOR('',#7500,1.);
#1219=VECTOR('',#7501,1.);
#1220=VECTOR('',#7504,1.);
#1221=VECTOR('',#7505,1.);
#1222=VECTOR('',#7506,1.);
#1223=VECTOR('',#7507,1.);
#1224=VECTOR('',#7510,1.);
#1225=VECTOR('',#7511,1.);
#1226=VECTOR('',#7512,1.);
#1227=VECTOR('',#7513,1.);
#1228=VECTOR('',#7516,1.);
#1229=VECTOR('',#7517,1.);
#1230=VECTOR('',#7518,1.);
#1231=VECTOR('',#7519,1.);
#1232=VECTOR('',#7524,1.);
#1233=VECTOR('',#7527,1.);
#1234=VECTOR('',#7530,1.);
#1235=VECTOR('',#7531,1.);
#1236=VECTOR('',#7532,1.);
#1237=VECTOR('',#7533,1.);
#1238=VECTOR('',#7536,1.);
#1239=VECTOR('',#7537,1.);
#1240=VECTOR('',#7538,1.);
#1241=VECTOR('',#7539,1.);
#1242=VECTOR('',#7542,1.);
#1243=VECTOR('',#7543,1.);
#1244=VECTOR('',#7544,1.);
#1245=VECTOR('',#7545,1.);
#1246=VECTOR('',#7548,1.);
#1247=VECTOR('',#7549,1.);
#1248=VECTOR('',#7550,1.);
#1249=VECTOR('',#7551,1.);
#1250=VECTOR('',#7556,1.);
#1251=VECTOR('',#7557,1.);
#1252=VECTOR('',#7558,1.);
#1253=VECTOR('',#7641,1.);
#1254=VECTOR('',#7642,1.);
#1255=VECTOR('',#7643,1.);
#1256=VECTOR('',#7644,1.);
#1257=VECTOR('',#7647,1.);
#1258=VECTOR('',#7648,1.);
#1259=VECTOR('',#7649,1.);
#1260=VECTOR('',#7652,1.);
#1261=VECTOR('',#7653,1.);
#1262=VECTOR('',#7654,1.);
#1263=VECTOR('',#7669,1.);
#1264=VECTOR('',#7670,1.);
#1265=VECTOR('',#7699,1.);
#1266=VECTOR('',#7700,1.);
#1267=VECTOR('',#7701,1.);
#1268=VECTOR('',#7702,1.);
#1269=VECTOR('',#7707,1.);
#1270=VECTOR('',#7714,1.);
#1271=VECTOR('',#7721,1.);
#1272=VECTOR('',#7726,1.);
#1273=VECTOR('',#7727,1.);
#1274=VECTOR('',#7728,1.);
#1275=VECTOR('',#7733,1.);
#1276=VECTOR('',#7740,1.);
#1277=VECTOR('',#7759,1.);
#1278=VECTOR('',#7760,1.);
#1279=VECTOR('',#7761,1.);
#1280=VECTOR('',#7762,1.);
#1281=VECTOR('',#7763,1.);
#1282=VECTOR('',#7764,1.);
#1283=VECTOR('',#7767,1.);
#1284=VECTOR('',#7768,1.);
#1285=VECTOR('',#7769,1.);
#1286=VECTOR('',#7772,1.);
#1287=VECTOR('',#7773,1.);
#1288=VECTOR('',#7776,1.);
#1289=VECTOR('',#7777,1.);
#1290=VECTOR('',#7780,1.);
#1291=VECTOR('',#7781,1.);
#1292=VECTOR('',#7784,1.);
#1293=VECTOR('',#7785,1.);
#1294=VECTOR('',#7788,1.);
#1295=VECTOR('',#7797,1.);
#1296=VECTOR('',#7798,1.);
#1297=VECTOR('',#7799,1.);
#1298=VECTOR('',#7800,1.);
#1299=VECTOR('',#7803,1.);
#1300=VECTOR('',#7804,1.);
#1301=VECTOR('',#7805,1.);
#1302=VECTOR('',#7808,1.);
#1303=VECTOR('',#7809,1.);
#1304=VECTOR('',#7810,1.);
#1305=VECTOR('',#7813,1.);
#1306=VECTOR('',#7814,1.);
#1307=VECTOR('',#7815,1.);
#1308=VECTOR('',#7818,1.);
#1309=VECTOR('',#7819,1.);
#1310=VECTOR('',#7820,1.);
#1311=VECTOR('',#7823,1.);
#1312=VECTOR('',#7824,1.);
#1313=VECTOR('',#7829,1.);
#1314=VECTOR('',#7832,1.);
#1315=VECTOR('',#7835,1.);
#1316=VECTOR('',#7836,1.);
#1317=VECTOR('',#7837,1.);
#1318=VECTOR('',#7842,1.);
#1319=VECTOR('',#7847,1.);
#1320=VECTOR('',#7848,1.);
#1321=VECTOR('',#7849,1.);
#1322=VECTOR('',#7854,1.);
#1323=VECTOR('',#7859,1.);
#1324=VECTOR('',#7860,1.);
#1325=VECTOR('',#7861,1.);
#1326=VECTOR('',#7866,1.);
#1327=VECTOR('',#7871,1.);
#1328=VECTOR('',#7872,1.);
#1329=VECTOR('',#7917,1.);
#1330=VECTOR('',#7918,1.);
#1331=VECTOR('',#7919,1.);
#1332=VECTOR('',#7920,1.);
#1333=VECTOR('',#7921,1.);
#1334=VECTOR('',#7922,1.);
#1335=VECTOR('',#7923,1.);
#1336=VECTOR('',#7924,1.);
#1337=VECTOR('',#7925,1.);
#1338=VECTOR('',#7926,1.);
#1339=VECTOR('',#7927,1.);
#1340=VECTOR('',#7928,1.);
#1341=VECTOR('',#7933,1.);
#1342=VECTOR('',#7942,1.);
#1343=VECTOR('',#7951,1.);
#1344=VECTOR('',#7954,1.);
#1345=VECTOR('',#7957,1.);
#1346=VECTOR('',#7960,1.);
#1347=VECTOR('',#7969,1.);
#1348=VECTOR('',#7972,1.);
#1349=VECTOR('',#7975,1.);
#1350=VECTOR('',#7978,1.);
#1351=VECTOR('',#7989,1.);
#1352=VECTOR('',#7990,1.);
#1353=VECTOR('',#7993,1.);
#1354=VECTOR('',#7996,1.);
#1355=VECTOR('',#7999,1.);
#1356=VECTOR('',#8004,1.);
#1357=VECTOR('',#8023,1.);
#1358=VECTOR('',#8024,1.);
#1359=VECTOR('',#8025,1.);
#1360=VECTOR('',#8028,1.);
#1361=VECTOR('',#8029,1.);
#1362=VECTOR('',#8032,1.);
#1363=VECTOR('',#8033,1.);
#1364=VECTOR('',#8036,1.);
#1365=VECTOR('',#8041,1.);
#1366=VECTOR('',#8042,1.);
#1367=VECTOR('',#8043,1.);
#1368=VECTOR('',#8046,1.);
#1369=VECTOR('',#8047,1.);
#1370=VECTOR('',#8050,1.);
#1371=VECTOR('',#8051,1.);
#1372=VECTOR('',#8054,1.);
#1373=VECTOR('',#8085,1.);
#1374=VECTOR('',#8088,1.);
#1375=VECTOR('',#8091,1.);
#1376=VECTOR('',#8092,1.);
#1377=VECTOR('',#8093,1.);
#1378=VECTOR('',#8096,1.);
#1379=VECTOR('',#8097,1.);
#1380=VECTOR('',#8098,1.);
#1381=VECTOR('',#8101,1.);
#1382=VECTOR('',#8102,1.);
#1383=VECTOR('',#8103,1.);
#1384=VECTOR('',#8106,1.);
#1385=VECTOR('',#8107,1.);
#1386=VECTOR('',#8108,1.);
#1387=VECTOR('',#8109,1.);
#1388=VECTOR('',#8118,1.);
#1389=VECTOR('',#8123,1.);
#1390=VECTOR('',#8130,1.);
#1391=VECTOR('',#8133,1.);
#1392=VECTOR('',#8136,1.);
#1393=VECTOR('',#8137,1.);
#1394=VECTOR('',#8138,1.);
#1395=VECTOR('',#8139,1.);
#1396=VECTOR('',#8140,1.);
#1397=VECTOR('',#8141,1.);
#1398=VECTOR('',#8142,1.);
#1399=VECTOR('',#8143,1.);
#1400=VECTOR('',#8146,1.);
#1401=VECTOR('',#8147,1.);
#1402=VECTOR('',#8148,1.);
#1403=VECTOR('',#8149,1.);
#1404=VECTOR('',#8152,1.);
#1405=VECTOR('',#8153,1.);
#1406=VECTOR('',#8156,1.);
#1407=VECTOR('',#8159,1.);
#1408=VECTOR('',#8164,1.);
#1409=VECTOR('',#8165,1.);
#1410=VECTOR('',#8166,1.);
#1411=VECTOR('',#8169,1.);
#1412=VECTOR('',#8170,1.);
#1413=VECTOR('',#8173,1.);
#1414=VECTOR('',#8174,1.);
#1415=VECTOR('',#8177,1.);
#1416=VECTOR('',#8226,1.);
#1417=VECTOR('',#8227,1.);
#1418=VECTOR('',#8228,1.);
#1419=VECTOR('',#8229,1.);
#1420=VECTOR('',#8230,1.);
#1421=VECTOR('',#8231,1.);
#1422=VECTOR('',#8232,1.);
#1423=VECTOR('',#8233,1.);
#1424=VECTOR('',#8234,1.);
#1425=VECTOR('',#8235,1.);
#1426=VECTOR('',#8236,1.);
#1427=VECTOR('',#8237,1.);
#1428=VECTOR('',#8238,1.);
#1429=VECTOR('',#8239,1.);
#1430=VECTOR('',#8240,1.);
#1431=VECTOR('',#8241,1.);
#1432=VECTOR('',#8242,1.);
#1433=VECTOR('',#8243,1.);
#1434=VECTOR('',#8244,1.);
#1435=VECTOR('',#8245,1.);
#1436=VECTOR('',#8246,1.);
#1437=VECTOR('',#8247,1.);
#1438=VECTOR('',#8250,1.);
#1439=VECTOR('',#8251,1.);
#1440=VECTOR('',#8252,1.);
#1441=VECTOR('',#8253,1.);
#1442=VECTOR('',#8254,1.);
#1443=VECTOR('',#8255,1.);
#1444=VECTOR('',#8256,1.);
#1445=VECTOR('',#8259,1.);
#1446=VECTOR('',#8260,1.);
#1447=VECTOR('',#8263,1.);
#1448=VECTOR('',#8264,1.);
#1449=VECTOR('',#8265,1.);
#1450=VECTOR('',#8266,1.);
#1451=VECTOR('',#8267,1.);
#1452=VECTOR('',#8268,1.);
#1453=VECTOR('',#8271,1.);
#1454=VECTOR('',#8272,1.);
#1455=VECTOR('',#8277,1.);
#1456=VECTOR('',#8278,1.);
#1457=VECTOR('',#8287,1.);
#1458=VECTOR('',#8290,1.);
#1459=VECTOR('',#8291,1.);
#1460=VECTOR('',#8292,1.);
#1461=VECTOR('',#8293,1.);
#1462=VECTOR('',#8294,1.);
#1463=VECTOR('',#8295,1.);
#1464=VECTOR('',#8296,1.);
#1465=VECTOR('',#8297,1.);
#1466=VECTOR('',#8298,1.);
#1467=VECTOR('',#8299,1.);
#1468=VECTOR('',#8300,1.);
#1469=VECTOR('',#8301,1.);
#1470=VECTOR('',#8302,1.);
#1471=VECTOR('',#8303,1.);
#1472=VECTOR('',#8304,1.);
#1473=VECTOR('',#8305,1.);
#1474=VECTOR('',#8306,1.);
#1475=VECTOR('',#8307,1.);
#1476=VECTOR('',#8312,1.);
#1477=VECTOR('',#8313,1.);
#1478=VECTOR('',#8314,1.);
#1479=VECTOR('',#8317,1.);
#1480=VECTOR('',#8318,1.);
#1481=VECTOR('',#8321,1.);
#1482=VECTOR('',#8322,1.);
#1483=VECTOR('',#8325,1.);
#1484=VECTOR('',#8326,1.);
#1485=VECTOR('',#8329,1.);
#1486=VECTOR('',#8330,1.);
#1487=VECTOR('',#8333,1.);
#1488=VECTOR('',#8338,1.);
#1489=VECTOR('',#8339,1.);
#1490=VECTOR('',#8340,1.);
#1491=VECTOR('',#8343,1.);
#1492=VECTOR('',#8344,1.);
#1493=VECTOR('',#8347,1.);
#1494=VECTOR('',#8348,1.);
#1495=VECTOR('',#8351,1.);
#1496=VECTOR('',#8352,1.);
#1497=VECTOR('',#8355,1.);
#1498=VECTOR('',#8356,1.);
#1499=VECTOR('',#8359,1.);
#1500=VECTOR('',#8364,1.);
#1501=VECTOR('',#8365,1.);
#1502=VECTOR('',#8366,1.);
#1503=VECTOR('',#8369,1.);
#1504=VECTOR('',#8370,1.);
#1505=VECTOR('',#8373,1.);
#1506=VECTOR('',#8374,1.);
#1507=VECTOR('',#8377,1.);
#1508=VECTOR('',#8378,1.);
#1509=VECTOR('',#8381,1.);
#1510=VECTOR('',#8382,1.);
#1511=VECTOR('',#8385,1.);
#1512=VECTOR('',#8390,1.);
#1513=VECTOR('',#8391,1.);
#1514=VECTOR('',#8392,1.);
#1515=VECTOR('',#8395,1.);
#1516=VECTOR('',#8396,1.);
#1517=VECTOR('',#8399,1.);
#1518=VECTOR('',#8400,1.);
#1519=VECTOR('',#8403,1.);
#1520=VECTOR('',#8404,1.);
#1521=VECTOR('',#8407,1.);
#1522=VECTOR('',#8408,1.);
#1523=VECTOR('',#8411,1.);
#1524=VECTOR('',#8416,1.);
#1525=VECTOR('',#8417,1.);
#1526=VECTOR('',#8418,1.);
#1527=VECTOR('',#8421,1.);
#1528=VECTOR('',#8422,1.);
#1529=VECTOR('',#8425,1.);
#1530=VECTOR('',#8426,1.);
#1531=VECTOR('',#8429,1.);
#1532=VECTOR('',#8430,1.);
#1533=VECTOR('',#8433,1.);
#1534=VECTOR('',#8434,1.);
#1535=VECTOR('',#8437,1.);
#1536=VECTOR('',#8442,1.);
#1537=VECTOR('',#8443,1.);
#1538=VECTOR('',#8444,1.);
#1539=VECTOR('',#8447,1.);
#1540=VECTOR('',#8448,1.);
#1541=VECTOR('',#8451,1.);
#1542=VECTOR('',#8452,1.);
#1543=VECTOR('',#8455,1.);
#1544=VECTOR('',#8456,1.);
#1545=VECTOR('',#8459,1.);
#1546=VECTOR('',#8460,1.);
#1547=VECTOR('',#8463,1.);
#1548=VECTOR('',#8484,1.);
#1549=VECTOR('',#8487,1.);
#1550=VECTOR('',#8490,1.);
#1551=VECTOR('',#8493,1.);
#1552=VECTOR('',#8496,1.);
#1553=VECTOR('',#8497,1.);
#1554=VECTOR('',#8500,1.);
#1555=VECTOR('',#8503,1.);
#1556=ORIENTED_EDGE('',*,*,#3034,.F.);
#1557=ORIENTED_EDGE('',*,*,#3035,.F.);
#1558=ORIENTED_EDGE('',*,*,#3036,.T.);
#1559=ORIENTED_EDGE('',*,*,#3037,.T.);
#1560=ORIENTED_EDGE('',*,*,#3038,.T.);
#1561=ORIENTED_EDGE('',*,*,#3039,.F.);
#1562=ORIENTED_EDGE('',*,*,#3040,.F.);
#1563=ORIENTED_EDGE('',*,*,#3041,.F.);
#1564=ORIENTED_EDGE('',*,*,#3042,.T.);
#1565=ORIENTED_EDGE('',*,*,#3043,.T.);
#1566=ORIENTED_EDGE('',*,*,#3035,.T.);
#1567=ORIENTED_EDGE('',*,*,#3044,.F.);
#1568=ORIENTED_EDGE('',*,*,#3045,.F.);
#1569=ORIENTED_EDGE('',*,*,#3046,.F.);
#1570=ORIENTED_EDGE('',*,*,#3047,.T.);
#1571=ORIENTED_EDGE('',*,*,#3048,.T.);
#1572=ORIENTED_EDGE('',*,*,#3041,.T.);
#1573=ORIENTED_EDGE('',*,*,#3049,.F.);
#1574=ORIENTED_EDGE('',*,*,#3050,.F.);
#1575=ORIENTED_EDGE('',*,*,#3051,.F.);
#1576=ORIENTED_EDGE('',*,*,#3052,.T.);
#1577=ORIENTED_EDGE('',*,*,#3053,.T.);
#1578=ORIENTED_EDGE('',*,*,#3046,.T.);
#1579=ORIENTED_EDGE('',*,*,#3054,.F.);
#1580=ORIENTED_EDGE('',*,*,#3055,.F.);
#1581=ORIENTED_EDGE('',*,*,#3056,.F.);
#1582=ORIENTED_EDGE('',*,*,#3057,.T.);
#1583=ORIENTED_EDGE('',*,*,#3058,.T.);
#1584=ORIENTED_EDGE('',*,*,#3051,.T.);
#1585=ORIENTED_EDGE('',*,*,#3059,.F.);
#1586=ORIENTED_EDGE('',*,*,#3060,.F.);
#1587=ORIENTED_EDGE('',*,*,#3038,.F.);
#1588=ORIENTED_EDGE('',*,*,#3061,.T.);
#1589=ORIENTED_EDGE('',*,*,#3062,.T.);
#1590=ORIENTED_EDGE('',*,*,#3056,.T.);
#1591=ORIENTED_EDGE('',*,*,#3063,.F.);
#1592=ORIENTED_EDGE('',*,*,#3064,.T.);
#1593=ORIENTED_EDGE('',*,*,#3065,.T.);
#1594=ORIENTED_EDGE('',*,*,#3066,.T.);
#1595=ORIENTED_EDGE('',*,*,#3067,.T.);
#1596=ORIENTED_EDGE('',*,*,#3068,.T.);
#1597=ORIENTED_EDGE('',*,*,#3069,.T.);
#1598=ORIENTED_EDGE('',*,*,#3070,.T.);
#1599=ORIENTED_EDGE('',*,*,#3071,.T.);
#1600=ORIENTED_EDGE('',*,*,#3072,.T.);
#1601=ORIENTED_EDGE('',*,*,#3073,.F.);
#1602=ORIENTED_EDGE('',*,*,#3074,.F.);
#1603=ORIENTED_EDGE('',*,*,#3075,.F.);
#1604=ORIENTED_EDGE('',*,*,#3076,.F.);
#1605=ORIENTED_EDGE('',*,*,#3077,.F.);
#1606=ORIENTED_EDGE('',*,*,#3078,.F.);
#1607=ORIENTED_EDGE('',*,*,#3079,.T.);
#1608=ORIENTED_EDGE('',*,*,#3071,.F.);
#1609=ORIENTED_EDGE('',*,*,#3079,.F.);
#1610=ORIENTED_EDGE('',*,*,#3064,.F.);
#1611=ORIENTED_EDGE('',*,*,#3072,.F.);
#1612=ORIENTED_EDGE('',*,*,#3062,.F.);
#1613=ORIENTED_EDGE('',*,*,#3065,.F.);
#1614=ORIENTED_EDGE('',*,*,#3057,.F.);
#1615=ORIENTED_EDGE('',*,*,#3066,.F.);
#1616=ORIENTED_EDGE('',*,*,#3061,.F.);
#1617=ORIENTED_EDGE('',*,*,#3037,.F.);
#1618=ORIENTED_EDGE('',*,*,#3058,.F.);
#1619=ORIENTED_EDGE('',*,*,#3070,.F.);
#1620=ORIENTED_EDGE('',*,*,#3052,.F.);
#1621=ORIENTED_EDGE('',*,*,#3053,.F.);
#1622=ORIENTED_EDGE('',*,*,#3069,.F.);
#1623=ORIENTED_EDGE('',*,*,#3047,.F.);
#1624=ORIENTED_EDGE('',*,*,#3068,.F.);
#1625=ORIENTED_EDGE('',*,*,#3042,.F.);
#1626=ORIENTED_EDGE('',*,*,#3048,.F.);
#1627=ORIENTED_EDGE('',*,*,#3067,.F.);
#1628=ORIENTED_EDGE('',*,*,#3036,.F.);
#1629=ORIENTED_EDGE('',*,*,#3043,.F.);
#1630=ORIENTED_EDGE('',*,*,#3055,.T.);
#1631=ORIENTED_EDGE('',*,*,#3074,.T.);
#1632=ORIENTED_EDGE('',*,*,#3063,.T.);
#1633=ORIENTED_EDGE('',*,*,#3039,.T.);
#1634=ORIENTED_EDGE('',*,*,#3060,.T.);
#1635=ORIENTED_EDGE('',*,*,#3073,.T.);
#1636=ORIENTED_EDGE('',*,*,#3050,.T.);
#1637=ORIENTED_EDGE('',*,*,#3075,.T.);
#1638=ORIENTED_EDGE('',*,*,#3059,.T.);
#1639=ORIENTED_EDGE('',*,*,#3045,.T.);
#1640=ORIENTED_EDGE('',*,*,#3076,.T.);
#1641=ORIENTED_EDGE('',*,*,#3054,.T.);
#1642=ORIENTED_EDGE('',*,*,#3049,.T.);
#1643=ORIENTED_EDGE('',*,*,#3040,.T.);
#1644=ORIENTED_EDGE('',*,*,#3077,.T.);
#1645=ORIENTED_EDGE('',*,*,#3044,.T.);
#1646=ORIENTED_EDGE('',*,*,#3034,.T.);
#1647=ORIENTED_EDGE('',*,*,#3078,.T.);
#1648=ORIENTED_EDGE('',*,*,#3080,.F.);
#1649=ORIENTED_EDGE('',*,*,#3081,.F.);
#1650=ORIENTED_EDGE('',*,*,#3082,.F.);
#1651=ORIENTED_EDGE('',*,*,#3083,.F.);
#1652=ORIENTED_EDGE('',*,*,#3084,.F.);
#1653=ORIENTED_EDGE('',*,*,#3085,.F.);
#1654=ORIENTED_EDGE('',*,*,#3086,.F.);
#1655=ORIENTED_EDGE('',*,*,#3087,.F.);
#1656=ORIENTED_EDGE('',*,*,#3088,.F.);
#1657=ORIENTED_EDGE('',*,*,#3089,.F.);
#1658=ORIENTED_EDGE('',*,*,#3090,.F.);
#1659=ORIENTED_EDGE('',*,*,#3091,.F.);
#1660=ORIENTED_EDGE('',*,*,#3092,.F.);
#1661=ORIENTED_EDGE('',*,*,#3093,.F.);
#1662=ORIENTED_EDGE('',*,*,#3094,.F.);
#1663=ORIENTED_EDGE('',*,*,#3095,.F.);
#1664=ORIENTED_EDGE('',*,*,#3096,.T.);
#1665=ORIENTED_EDGE('',*,*,#3097,.T.);
#1666=ORIENTED_EDGE('',*,*,#3098,.T.);
#1667=ORIENTED_EDGE('',*,*,#3099,.T.);
#1668=ORIENTED_EDGE('',*,*,#3100,.T.);
#1669=ORIENTED_EDGE('',*,*,#3101,.T.);
#1670=ORIENTED_EDGE('',*,*,#3102,.T.);
#1671=ORIENTED_EDGE('',*,*,#3103,.F.);
#1672=ORIENTED_EDGE('',*,*,#3103,.T.);
#1673=ORIENTED_EDGE('',*,*,#3104,.F.);
#1674=ORIENTED_EDGE('',*,*,#3104,.T.);
#1675=ORIENTED_EDGE('',*,*,#3105,.F.);
#1676=ORIENTED_EDGE('',*,*,#3106,.T.);
#1677=ORIENTED_EDGE('',*,*,#3105,.T.);
#1678=ORIENTED_EDGE('',*,*,#3107,.T.);
#1679=ORIENTED_EDGE('',*,*,#3102,.F.);
#1680=ORIENTED_EDGE('',*,*,#3095,.T.);
#1681=ORIENTED_EDGE('',*,*,#3097,.F.);
#1682=ORIENTED_EDGE('',*,*,#3108,.F.);
#1683=ORIENTED_EDGE('',*,*,#3084,.T.);
#1684=ORIENTED_EDGE('',*,*,#3082,.T.);
#1685=ORIENTED_EDGE('',*,*,#3109,.T.);
#1686=ORIENTED_EDGE('',*,*,#3096,.F.);
#1687=ORIENTED_EDGE('',*,*,#3110,.F.);
#1688=ORIENTED_EDGE('',*,*,#3087,.T.);
#1689=ORIENTED_EDGE('',*,*,#3085,.T.);
#1690=ORIENTED_EDGE('',*,*,#3108,.T.);
#1691=ORIENTED_EDGE('',*,*,#3101,.F.);
#1692=ORIENTED_EDGE('',*,*,#3111,.F.);
#1693=ORIENTED_EDGE('',*,*,#3090,.T.);
#1694=ORIENTED_EDGE('',*,*,#3088,.T.);
#1695=ORIENTED_EDGE('',*,*,#3110,.T.);
#1696=ORIENTED_EDGE('',*,*,#3100,.F.);
#1697=ORIENTED_EDGE('',*,*,#3112,.F.);
#1698=ORIENTED_EDGE('',*,*,#3093,.T.);
#1699=ORIENTED_EDGE('',*,*,#3091,.T.);
#1700=ORIENTED_EDGE('',*,*,#3111,.T.);
#1701=ORIENTED_EDGE('',*,*,#3099,.F.);
#1702=ORIENTED_EDGE('',*,*,#3113,.F.);
#1703=ORIENTED_EDGE('',*,*,#3114,.T.);
#1704=ORIENTED_EDGE('',*,*,#3094,.T.);
#1705=ORIENTED_EDGE('',*,*,#3112,.T.);
#1706=ORIENTED_EDGE('',*,*,#3098,.F.);
#1707=ORIENTED_EDGE('',*,*,#3109,.F.);
#1708=ORIENTED_EDGE('',*,*,#3081,.T.);
#1709=ORIENTED_EDGE('',*,*,#3115,.T.);
#1710=ORIENTED_EDGE('',*,*,#3113,.T.);
#1711=ORIENTED_EDGE('',*,*,#3116,.F.);
#1712=ORIENTED_EDGE('',*,*,#3114,.F.);
#1713=ORIENTED_EDGE('',*,*,#3115,.F.);
#1714=ORIENTED_EDGE('',*,*,#3080,.T.);
#1715=ORIENTED_EDGE('',*,*,#3083,.T.);
#1716=ORIENTED_EDGE('',*,*,#3086,.T.);
#1717=ORIENTED_EDGE('',*,*,#3089,.T.);
#1718=ORIENTED_EDGE('',*,*,#3092,.T.);
#1719=ORIENTED_EDGE('',*,*,#3116,.T.);
#1720=ORIENTED_EDGE('',*,*,#3106,.F.);
#1721=ORIENTED_EDGE('',*,*,#3107,.F.);
#1722=ORIENTED_EDGE('',*,*,#3117,.T.);
#1723=ORIENTED_EDGE('',*,*,#3118,.F.);
#1724=ORIENTED_EDGE('',*,*,#3119,.F.);
#1725=ORIENTED_EDGE('',*,*,#3120,.T.);
#1726=ORIENTED_EDGE('',*,*,#3121,.F.);
#1727=ORIENTED_EDGE('',*,*,#3122,.F.);
#1728=ORIENTED_EDGE('',*,*,#3123,.T.);
#1729=ORIENTED_EDGE('',*,*,#3124,.F.);
#1730=ORIENTED_EDGE('',*,*,#3125,.F.);
#1731=ORIENTED_EDGE('',*,*,#3118,.T.);
#1732=ORIENTED_EDGE('',*,*,#3126,.F.);
#1733=ORIENTED_EDGE('',*,*,#3127,.F.);
#1734=ORIENTED_EDGE('',*,*,#3128,.T.);
#1735=ORIENTED_EDGE('',*,*,#3124,.T.);
#1736=ORIENTED_EDGE('',*,*,#3129,.F.);
#1737=ORIENTED_EDGE('',*,*,#3130,.F.);
#1738=ORIENTED_EDGE('',*,*,#3131,.T.);
#1739=ORIENTED_EDGE('',*,*,#3132,.T.);
#1740=ORIENTED_EDGE('',*,*,#3127,.T.);
#1741=ORIENTED_EDGE('',*,*,#3133,.T.);
#1742=ORIENTED_EDGE('',*,*,#3134,.T.);
#1743=ORIENTED_EDGE('',*,*,#3135,.F.);
#1744=ORIENTED_EDGE('',*,*,#3136,.T.);
#1745=ORIENTED_EDGE('',*,*,#3137,.T.);
#1746=ORIENTED_EDGE('',*,*,#3138,.T.);
#1747=ORIENTED_EDGE('',*,*,#3139,.F.);
#1748=ORIENTED_EDGE('',*,*,#3140,.T.);
#1749=ORIENTED_EDGE('',*,*,#3141,.F.);
#1750=ORIENTED_EDGE('',*,*,#3142,.T.);
#1751=ORIENTED_EDGE('',*,*,#3143,.T.);
#1752=ORIENTED_EDGE('',*,*,#3144,.T.);
#1753=ORIENTED_EDGE('',*,*,#3145,.T.);
#1754=ORIENTED_EDGE('',*,*,#3146,.T.);
#1755=ORIENTED_EDGE('',*,*,#3147,.F.);
#1756=ORIENTED_EDGE('',*,*,#3148,.T.);
#1757=ORIENTED_EDGE('',*,*,#3149,.T.);
#1758=ORIENTED_EDGE('',*,*,#3150,.T.);
#1759=ORIENTED_EDGE('',*,*,#3151,.F.);
#1760=ORIENTED_EDGE('',*,*,#3152,.T.);
#1761=ORIENTED_EDGE('',*,*,#3153,.F.);
#1762=ORIENTED_EDGE('',*,*,#3154,.T.);
#1763=ORIENTED_EDGE('',*,*,#3155,.T.);
#1764=ORIENTED_EDGE('',*,*,#3156,.T.);
#1765=ORIENTED_EDGE('',*,*,#3157,.F.);
#1766=ORIENTED_EDGE('',*,*,#3158,.T.);
#1767=ORIENTED_EDGE('',*,*,#3159,.T.);
#1768=ORIENTED_EDGE('',*,*,#3160,.T.);
#1769=ORIENTED_EDGE('',*,*,#3161,.F.);
#1770=ORIENTED_EDGE('',*,*,#3162,.T.);
#1771=ORIENTED_EDGE('',*,*,#3163,.T.);
#1772=ORIENTED_EDGE('',*,*,#3164,.T.);
#1773=ORIENTED_EDGE('',*,*,#3165,.F.);
#1774=ORIENTED_EDGE('',*,*,#3166,.T.);
#1775=ORIENTED_EDGE('',*,*,#3167,.T.);
#1776=ORIENTED_EDGE('',*,*,#3168,.T.);
#1777=ORIENTED_EDGE('',*,*,#3169,.F.);
#1778=ORIENTED_EDGE('',*,*,#3170,.F.);
#1779=ORIENTED_EDGE('',*,*,#3171,.T.);
#1780=ORIENTED_EDGE('',*,*,#3172,.T.);
#1781=ORIENTED_EDGE('',*,*,#3120,.F.);
#1782=ORIENTED_EDGE('',*,*,#3143,.F.);
#1783=ORIENTED_EDGE('',*,*,#3173,.T.);
#1784=ORIENTED_EDGE('',*,*,#3145,.F.);
#1785=ORIENTED_EDGE('',*,*,#3174,.T.);
#1786=ORIENTED_EDGE('',*,*,#3149,.F.);
#1787=ORIENTED_EDGE('',*,*,#3175,.T.);
#1788=ORIENTED_EDGE('',*,*,#3153,.T.);
#1789=ORIENTED_EDGE('',*,*,#3176,.T.);
#1790=ORIENTED_EDGE('',*,*,#3157,.T.);
#1791=ORIENTED_EDGE('',*,*,#3177,.T.);
#1792=ORIENTED_EDGE('',*,*,#3161,.T.);
#1793=ORIENTED_EDGE('',*,*,#3178,.T.);
#1794=ORIENTED_EDGE('',*,*,#3165,.T.);
#1795=ORIENTED_EDGE('',*,*,#3179,.T.);
#1796=ORIENTED_EDGE('',*,*,#3170,.T.);
#1797=ORIENTED_EDGE('',*,*,#3119,.T.);
#1798=ORIENTED_EDGE('',*,*,#3125,.T.);
#1799=ORIENTED_EDGE('',*,*,#3128,.F.);
#1800=ORIENTED_EDGE('',*,*,#3132,.F.);
#1801=ORIENTED_EDGE('',*,*,#3180,.T.);
#1802=ORIENTED_EDGE('',*,*,#3133,.F.);
#1803=ORIENTED_EDGE('',*,*,#3181,.T.);
#1804=ORIENTED_EDGE('',*,*,#3137,.F.);
#1805=ORIENTED_EDGE('',*,*,#3182,.T.);
#1806=ORIENTED_EDGE('',*,*,#3147,.T.);
#1807=ORIENTED_EDGE('',*,*,#3183,.T.);
#1808=ORIENTED_EDGE('',*,*,#3141,.T.);
#1809=ORIENTED_EDGE('',*,*,#3184,.T.);
#1810=ORIENTED_EDGE('',*,*,#3139,.T.);
#1811=ORIENTED_EDGE('',*,*,#3185,.T.);
#1812=ORIENTED_EDGE('',*,*,#3135,.T.);
#1813=ORIENTED_EDGE('',*,*,#3186,.T.);
#1814=ORIENTED_EDGE('',*,*,#3130,.T.);
#1815=ORIENTED_EDGE('',*,*,#3126,.T.);
#1816=ORIENTED_EDGE('',*,*,#3123,.F.);
#1817=ORIENTED_EDGE('',*,*,#3117,.F.);
#1818=ORIENTED_EDGE('',*,*,#3172,.F.);
#1819=ORIENTED_EDGE('',*,*,#3187,.T.);
#1820=ORIENTED_EDGE('',*,*,#3167,.F.);
#1821=ORIENTED_EDGE('',*,*,#3188,.T.);
#1822=ORIENTED_EDGE('',*,*,#3163,.F.);
#1823=ORIENTED_EDGE('',*,*,#3189,.T.);
#1824=ORIENTED_EDGE('',*,*,#3159,.F.);
#1825=ORIENTED_EDGE('',*,*,#3190,.T.);
#1826=ORIENTED_EDGE('',*,*,#3155,.F.);
#1827=ORIENTED_EDGE('',*,*,#3191,.T.);
#1828=ORIENTED_EDGE('',*,*,#3151,.T.);
#1829=ORIENTED_EDGE('',*,*,#3192,.T.);
#1830=ORIENTED_EDGE('',*,*,#3122,.T.);
#1831=ORIENTED_EDGE('',*,*,#3169,.T.);
#1832=ORIENTED_EDGE('',*,*,#3121,.T.);
#1833=ORIENTED_EDGE('',*,*,#3129,.T.);
#1834=ORIENTED_EDGE('',*,*,#3173,.F.);
#1835=ORIENTED_EDGE('',*,*,#3142,.F.);
#1836=ORIENTED_EDGE('',*,*,#3183,.F.);
#1837=ORIENTED_EDGE('',*,*,#3146,.F.);
#1838=ORIENTED_EDGE('',*,*,#3174,.F.);
#1839=ORIENTED_EDGE('',*,*,#3148,.F.);
#1840=ORIENTED_EDGE('',*,*,#3192,.F.);
#1841=ORIENTED_EDGE('',*,*,#3150,.F.);
#1842=ORIENTED_EDGE('',*,*,#3175,.F.);
#1843=ORIENTED_EDGE('',*,*,#3152,.F.);
#1844=ORIENTED_EDGE('',*,*,#3191,.F.);
#1845=ORIENTED_EDGE('',*,*,#3154,.F.);
#1846=ORIENTED_EDGE('',*,*,#3176,.F.);
#1847=ORIENTED_EDGE('',*,*,#3156,.F.);
#1848=ORIENTED_EDGE('',*,*,#3190,.F.);
#1849=ORIENTED_EDGE('',*,*,#3158,.F.);
#1850=ORIENTED_EDGE('',*,*,#3177,.F.);
#1851=ORIENTED_EDGE('',*,*,#3160,.F.);
#1852=ORIENTED_EDGE('',*,*,#3189,.F.);
#1853=ORIENTED_EDGE('',*,*,#3162,.F.);
#1854=ORIENTED_EDGE('',*,*,#3178,.F.);
#1855=ORIENTED_EDGE('',*,*,#3164,.F.);
#1856=ORIENTED_EDGE('',*,*,#3188,.F.);
#1857=ORIENTED_EDGE('',*,*,#3166,.F.);
#1858=ORIENTED_EDGE('',*,*,#3179,.F.);
#1859=ORIENTED_EDGE('',*,*,#3168,.F.);
#1860=ORIENTED_EDGE('',*,*,#3187,.F.);
#1861=ORIENTED_EDGE('',*,*,#3171,.F.);
#1862=ORIENTED_EDGE('',*,*,#3180,.F.);
#1863=ORIENTED_EDGE('',*,*,#3131,.F.);
#1864=ORIENTED_EDGE('',*,*,#3186,.F.);
#1865=ORIENTED_EDGE('',*,*,#3134,.F.);
#1866=ORIENTED_EDGE('',*,*,#3181,.F.);
#1867=ORIENTED_EDGE('',*,*,#3136,.F.);
#1868=ORIENTED_EDGE('',*,*,#3185,.F.);
#1869=ORIENTED_EDGE('',*,*,#3138,.F.);
#1870=ORIENTED_EDGE('',*,*,#3182,.F.);
#1871=ORIENTED_EDGE('',*,*,#3140,.F.);
#1872=ORIENTED_EDGE('',*,*,#3184,.F.);
#1873=ORIENTED_EDGE('',*,*,#3144,.F.);
#1874=ORIENTED_EDGE('',*,*,#3193,.F.);
#1875=ORIENTED_EDGE('',*,*,#3194,.F.);
#1876=ORIENTED_EDGE('',*,*,#3195,.F.);
#1877=ORIENTED_EDGE('',*,*,#3196,.F.);
#1878=ORIENTED_EDGE('',*,*,#3197,.F.);
#1879=ORIENTED_EDGE('',*,*,#3198,.F.);
#1880=ORIENTED_EDGE('',*,*,#3199,.F.);
#1881=ORIENTED_EDGE('',*,*,#3200,.F.);
#1882=ORIENTED_EDGE('',*,*,#3201,.F.);
#1883=ORIENTED_EDGE('',*,*,#3202,.F.);
#1884=ORIENTED_EDGE('',*,*,#3203,.F.);
#1885=ORIENTED_EDGE('',*,*,#3204,.F.);
#1886=ORIENTED_EDGE('',*,*,#3205,.F.);
#1887=ORIENTED_EDGE('',*,*,#3206,.F.);
#1888=ORIENTED_EDGE('',*,*,#3207,.F.);
#1889=ORIENTED_EDGE('',*,*,#3208,.F.);
#1890=ORIENTED_EDGE('',*,*,#3209,.T.);
#1891=ORIENTED_EDGE('',*,*,#3210,.T.);
#1892=ORIENTED_EDGE('',*,*,#3211,.T.);
#1893=ORIENTED_EDGE('',*,*,#3212,.T.);
#1894=ORIENTED_EDGE('',*,*,#3213,.T.);
#1895=ORIENTED_EDGE('',*,*,#3214,.T.);
#1896=ORIENTED_EDGE('',*,*,#3215,.T.);
#1897=ORIENTED_EDGE('',*,*,#3216,.F.);
#1898=ORIENTED_EDGE('',*,*,#3216,.T.);
#1899=ORIENTED_EDGE('',*,*,#3217,.F.);
#1900=ORIENTED_EDGE('',*,*,#3217,.T.);
#1901=ORIENTED_EDGE('',*,*,#3218,.F.);
#1902=ORIENTED_EDGE('',*,*,#3219,.T.);
#1903=ORIENTED_EDGE('',*,*,#3218,.T.);
#1904=ORIENTED_EDGE('',*,*,#3220,.T.);
#1905=ORIENTED_EDGE('',*,*,#3215,.F.);
#1906=ORIENTED_EDGE('',*,*,#3208,.T.);
#1907=ORIENTED_EDGE('',*,*,#3210,.F.);
#1908=ORIENTED_EDGE('',*,*,#3221,.F.);
#1909=ORIENTED_EDGE('',*,*,#3197,.T.);
#1910=ORIENTED_EDGE('',*,*,#3195,.T.);
#1911=ORIENTED_EDGE('',*,*,#3222,.T.);
#1912=ORIENTED_EDGE('',*,*,#3209,.F.);
#1913=ORIENTED_EDGE('',*,*,#3223,.F.);
#1914=ORIENTED_EDGE('',*,*,#3200,.T.);
#1915=ORIENTED_EDGE('',*,*,#3198,.T.);
#1916=ORIENTED_EDGE('',*,*,#3221,.T.);
#1917=ORIENTED_EDGE('',*,*,#3214,.F.);
#1918=ORIENTED_EDGE('',*,*,#3224,.F.);
#1919=ORIENTED_EDGE('',*,*,#3203,.T.);
#1920=ORIENTED_EDGE('',*,*,#3201,.T.);
#1921=ORIENTED_EDGE('',*,*,#3223,.T.);
#1922=ORIENTED_EDGE('',*,*,#3213,.F.);
#1923=ORIENTED_EDGE('',*,*,#3225,.F.);
#1924=ORIENTED_EDGE('',*,*,#3206,.T.);
#1925=ORIENTED_EDGE('',*,*,#3204,.T.);
#1926=ORIENTED_EDGE('',*,*,#3224,.T.);
#1927=ORIENTED_EDGE('',*,*,#3212,.F.);
#1928=ORIENTED_EDGE('',*,*,#3226,.F.);
#1929=ORIENTED_EDGE('',*,*,#3227,.T.);
#1930=ORIENTED_EDGE('',*,*,#3207,.T.);
#1931=ORIENTED_EDGE('',*,*,#3225,.T.);
#1932=ORIENTED_EDGE('',*,*,#3211,.F.);
#1933=ORIENTED_EDGE('',*,*,#3222,.F.);
#1934=ORIENTED_EDGE('',*,*,#3194,.T.);
#1935=ORIENTED_EDGE('',*,*,#3228,.T.);
#1936=ORIENTED_EDGE('',*,*,#3226,.T.);
#1937=ORIENTED_EDGE('',*,*,#3229,.F.);
#1938=ORIENTED_EDGE('',*,*,#3227,.F.);
#1939=ORIENTED_EDGE('',*,*,#3228,.F.);
#1940=ORIENTED_EDGE('',*,*,#3193,.T.);
#1941=ORIENTED_EDGE('',*,*,#3196,.T.);
#1942=ORIENTED_EDGE('',*,*,#3199,.T.);
#1943=ORIENTED_EDGE('',*,*,#3202,.T.);
#1944=ORIENTED_EDGE('',*,*,#3205,.T.);
#1945=ORIENTED_EDGE('',*,*,#3229,.T.);
#1946=ORIENTED_EDGE('',*,*,#3219,.F.);
#1947=ORIENTED_EDGE('',*,*,#3220,.F.);
#1948=ORIENTED_EDGE('',*,*,#3230,.F.);
#1949=ORIENTED_EDGE('',*,*,#3231,.T.);
#1950=ORIENTED_EDGE('',*,*,#3230,.T.);
#1951=ORIENTED_EDGE('',*,*,#3232,.F.);
#1952=ORIENTED_EDGE('',*,*,#3232,.T.);
#1953=ORIENTED_EDGE('',*,*,#3233,.F.);
#1954=ORIENTED_EDGE('',*,*,#3233,.T.);
#1955=ORIENTED_EDGE('',*,*,#3234,.F.);
#1956=ORIENTED_EDGE('',*,*,#3234,.T.);
#1957=ORIENTED_EDGE('',*,*,#3235,.F.);
#1958=ORIENTED_EDGE('',*,*,#3235,.T.);
#1959=ORIENTED_EDGE('',*,*,#3236,.F.);
#1960=ORIENTED_EDGE('',*,*,#3236,.T.);
#1961=ORIENTED_EDGE('',*,*,#3237,.F.);
#1962=ORIENTED_EDGE('',*,*,#3237,.T.);
#1963=ORIENTED_EDGE('',*,*,#3238,.F.);
#1964=ORIENTED_EDGE('',*,*,#3238,.T.);
#1965=ORIENTED_EDGE('',*,*,#3239,.F.);
#1966=ORIENTED_EDGE('',*,*,#3239,.T.);
#1967=ORIENTED_EDGE('',*,*,#3240,.F.);
#1968=ORIENTED_EDGE('',*,*,#3240,.T.);
#1969=ORIENTED_EDGE('',*,*,#3241,.F.);
#1970=ORIENTED_EDGE('',*,*,#3241,.T.);
#1971=ORIENTED_EDGE('',*,*,#3242,.F.);
#1972=ORIENTED_EDGE('',*,*,#3243,.F.);
#1973=ORIENTED_EDGE('',*,*,#3242,.T.);
#1974=ORIENTED_EDGE('',*,*,#3244,.F.);
#1975=ORIENTED_EDGE('',*,*,#3243,.T.);
#1976=ORIENTED_EDGE('',*,*,#3245,.F.);
#1977=ORIENTED_EDGE('',*,*,#3244,.T.);
#1978=ORIENTED_EDGE('',*,*,#3246,.F.);
#1979=ORIENTED_EDGE('',*,*,#3245,.T.);
#1980=ORIENTED_EDGE('',*,*,#3247,.F.);
#1981=ORIENTED_EDGE('',*,*,#3246,.T.);
#1982=ORIENTED_EDGE('',*,*,#3248,.F.);
#1983=ORIENTED_EDGE('',*,*,#3247,.T.);
#1984=ORIENTED_EDGE('',*,*,#3249,.F.);
#1985=ORIENTED_EDGE('',*,*,#3248,.T.);
#1986=ORIENTED_EDGE('',*,*,#3231,.F.);
#1987=ORIENTED_EDGE('',*,*,#3249,.T.);
#1988=ORIENTED_EDGE('',*,*,#3250,.F.);
#1989=ORIENTED_EDGE('',*,*,#3251,.F.);
#1990=ORIENTED_EDGE('',*,*,#3252,.T.);
#1991=ORIENTED_EDGE('',*,*,#3253,.T.);
#1992=ORIENTED_EDGE('',*,*,#3254,.T.);
#1993=ORIENTED_EDGE('',*,*,#3255,.F.);
#1994=ORIENTED_EDGE('',*,*,#3256,.F.);
#1995=ORIENTED_EDGE('',*,*,#3251,.T.);
#1996=ORIENTED_EDGE('',*,*,#3257,.T.);
#1997=ORIENTED_EDGE('',*,*,#3258,.F.);
#1998=ORIENTED_EDGE('',*,*,#3259,.F.);
#1999=ORIENTED_EDGE('',*,*,#3255,.T.);
#2000=ORIENTED_EDGE('',*,*,#3260,.F.);
#2001=ORIENTED_EDGE('',*,*,#3253,.F.);
#2002=ORIENTED_EDGE('',*,*,#3261,.T.);
#2003=ORIENTED_EDGE('',*,*,#3258,.T.);
#2004=ORIENTED_EDGE('',*,*,#3262,.F.);
#2005=ORIENTED_EDGE('',*,*,#3263,.F.);
#2006=ORIENTED_EDGE('',*,*,#3264,.F.);
#2007=ORIENTED_EDGE('',*,*,#3265,.F.);
#2008=ORIENTED_EDGE('',*,*,#3266,.F.);
#2009=ORIENTED_EDGE('',*,*,#3252,.F.);
#2010=ORIENTED_EDGE('',*,*,#3256,.T.);
#2011=ORIENTED_EDGE('',*,*,#3259,.T.);
#2012=ORIENTED_EDGE('',*,*,#3261,.F.);
#2013=ORIENTED_EDGE('',*,*,#3267,.F.);
#2014=ORIENTED_EDGE('',*,*,#3268,.F.);
#2015=ORIENTED_EDGE('',*,*,#3269,.F.);
#2016=ORIENTED_EDGE('',*,*,#3270,.F.);
#2017=ORIENTED_EDGE('',*,*,#3271,.F.);
#2018=ORIENTED_EDGE('',*,*,#3250,.T.);
#2019=ORIENTED_EDGE('',*,*,#3260,.T.);
#2020=ORIENTED_EDGE('',*,*,#3257,.F.);
#2021=ORIENTED_EDGE('',*,*,#3254,.F.);
#2022=ORIENTED_EDGE('',*,*,#3271,.T.);
#2023=ORIENTED_EDGE('',*,*,#3266,.T.);
#2024=ORIENTED_EDGE('',*,*,#3270,.T.);
#2025=ORIENTED_EDGE('',*,*,#3265,.T.);
#2026=ORIENTED_EDGE('',*,*,#3269,.T.);
#2027=ORIENTED_EDGE('',*,*,#3264,.T.);
#2028=ORIENTED_EDGE('',*,*,#3268,.T.);
#2029=ORIENTED_EDGE('',*,*,#3263,.T.);
#2030=ORIENTED_EDGE('',*,*,#3267,.T.);
#2031=ORIENTED_EDGE('',*,*,#3262,.T.);
#2032=ORIENTED_EDGE('',*,*,#3272,.T.);
#2033=ORIENTED_EDGE('',*,*,#3273,.F.);
#2034=ORIENTED_EDGE('',*,*,#3274,.F.);
#2035=ORIENTED_EDGE('',*,*,#3275,.T.);
#2036=ORIENTED_EDGE('',*,*,#3276,.F.);
#2037=ORIENTED_EDGE('',*,*,#3277,.F.);
#2038=ORIENTED_EDGE('',*,*,#3278,.T.);
#2039=ORIENTED_EDGE('',*,*,#3279,.F.);
#2040=ORIENTED_EDGE('',*,*,#3280,.F.);
#2041=ORIENTED_EDGE('',*,*,#3273,.T.);
#2042=ORIENTED_EDGE('',*,*,#3281,.F.);
#2043=ORIENTED_EDGE('',*,*,#3282,.F.);
#2044=ORIENTED_EDGE('',*,*,#3283,.T.);
#2045=ORIENTED_EDGE('',*,*,#3279,.T.);
#2046=ORIENTED_EDGE('',*,*,#3284,.F.);
#2047=ORIENTED_EDGE('',*,*,#3285,.F.);
#2048=ORIENTED_EDGE('',*,*,#3286,.T.);
#2049=ORIENTED_EDGE('',*,*,#3287,.T.);
#2050=ORIENTED_EDGE('',*,*,#3282,.T.);
#2051=ORIENTED_EDGE('',*,*,#3288,.T.);
#2052=ORIENTED_EDGE('',*,*,#3289,.T.);
#2053=ORIENTED_EDGE('',*,*,#3290,.F.);
#2054=ORIENTED_EDGE('',*,*,#3291,.T.);
#2055=ORIENTED_EDGE('',*,*,#3292,.T.);
#2056=ORIENTED_EDGE('',*,*,#3293,.T.);
#2057=ORIENTED_EDGE('',*,*,#3294,.F.);
#2058=ORIENTED_EDGE('',*,*,#3295,.T.);
#2059=ORIENTED_EDGE('',*,*,#3296,.F.);
#2060=ORIENTED_EDGE('',*,*,#3297,.T.);
#2061=ORIENTED_EDGE('',*,*,#3298,.T.);
#2062=ORIENTED_EDGE('',*,*,#3299,.T.);
#2063=ORIENTED_EDGE('',*,*,#3300,.T.);
#2064=ORIENTED_EDGE('',*,*,#3301,.T.);
#2065=ORIENTED_EDGE('',*,*,#3302,.F.);
#2066=ORIENTED_EDGE('',*,*,#3303,.T.);
#2067=ORIENTED_EDGE('',*,*,#3304,.T.);
#2068=ORIENTED_EDGE('',*,*,#3305,.T.);
#2069=ORIENTED_EDGE('',*,*,#3306,.F.);
#2070=ORIENTED_EDGE('',*,*,#3307,.T.);
#2071=ORIENTED_EDGE('',*,*,#3308,.F.);
#2072=ORIENTED_EDGE('',*,*,#3309,.T.);
#2073=ORIENTED_EDGE('',*,*,#3310,.T.);
#2074=ORIENTED_EDGE('',*,*,#3311,.T.);
#2075=ORIENTED_EDGE('',*,*,#3312,.F.);
#2076=ORIENTED_EDGE('',*,*,#3313,.T.);
#2077=ORIENTED_EDGE('',*,*,#3314,.T.);
#2078=ORIENTED_EDGE('',*,*,#3315,.T.);
#2079=ORIENTED_EDGE('',*,*,#3316,.F.);
#2080=ORIENTED_EDGE('',*,*,#3317,.T.);
#2081=ORIENTED_EDGE('',*,*,#3318,.T.);
#2082=ORIENTED_EDGE('',*,*,#3319,.T.);
#2083=ORIENTED_EDGE('',*,*,#3320,.F.);
#2084=ORIENTED_EDGE('',*,*,#3321,.T.);
#2085=ORIENTED_EDGE('',*,*,#3322,.T.);
#2086=ORIENTED_EDGE('',*,*,#3323,.T.);
#2087=ORIENTED_EDGE('',*,*,#3324,.F.);
#2088=ORIENTED_EDGE('',*,*,#3325,.F.);
#2089=ORIENTED_EDGE('',*,*,#3326,.T.);
#2090=ORIENTED_EDGE('',*,*,#3327,.T.);
#2091=ORIENTED_EDGE('',*,*,#3275,.F.);
#2092=ORIENTED_EDGE('',*,*,#3298,.F.);
#2093=ORIENTED_EDGE('',*,*,#3328,.T.);
#2094=ORIENTED_EDGE('',*,*,#3300,.F.);
#2095=ORIENTED_EDGE('',*,*,#3329,.T.);
#2096=ORIENTED_EDGE('',*,*,#3304,.F.);
#2097=ORIENTED_EDGE('',*,*,#3330,.T.);
#2098=ORIENTED_EDGE('',*,*,#3308,.T.);
#2099=ORIENTED_EDGE('',*,*,#3331,.T.);
#2100=ORIENTED_EDGE('',*,*,#3312,.T.);
#2101=ORIENTED_EDGE('',*,*,#3332,.T.);
#2102=ORIENTED_EDGE('',*,*,#3316,.T.);
#2103=ORIENTED_EDGE('',*,*,#3333,.T.);
#2104=ORIENTED_EDGE('',*,*,#3320,.T.);
#2105=ORIENTED_EDGE('',*,*,#3334,.T.);
#2106=ORIENTED_EDGE('',*,*,#3325,.T.);
#2107=ORIENTED_EDGE('',*,*,#3274,.T.);
#2108=ORIENTED_EDGE('',*,*,#3280,.T.);
#2109=ORIENTED_EDGE('',*,*,#3283,.F.);
#2110=ORIENTED_EDGE('',*,*,#3287,.F.);
#2111=ORIENTED_EDGE('',*,*,#3335,.T.);
#2112=ORIENTED_EDGE('',*,*,#3288,.F.);
#2113=ORIENTED_EDGE('',*,*,#3336,.T.);
#2114=ORIENTED_EDGE('',*,*,#3292,.F.);
#2115=ORIENTED_EDGE('',*,*,#3337,.T.);
#2116=ORIENTED_EDGE('',*,*,#3302,.T.);
#2117=ORIENTED_EDGE('',*,*,#3338,.T.);
#2118=ORIENTED_EDGE('',*,*,#3296,.T.);
#2119=ORIENTED_EDGE('',*,*,#3339,.T.);
#2120=ORIENTED_EDGE('',*,*,#3294,.T.);
#2121=ORIENTED_EDGE('',*,*,#3340,.T.);
#2122=ORIENTED_EDGE('',*,*,#3290,.T.);
#2123=ORIENTED_EDGE('',*,*,#3341,.T.);
#2124=ORIENTED_EDGE('',*,*,#3285,.T.);
#2125=ORIENTED_EDGE('',*,*,#3281,.T.);
#2126=ORIENTED_EDGE('',*,*,#3278,.F.);
#2127=ORIENTED_EDGE('',*,*,#3272,.F.);
#2128=ORIENTED_EDGE('',*,*,#3327,.F.);
#2129=ORIENTED_EDGE('',*,*,#3342,.T.);
#2130=ORIENTED_EDGE('',*,*,#3322,.F.);
#2131=ORIENTED_EDGE('',*,*,#3343,.T.);
#2132=ORIENTED_EDGE('',*,*,#3318,.F.);
#2133=ORIENTED_EDGE('',*,*,#3344,.T.);
#2134=ORIENTED_EDGE('',*,*,#3314,.F.);
#2135=ORIENTED_EDGE('',*,*,#3345,.T.);
#2136=ORIENTED_EDGE('',*,*,#3310,.F.);
#2137=ORIENTED_EDGE('',*,*,#3346,.T.);
#2138=ORIENTED_EDGE('',*,*,#3306,.T.);
#2139=ORIENTED_EDGE('',*,*,#3347,.T.);
#2140=ORIENTED_EDGE('',*,*,#3277,.T.);
#2141=ORIENTED_EDGE('',*,*,#3324,.T.);
#2142=ORIENTED_EDGE('',*,*,#3276,.T.);
#2143=ORIENTED_EDGE('',*,*,#3284,.T.);
#2144=ORIENTED_EDGE('',*,*,#3328,.F.);
#2145=ORIENTED_EDGE('',*,*,#3297,.F.);
#2146=ORIENTED_EDGE('',*,*,#3338,.F.);
#2147=ORIENTED_EDGE('',*,*,#3301,.F.);
#2148=ORIENTED_EDGE('',*,*,#3329,.F.);
#2149=ORIENTED_EDGE('',*,*,#3303,.F.);
#2150=ORIENTED_EDGE('',*,*,#3347,.F.);
#2151=ORIENTED_EDGE('',*,*,#3305,.F.);
#2152=ORIENTED_EDGE('',*,*,#3330,.F.);
#2153=ORIENTED_EDGE('',*,*,#3307,.F.);
#2154=ORIENTED_EDGE('',*,*,#3346,.F.);
#2155=ORIENTED_EDGE('',*,*,#3309,.F.);
#2156=ORIENTED_EDGE('',*,*,#3331,.F.);
#2157=ORIENTED_EDGE('',*,*,#3311,.F.);
#2158=ORIENTED_EDGE('',*,*,#3345,.F.);
#2159=ORIENTED_EDGE('',*,*,#3313,.F.);
#2160=ORIENTED_EDGE('',*,*,#3332,.F.);
#2161=ORIENTED_EDGE('',*,*,#3315,.F.);
#2162=ORIENTED_EDGE('',*,*,#3344,.F.);
#2163=ORIENTED_EDGE('',*,*,#3317,.F.);
#2164=ORIENTED_EDGE('',*,*,#3333,.F.);
#2165=ORIENTED_EDGE('',*,*,#3319,.F.);
#2166=ORIENTED_EDGE('',*,*,#3343,.F.);
#2167=ORIENTED_EDGE('',*,*,#3321,.F.);
#2168=ORIENTED_EDGE('',*,*,#3334,.F.);
#2169=ORIENTED_EDGE('',*,*,#3323,.F.);
#2170=ORIENTED_EDGE('',*,*,#3342,.F.);
#2171=ORIENTED_EDGE('',*,*,#3326,.F.);
#2172=ORIENTED_EDGE('',*,*,#3335,.F.);
#2173=ORIENTED_EDGE('',*,*,#3286,.F.);
#2174=ORIENTED_EDGE('',*,*,#3341,.F.);
#2175=ORIENTED_EDGE('',*,*,#3289,.F.);
#2176=ORIENTED_EDGE('',*,*,#3336,.F.);
#2177=ORIENTED_EDGE('',*,*,#3291,.F.);
#2178=ORIENTED_EDGE('',*,*,#3340,.F.);
#2179=ORIENTED_EDGE('',*,*,#3293,.F.);
#2180=ORIENTED_EDGE('',*,*,#3337,.F.);
#2181=ORIENTED_EDGE('',*,*,#3295,.F.);
#2182=ORIENTED_EDGE('',*,*,#3339,.F.);
#2183=ORIENTED_EDGE('',*,*,#3299,.F.);
#2184=ORIENTED_EDGE('',*,*,#3348,.F.);
#2185=ORIENTED_EDGE('',*,*,#3349,.F.);
#2186=ORIENTED_EDGE('',*,*,#3350,.T.);
#2187=ORIENTED_EDGE('',*,*,#3351,.T.);
#2188=ORIENTED_EDGE('',*,*,#3352,.T.);
#2189=ORIENTED_EDGE('',*,*,#3353,.F.);
#2190=ORIENTED_EDGE('',*,*,#3354,.F.);
#2191=ORIENTED_EDGE('',*,*,#3349,.T.);
#2192=ORIENTED_EDGE('',*,*,#3355,.T.);
#2193=ORIENTED_EDGE('',*,*,#3356,.F.);
#2194=ORIENTED_EDGE('',*,*,#3357,.F.);
#2195=ORIENTED_EDGE('',*,*,#3353,.T.);
#2196=ORIENTED_EDGE('',*,*,#3358,.T.);
#2197=ORIENTED_EDGE('',*,*,#3359,.F.);
#2198=ORIENTED_EDGE('',*,*,#3360,.T.);
#2199=ORIENTED_EDGE('',*,*,#3361,.F.);
#2200=ORIENTED_EDGE('',*,*,#3362,.F.);
#2201=ORIENTED_EDGE('',*,*,#3351,.F.);
#2202=ORIENTED_EDGE('',*,*,#3363,.T.);
#2203=ORIENTED_EDGE('',*,*,#3356,.T.);
#2204=ORIENTED_EDGE('',*,*,#3364,.T.);
#2205=ORIENTED_EDGE('',*,*,#3365,.F.);
#2206=ORIENTED_EDGE('',*,*,#3366,.T.);
#2207=ORIENTED_EDGE('',*,*,#3367,.F.);
#2208=ORIENTED_EDGE('',*,*,#3364,.F.);
#2209=ORIENTED_EDGE('',*,*,#3350,.F.);
#2210=ORIENTED_EDGE('',*,*,#3354,.T.);
#2211=ORIENTED_EDGE('',*,*,#3357,.T.);
#2212=ORIENTED_EDGE('',*,*,#3363,.F.);
#2213=ORIENTED_EDGE('',*,*,#3360,.F.);
#2214=ORIENTED_EDGE('',*,*,#3358,.F.);
#2215=ORIENTED_EDGE('',*,*,#3366,.F.);
#2216=ORIENTED_EDGE('',*,*,#3365,.T.);
#2217=ORIENTED_EDGE('',*,*,#3348,.T.);
#2218=ORIENTED_EDGE('',*,*,#3362,.T.);
#2219=ORIENTED_EDGE('',*,*,#3355,.F.);
#2220=ORIENTED_EDGE('',*,*,#3352,.F.);
#2221=ORIENTED_EDGE('',*,*,#3361,.T.);
#2222=ORIENTED_EDGE('',*,*,#3359,.T.);
#2223=ORIENTED_EDGE('',*,*,#3367,.T.);
#2224=ORIENTED_EDGE('',*,*,#3368,.T.);
#2225=ORIENTED_EDGE('',*,*,#3369,.F.);
#2226=ORIENTED_EDGE('',*,*,#3370,.F.);
#2227=ORIENTED_EDGE('',*,*,#3371,.F.);
#2228=ORIENTED_EDGE('',*,*,#3372,.T.);
#2229=ORIENTED_EDGE('',*,*,#3373,.T.);
#2230=ORIENTED_EDGE('',*,*,#3374,.T.);
#2231=ORIENTED_EDGE('',*,*,#3375,.F.);
#2232=ORIENTED_EDGE('',*,*,#3376,.F.);
#2233=ORIENTED_EDGE('',*,*,#3371,.T.);
#2234=ORIENTED_EDGE('',*,*,#3377,.F.);
#2235=ORIENTED_EDGE('',*,*,#3378,.F.);
#2236=ORIENTED_EDGE('',*,*,#3379,.T.);
#2237=ORIENTED_EDGE('',*,*,#3375,.T.);
#2238=ORIENTED_EDGE('',*,*,#3380,.F.);
#2239=ORIENTED_EDGE('',*,*,#3381,.F.);
#2240=ORIENTED_EDGE('',*,*,#3382,.T.);
#2241=ORIENTED_EDGE('',*,*,#3378,.T.);
#2242=ORIENTED_EDGE('',*,*,#3383,.T.);
#2243=ORIENTED_EDGE('',*,*,#3384,.F.);
#2244=ORIENTED_EDGE('',*,*,#3385,.F.);
#2245=ORIENTED_EDGE('',*,*,#3381,.T.);
#2246=ORIENTED_EDGE('',*,*,#3386,.T.);
#2247=ORIENTED_EDGE('',*,*,#3387,.F.);
#2248=ORIENTED_EDGE('',*,*,#3388,.F.);
#2249=ORIENTED_EDGE('',*,*,#3384,.T.);
#2250=ORIENTED_EDGE('',*,*,#3389,.F.);
#2251=ORIENTED_EDGE('',*,*,#3390,.F.);
#2252=ORIENTED_EDGE('',*,*,#3391,.T.);
#2253=ORIENTED_EDGE('',*,*,#3387,.T.);
#2254=ORIENTED_EDGE('',*,*,#3392,.T.);
#2255=ORIENTED_EDGE('',*,*,#3393,.F.);
#2256=ORIENTED_EDGE('',*,*,#3394,.F.);
#2257=ORIENTED_EDGE('',*,*,#3373,.F.);
#2258=ORIENTED_EDGE('',*,*,#3395,.T.);
#2259=ORIENTED_EDGE('',*,*,#3390,.T.);
#2260=ORIENTED_EDGE('',*,*,#3368,.F.);
#2261=ORIENTED_EDGE('',*,*,#3392,.F.);
#2262=ORIENTED_EDGE('',*,*,#3372,.F.);
#2263=ORIENTED_EDGE('',*,*,#3376,.T.);
#2264=ORIENTED_EDGE('',*,*,#3379,.F.);
#2265=ORIENTED_EDGE('',*,*,#3382,.F.);
#2266=ORIENTED_EDGE('',*,*,#3385,.T.);
#2267=ORIENTED_EDGE('',*,*,#3388,.T.);
#2268=ORIENTED_EDGE('',*,*,#3391,.F.);
#2269=ORIENTED_EDGE('',*,*,#3395,.F.);
#2270=ORIENTED_EDGE('',*,*,#3396,.F.);
#2271=ORIENTED_EDGE('',*,*,#3397,.F.);
#2272=ORIENTED_EDGE('',*,*,#3398,.F.);
#2273=ORIENTED_EDGE('',*,*,#3399,.F.);
#2274=ORIENTED_EDGE('',*,*,#3400,.F.);
#2275=ORIENTED_EDGE('',*,*,#3401,.F.);
#2276=ORIENTED_EDGE('',*,*,#3393,.T.);
#2277=ORIENTED_EDGE('',*,*,#3370,.T.);
#2278=ORIENTED_EDGE('',*,*,#3394,.T.);
#2279=ORIENTED_EDGE('',*,*,#3389,.T.);
#2280=ORIENTED_EDGE('',*,*,#3386,.F.);
#2281=ORIENTED_EDGE('',*,*,#3383,.F.);
#2282=ORIENTED_EDGE('',*,*,#3380,.T.);
#2283=ORIENTED_EDGE('',*,*,#3377,.T.);
#2284=ORIENTED_EDGE('',*,*,#3374,.F.);
#2285=ORIENTED_EDGE('',*,*,#3397,.T.);
#2286=ORIENTED_EDGE('',*,*,#3402,.F.);
#2287=ORIENTED_EDGE('',*,*,#3403,.F.);
#2288=ORIENTED_EDGE('',*,*,#3404,.T.);
#2289=ORIENTED_EDGE('',*,*,#3396,.T.);
#2290=ORIENTED_EDGE('',*,*,#3405,.F.);
#2291=ORIENTED_EDGE('',*,*,#3406,.F.);
#2292=ORIENTED_EDGE('',*,*,#3402,.T.);
#2293=ORIENTED_EDGE('',*,*,#3401,.T.);
#2294=ORIENTED_EDGE('',*,*,#3407,.F.);
#2295=ORIENTED_EDGE('',*,*,#3408,.F.);
#2296=ORIENTED_EDGE('',*,*,#3405,.T.);
#2297=ORIENTED_EDGE('',*,*,#3400,.T.);
#2298=ORIENTED_EDGE('',*,*,#3409,.F.);
#2299=ORIENTED_EDGE('',*,*,#3410,.F.);
#2300=ORIENTED_EDGE('',*,*,#3407,.T.);
#2301=ORIENTED_EDGE('',*,*,#3399,.T.);
#2302=ORIENTED_EDGE('',*,*,#3411,.F.);
#2303=ORIENTED_EDGE('',*,*,#3412,.F.);
#2304=ORIENTED_EDGE('',*,*,#3409,.T.);
#2305=ORIENTED_EDGE('',*,*,#3398,.T.);
#2306=ORIENTED_EDGE('',*,*,#3404,.F.);
#2307=ORIENTED_EDGE('',*,*,#3413,.F.);
#2308=ORIENTED_EDGE('',*,*,#3411,.T.);
#2309=ORIENTED_EDGE('',*,*,#3369,.T.);
#2310=ORIENTED_EDGE('',*,*,#3403,.T.);
#2311=ORIENTED_EDGE('',*,*,#3406,.T.);
#2312=ORIENTED_EDGE('',*,*,#3408,.T.);
#2313=ORIENTED_EDGE('',*,*,#3410,.T.);
#2314=ORIENTED_EDGE('',*,*,#3412,.T.);
#2315=ORIENTED_EDGE('',*,*,#3413,.T.);
#2316=ORIENTED_EDGE('',*,*,#3414,.F.);
#2317=ORIENTED_EDGE('',*,*,#3415,.T.);
#2318=ORIENTED_EDGE('',*,*,#3416,.T.);
#2319=ORIENTED_EDGE('',*,*,#3417,.F.);
#2320=ORIENTED_EDGE('',*,*,#3418,.F.);
#2321=ORIENTED_EDGE('',*,*,#3419,.T.);
#2322=ORIENTED_EDGE('',*,*,#3414,.T.);
#2323=ORIENTED_EDGE('',*,*,#3420,.F.);
#2324=ORIENTED_EDGE('',*,*,#3421,.F.);
#2325=ORIENTED_EDGE('',*,*,#3422,.T.);
#2326=ORIENTED_EDGE('',*,*,#3418,.T.);
#2327=ORIENTED_EDGE('',*,*,#3423,.F.);
#2328=ORIENTED_EDGE('',*,*,#3424,.F.);
#2329=ORIENTED_EDGE('',*,*,#3425,.T.);
#2330=ORIENTED_EDGE('',*,*,#3421,.T.);
#2331=ORIENTED_EDGE('',*,*,#3426,.F.);
#2332=ORIENTED_EDGE('',*,*,#3427,.F.);
#2333=ORIENTED_EDGE('',*,*,#3428,.T.);
#2334=ORIENTED_EDGE('',*,*,#3424,.T.);
#2335=ORIENTED_EDGE('',*,*,#3429,.F.);
#2336=ORIENTED_EDGE('',*,*,#3416,.F.);
#2337=ORIENTED_EDGE('',*,*,#3430,.T.);
#2338=ORIENTED_EDGE('',*,*,#3427,.T.);
#2339=ORIENTED_EDGE('',*,*,#3431,.F.);
#2340=ORIENTED_EDGE('',*,*,#3432,.F.);
#2341=ORIENTED_EDGE('',*,*,#3433,.F.);
#2342=ORIENTED_EDGE('',*,*,#3434,.T.);
#2343=ORIENTED_EDGE('',*,*,#3435,.T.);
#2344=ORIENTED_EDGE('',*,*,#3436,.F.);
#2345=ORIENTED_EDGE('',*,*,#3437,.F.);
#2346=ORIENTED_EDGE('',*,*,#3438,.T.);
#2347=ORIENTED_EDGE('',*,*,#3439,.T.);
#2348=ORIENTED_EDGE('',*,*,#3433,.T.);
#2349=ORIENTED_EDGE('',*,*,#3440,.T.);
#2350=ORIENTED_EDGE('',*,*,#3441,.F.);
#2351=ORIENTED_EDGE('',*,*,#3442,.T.);
#2352=ORIENTED_EDGE('',*,*,#3437,.T.);
#2353=ORIENTED_EDGE('',*,*,#3443,.T.);
#2354=ORIENTED_EDGE('',*,*,#3444,.F.);
#2355=ORIENTED_EDGE('',*,*,#3445,.F.);
#2356=ORIENTED_EDGE('',*,*,#3446,.T.);
#2357=ORIENTED_EDGE('',*,*,#3441,.T.);
#2358=ORIENTED_EDGE('',*,*,#3447,.T.);
#2359=ORIENTED_EDGE('',*,*,#3448,.F.);
#2360=ORIENTED_EDGE('',*,*,#3449,.F.);
#2361=ORIENTED_EDGE('',*,*,#3444,.T.);
#2362=ORIENTED_EDGE('',*,*,#3450,.T.);
#2363=ORIENTED_EDGE('',*,*,#3451,.F.);
#2364=ORIENTED_EDGE('',*,*,#3452,.F.);
#2365=ORIENTED_EDGE('',*,*,#3448,.T.);
#2366=ORIENTED_EDGE('',*,*,#3453,.T.);
#2367=ORIENTED_EDGE('',*,*,#3454,.F.);
#2368=ORIENTED_EDGE('',*,*,#3455,.F.);
#2369=ORIENTED_EDGE('',*,*,#3451,.T.);
#2370=ORIENTED_EDGE('',*,*,#3456,.F.);
#2371=ORIENTED_EDGE('',*,*,#3435,.F.);
#2372=ORIENTED_EDGE('',*,*,#3457,.T.);
#2373=ORIENTED_EDGE('',*,*,#3454,.T.);
#2374=ORIENTED_EDGE('',*,*,#3458,.T.);
#2375=ORIENTED_EDGE('',*,*,#3459,.F.);
#2376=ORIENTED_EDGE('',*,*,#3439,.F.);
#2377=ORIENTED_EDGE('',*,*,#3460,.T.);
#2378=ORIENTED_EDGE('',*,*,#3445,.T.);
#2379=ORIENTED_EDGE('',*,*,#3449,.T.);
#2380=ORIENTED_EDGE('',*,*,#3452,.T.);
#2381=ORIENTED_EDGE('',*,*,#3455,.T.);
#2382=ORIENTED_EDGE('',*,*,#3457,.F.);
#2383=ORIENTED_EDGE('',*,*,#3434,.F.);
#2384=ORIENTED_EDGE('',*,*,#3458,.F.);
#2385=ORIENTED_EDGE('',*,*,#3432,.T.);
#2386=ORIENTED_EDGE('',*,*,#3456,.T.);
#2387=ORIENTED_EDGE('',*,*,#3453,.F.);
#2388=ORIENTED_EDGE('',*,*,#3450,.F.);
#2389=ORIENTED_EDGE('',*,*,#3447,.F.);
#2390=ORIENTED_EDGE('',*,*,#3443,.F.);
#2391=ORIENTED_EDGE('',*,*,#3440,.F.);
#2392=ORIENTED_EDGE('',*,*,#3436,.T.);
#2393=ORIENTED_EDGE('',*,*,#3417,.T.);
#2394=ORIENTED_EDGE('',*,*,#3431,.T.);
#2395=ORIENTED_EDGE('',*,*,#3429,.T.);
#2396=ORIENTED_EDGE('',*,*,#3426,.T.);
#2397=ORIENTED_EDGE('',*,*,#3423,.T.);
#2398=ORIENTED_EDGE('',*,*,#3420,.T.);
#2399=ORIENTED_EDGE('',*,*,#3459,.T.);
#2400=ORIENTED_EDGE('',*,*,#3461,.T.);
#2401=ORIENTED_EDGE('',*,*,#3462,.F.);
#2402=ORIENTED_EDGE('',*,*,#3463,.T.);
#2403=ORIENTED_EDGE('',*,*,#3464,.F.);
#2404=ORIENTED_EDGE('',*,*,#3462,.T.);
#2405=ORIENTED_EDGE('',*,*,#3463,.F.);
#2406=ORIENTED_EDGE('',*,*,#3415,.F.);
#2407=ORIENTED_EDGE('',*,*,#3419,.F.);
#2408=ORIENTED_EDGE('',*,*,#3422,.F.);
#2409=ORIENTED_EDGE('',*,*,#3425,.F.);
#2410=ORIENTED_EDGE('',*,*,#3428,.F.);
#2411=ORIENTED_EDGE('',*,*,#3430,.F.);
#2412=ORIENTED_EDGE('',*,*,#3464,.T.);
#2413=ORIENTED_EDGE('',*,*,#3461,.F.);
#2414=ORIENTED_EDGE('',*,*,#3446,.F.);
#2415=ORIENTED_EDGE('',*,*,#3460,.F.);
#2416=ORIENTED_EDGE('',*,*,#3438,.F.);
#2417=ORIENTED_EDGE('',*,*,#3442,.F.);
#2418=ORIENTED_EDGE('',*,*,#3465,.F.);
#2419=ORIENTED_EDGE('',*,*,#3466,.T.);
#2420=ORIENTED_EDGE('',*,*,#3467,.T.);
#2421=ORIENTED_EDGE('',*,*,#3468,.F.);
#2422=ORIENTED_EDGE('',*,*,#3469,.F.);
#2423=ORIENTED_EDGE('',*,*,#3470,.T.);
#2424=ORIENTED_EDGE('',*,*,#3471,.T.);
#2425=ORIENTED_EDGE('',*,*,#3472,.F.);
#2426=ORIENTED_EDGE('',*,*,#3473,.F.);
#2427=ORIENTED_EDGE('',*,*,#3474,.T.);
#2428=ORIENTED_EDGE('',*,*,#3475,.T.);
#2429=ORIENTED_EDGE('',*,*,#3476,.F.);
#2430=ORIENTED_EDGE('',*,*,#3466,.F.);
#2431=ORIENTED_EDGE('',*,*,#3477,.F.);
#2432=ORIENTED_EDGE('',*,*,#3478,.T.);
#2433=ORIENTED_EDGE('',*,*,#3479,.T.);
#2434=ORIENTED_EDGE('',*,*,#3480,.T.);
#2435=ORIENTED_EDGE('',*,*,#3468,.T.);
#2436=ORIENTED_EDGE('',*,*,#3481,.F.);
#2437=ORIENTED_EDGE('',*,*,#3482,.F.);
#2438=ORIENTED_EDGE('',*,*,#3483,.F.);
#2439=ORIENTED_EDGE('',*,*,#3484,.F.);
#2440=ORIENTED_EDGE('',*,*,#3485,.F.);
#2441=ORIENTED_EDGE('',*,*,#3477,.T.);
#2442=ORIENTED_EDGE('',*,*,#3465,.T.);
#2443=ORIENTED_EDGE('',*,*,#3480,.F.);
#2444=ORIENTED_EDGE('',*,*,#3486,.T.);
#2445=ORIENTED_EDGE('',*,*,#3487,.T.);
#2446=ORIENTED_EDGE('',*,*,#3488,.T.);
#2447=ORIENTED_EDGE('',*,*,#3489,.T.);
#2448=ORIENTED_EDGE('',*,*,#3490,.T.);
#2449=ORIENTED_EDGE('',*,*,#3491,.T.);
#2450=ORIENTED_EDGE('',*,*,#3492,.F.);
#2451=ORIENTED_EDGE('',*,*,#3493,.T.);
#2452=ORIENTED_EDGE('',*,*,#3494,.T.);
#2453=ORIENTED_EDGE('',*,*,#3495,.T.);
#2454=ORIENTED_EDGE('',*,*,#3467,.F.);
#2455=ORIENTED_EDGE('',*,*,#3479,.F.);
#2456=ORIENTED_EDGE('',*,*,#3496,.T.);
#2457=ORIENTED_EDGE('',*,*,#3497,.F.);
#2458=ORIENTED_EDGE('',*,*,#3498,.F.);
#2459=ORIENTED_EDGE('',*,*,#3499,.F.);
#2460=ORIENTED_EDGE('',*,*,#3500,.F.);
#2461=ORIENTED_EDGE('',*,*,#3501,.F.);
#2462=ORIENTED_EDGE('',*,*,#3502,.F.);
#2463=ORIENTED_EDGE('',*,*,#3481,.T.);
#2464=ORIENTED_EDGE('',*,*,#3494,.F.);
#2465=ORIENTED_EDGE('',*,*,#3503,.T.);
#2466=ORIENTED_EDGE('',*,*,#3493,.F.);
#2467=ORIENTED_EDGE('',*,*,#3504,.T.);
#2468=ORIENTED_EDGE('',*,*,#3500,.T.);
#2469=ORIENTED_EDGE('',*,*,#3505,.F.);
#2470=ORIENTED_EDGE('',*,*,#3488,.F.);
#2471=ORIENTED_EDGE('',*,*,#3506,.T.);
#2472=ORIENTED_EDGE('',*,*,#3499,.T.);
#2473=ORIENTED_EDGE('',*,*,#3507,.F.);
#2474=ORIENTED_EDGE('',*,*,#3489,.F.);
#2475=ORIENTED_EDGE('',*,*,#3505,.T.);
#2476=ORIENTED_EDGE('',*,*,#3498,.T.);
#2477=ORIENTED_EDGE('',*,*,#3508,.F.);
#2478=ORIENTED_EDGE('',*,*,#3490,.F.);
#2479=ORIENTED_EDGE('',*,*,#3507,.T.);
#2480=ORIENTED_EDGE('',*,*,#3497,.T.);
#2481=ORIENTED_EDGE('',*,*,#3509,.F.);
#2482=ORIENTED_EDGE('',*,*,#3491,.F.);
#2483=ORIENTED_EDGE('',*,*,#3508,.T.);
#2484=ORIENTED_EDGE('',*,*,#3496,.F.);
#2485=ORIENTED_EDGE('',*,*,#3478,.F.);
#2486=ORIENTED_EDGE('',*,*,#3492,.T.);
#2487=ORIENTED_EDGE('',*,*,#3509,.T.);
#2488=ORIENTED_EDGE('',*,*,#3502,.T.);
#2489=ORIENTED_EDGE('',*,*,#3510,.F.);
#2490=ORIENTED_EDGE('',*,*,#3486,.F.);
#2491=ORIENTED_EDGE('',*,*,#3482,.T.);
#2492=ORIENTED_EDGE('',*,*,#3501,.T.);
#2493=ORIENTED_EDGE('',*,*,#3506,.F.);
#2494=ORIENTED_EDGE('',*,*,#3487,.F.);
#2495=ORIENTED_EDGE('',*,*,#3510,.T.);
#2496=ORIENTED_EDGE('',*,*,#3483,.T.);
#2497=ORIENTED_EDGE('',*,*,#3495,.F.);
#2498=ORIENTED_EDGE('',*,*,#3511,.F.);
#2499=ORIENTED_EDGE('',*,*,#3484,.T.);
#2500=ORIENTED_EDGE('',*,*,#3504,.F.);
#2501=ORIENTED_EDGE('',*,*,#3511,.T.);
#2502=ORIENTED_EDGE('',*,*,#3512,.F.);
#2503=ORIENTED_EDGE('',*,*,#3485,.T.);
#2504=ORIENTED_EDGE('',*,*,#3503,.F.);
#2505=ORIENTED_EDGE('',*,*,#3512,.T.);
#2506=ORIENTED_EDGE('',*,*,#3470,.F.);
#2507=ORIENTED_EDGE('',*,*,#3513,.F.);
#2508=ORIENTED_EDGE('',*,*,#3514,.T.);
#2509=ORIENTED_EDGE('',*,*,#3515,.T.);
#2510=ORIENTED_EDGE('',*,*,#3469,.T.);
#2511=ORIENTED_EDGE('',*,*,#3516,.F.);
#2512=ORIENTED_EDGE('',*,*,#3517,.F.);
#2513=ORIENTED_EDGE('',*,*,#3513,.T.);
#2514=ORIENTED_EDGE('',*,*,#3472,.T.);
#2515=ORIENTED_EDGE('',*,*,#3518,.F.);
#2516=ORIENTED_EDGE('',*,*,#3519,.F.);
#2517=ORIENTED_EDGE('',*,*,#3516,.T.);
#2518=ORIENTED_EDGE('',*,*,#3471,.F.);
#2519=ORIENTED_EDGE('',*,*,#3515,.F.);
#2520=ORIENTED_EDGE('',*,*,#3520,.T.);
#2521=ORIENTED_EDGE('',*,*,#3518,.T.);
#2522=ORIENTED_EDGE('',*,*,#3514,.F.);
#2523=ORIENTED_EDGE('',*,*,#3517,.T.);
#2524=ORIENTED_EDGE('',*,*,#3519,.T.);
#2525=ORIENTED_EDGE('',*,*,#3520,.F.);
#2526=ORIENTED_EDGE('',*,*,#3474,.F.);
#2527=ORIENTED_EDGE('',*,*,#3521,.F.);
#2528=ORIENTED_EDGE('',*,*,#3522,.T.);
#2529=ORIENTED_EDGE('',*,*,#3523,.T.);
#2530=ORIENTED_EDGE('',*,*,#3473,.T.);
#2531=ORIENTED_EDGE('',*,*,#3524,.F.);
#2532=ORIENTED_EDGE('',*,*,#3525,.F.);
#2533=ORIENTED_EDGE('',*,*,#3521,.T.);
#2534=ORIENTED_EDGE('',*,*,#3476,.T.);
#2535=ORIENTED_EDGE('',*,*,#3526,.F.);
#2536=ORIENTED_EDGE('',*,*,#3527,.F.);
#2537=ORIENTED_EDGE('',*,*,#3524,.T.);
#2538=ORIENTED_EDGE('',*,*,#3475,.F.);
#2539=ORIENTED_EDGE('',*,*,#3523,.F.);
#2540=ORIENTED_EDGE('',*,*,#3528,.T.);
#2541=ORIENTED_EDGE('',*,*,#3526,.T.);
#2542=ORIENTED_EDGE('',*,*,#3522,.F.);
#2543=ORIENTED_EDGE('',*,*,#3525,.T.);
#2544=ORIENTED_EDGE('',*,*,#3527,.T.);
#2545=ORIENTED_EDGE('',*,*,#3528,.F.);
#2546=ORIENTED_EDGE('',*,*,#3529,.T.);
#2547=ORIENTED_EDGE('',*,*,#3530,.T.);
#2548=ORIENTED_EDGE('',*,*,#3531,.T.);
#2549=ORIENTED_EDGE('',*,*,#3532,.T.);
#2550=ORIENTED_EDGE('',*,*,#3533,.F.);
#2551=ORIENTED_EDGE('',*,*,#3534,.T.);
#2552=ORIENTED_EDGE('',*,*,#3535,.T.);
#2553=ORIENTED_EDGE('',*,*,#3533,.T.);
#2554=ORIENTED_EDGE('',*,*,#3536,.F.);
#2555=ORIENTED_EDGE('',*,*,#3537,.F.);
#2556=ORIENTED_EDGE('',*,*,#3538,.T.);
#2557=ORIENTED_EDGE('',*,*,#3539,.T.);
#2558=ORIENTED_EDGE('',*,*,#3532,.F.);
#2559=ORIENTED_EDGE('',*,*,#3530,.F.);
#2560=ORIENTED_EDGE('',*,*,#3540,.F.);
#2561=ORIENTED_EDGE('',*,*,#3541,.F.);
#2562=ORIENTED_EDGE('',*,*,#3542,.T.);
#2563=ORIENTED_EDGE('',*,*,#3537,.T.);
#2564=ORIENTED_EDGE('',*,*,#3543,.T.);
#2565=ORIENTED_EDGE('',*,*,#3544,.F.);
#2566=ORIENTED_EDGE('',*,*,#3545,.F.);
#2567=ORIENTED_EDGE('',*,*,#3541,.T.);
#2568=ORIENTED_EDGE('',*,*,#3531,.F.);
#2569=ORIENTED_EDGE('',*,*,#3529,.F.);
#2570=ORIENTED_EDGE('',*,*,#3546,.T.);
#2571=ORIENTED_EDGE('',*,*,#3547,.F.);
#2572=ORIENTED_EDGE('',*,*,#3548,.F.);
#2573=ORIENTED_EDGE('',*,*,#3544,.T.);
#2574=ORIENTED_EDGE('',*,*,#3549,.T.);
#2575=ORIENTED_EDGE('',*,*,#3550,.F.);
#2576=ORIENTED_EDGE('',*,*,#3551,.F.);
#2577=ORIENTED_EDGE('',*,*,#3547,.T.);
#2578=ORIENTED_EDGE('',*,*,#3552,.T.);
#2579=ORIENTED_EDGE('',*,*,#3553,.F.);
#2580=ORIENTED_EDGE('',*,*,#3554,.F.);
#2581=ORIENTED_EDGE('',*,*,#3550,.T.);
#2582=ORIENTED_EDGE('',*,*,#3534,.F.);
#2583=ORIENTED_EDGE('',*,*,#3555,.T.);
#2584=ORIENTED_EDGE('',*,*,#3555,.F.);
#2585=ORIENTED_EDGE('',*,*,#3556,.F.);
#2586=ORIENTED_EDGE('',*,*,#3557,.T.);
#2587=ORIENTED_EDGE('',*,*,#3558,.T.);
#2588=ORIENTED_EDGE('',*,*,#3552,.F.);
#2589=ORIENTED_EDGE('',*,*,#3549,.F.);
#2590=ORIENTED_EDGE('',*,*,#3546,.F.);
#2591=ORIENTED_EDGE('',*,*,#3543,.F.);
#2592=ORIENTED_EDGE('',*,*,#3540,.T.);
#2593=ORIENTED_EDGE('',*,*,#3536,.T.);
#2594=ORIENTED_EDGE('',*,*,#3559,.F.);
#2595=ORIENTED_EDGE('',*,*,#3560,.T.);
#2596=ORIENTED_EDGE('',*,*,#3538,.F.);
#2597=ORIENTED_EDGE('',*,*,#3542,.F.);
#2598=ORIENTED_EDGE('',*,*,#3545,.T.);
#2599=ORIENTED_EDGE('',*,*,#3548,.T.);
#2600=ORIENTED_EDGE('',*,*,#3551,.T.);
#2601=ORIENTED_EDGE('',*,*,#3554,.T.);
#2602=ORIENTED_EDGE('',*,*,#3561,.F.);
#2603=ORIENTED_EDGE('',*,*,#3535,.F.);
#2604=ORIENTED_EDGE('',*,*,#3562,.F.);
#2605=ORIENTED_EDGE('',*,*,#3561,.T.);
#2606=ORIENTED_EDGE('',*,*,#3553,.T.);
#2607=ORIENTED_EDGE('',*,*,#3558,.F.);
#2608=ORIENTED_EDGE('',*,*,#3560,.F.);
#2609=ORIENTED_EDGE('',*,*,#3563,.T.);
#2610=ORIENTED_EDGE('',*,*,#3556,.T.);
#2611=ORIENTED_EDGE('',*,*,#3539,.F.);
#2612=ORIENTED_EDGE('',*,*,#3564,.F.);
#2613=ORIENTED_EDGE('',*,*,#3565,.F.);
#2614=ORIENTED_EDGE('',*,*,#3566,.T.);
#2615=ORIENTED_EDGE('',*,*,#3567,.T.);
#2616=ORIENTED_EDGE('',*,*,#3568,.F.);
#2617=ORIENTED_EDGE('',*,*,#3569,.F.);
#2618=ORIENTED_EDGE('',*,*,#3570,.T.);
#2619=ORIENTED_EDGE('',*,*,#3571,.T.);
#2620=ORIENTED_EDGE('',*,*,#3559,.T.);
#2621=ORIENTED_EDGE('',*,*,#3562,.T.);
#2622=ORIENTED_EDGE('',*,*,#3557,.F.);
#2623=ORIENTED_EDGE('',*,*,#3563,.F.);
#2624=ORIENTED_EDGE('',*,*,#3572,.T.);
#2625=ORIENTED_EDGE('',*,*,#3573,.T.);
#2626=ORIENTED_EDGE('',*,*,#3574,.F.);
#2627=ORIENTED_EDGE('',*,*,#3575,.F.);
#2628=ORIENTED_EDGE('',*,*,#3568,.T.);
#2629=ORIENTED_EDGE('',*,*,#3576,.F.);
#2630=ORIENTED_EDGE('',*,*,#3573,.F.);
#2631=ORIENTED_EDGE('',*,*,#3577,.T.);
#2632=ORIENTED_EDGE('',*,*,#3571,.F.);
#2633=ORIENTED_EDGE('',*,*,#3578,.F.);
#2634=ORIENTED_EDGE('',*,*,#3574,.T.);
#2635=ORIENTED_EDGE('',*,*,#3576,.T.);
#2636=ORIENTED_EDGE('',*,*,#3570,.F.);
#2637=ORIENTED_EDGE('',*,*,#3579,.F.);
#2638=ORIENTED_EDGE('',*,*,#3575,.T.);
#2639=ORIENTED_EDGE('',*,*,#3578,.T.);
#2640=ORIENTED_EDGE('',*,*,#3569,.T.);
#2641=ORIENTED_EDGE('',*,*,#3577,.F.);
#2642=ORIENTED_EDGE('',*,*,#3572,.F.);
#2643=ORIENTED_EDGE('',*,*,#3579,.T.);
#2644=ORIENTED_EDGE('',*,*,#3565,.T.);
#2645=ORIENTED_EDGE('',*,*,#3580,.F.);
#2646=ORIENTED_EDGE('',*,*,#3581,.F.);
#2647=ORIENTED_EDGE('',*,*,#3582,.T.);
#2648=ORIENTED_EDGE('',*,*,#3566,.F.);
#2649=ORIENTED_EDGE('',*,*,#3582,.F.);
#2650=ORIENTED_EDGE('',*,*,#3583,.T.);
#2651=ORIENTED_EDGE('',*,*,#3584,.T.);
#2652=ORIENTED_EDGE('',*,*,#3567,.F.);
#2653=ORIENTED_EDGE('',*,*,#3584,.F.);
#2654=ORIENTED_EDGE('',*,*,#3585,.T.);
#2655=ORIENTED_EDGE('',*,*,#3586,.T.);
#2656=ORIENTED_EDGE('',*,*,#3564,.T.);
#2657=ORIENTED_EDGE('',*,*,#3586,.F.);
#2658=ORIENTED_EDGE('',*,*,#3587,.F.);
#2659=ORIENTED_EDGE('',*,*,#3580,.T.);
#2660=ORIENTED_EDGE('',*,*,#3581,.T.);
#2661=ORIENTED_EDGE('',*,*,#3587,.T.);
#2662=ORIENTED_EDGE('',*,*,#3585,.F.);
#2663=ORIENTED_EDGE('',*,*,#3583,.F.);
#2664=ORIENTED_EDGE('',*,*,#3588,.F.);
#2665=ORIENTED_EDGE('',*,*,#3589,.T.);
#2666=ORIENTED_EDGE('',*,*,#3590,.F.);
#2667=ORIENTED_EDGE('',*,*,#3591,.T.);
#2668=ORIENTED_EDGE('',*,*,#3592,.F.);
#2669=ORIENTED_EDGE('',*,*,#3593,.T.);
#2670=ORIENTED_EDGE('',*,*,#3594,.F.);
#2671=ORIENTED_EDGE('',*,*,#3595,.T.);
#2672=ORIENTED_EDGE('',*,*,#3596,.F.);
#2673=ORIENTED_EDGE('',*,*,#3597,.T.);
#2674=ORIENTED_EDGE('',*,*,#3598,.F.);
#2675=ORIENTED_EDGE('',*,*,#3599,.T.);
#2676=ORIENTED_EDGE('',*,*,#3600,.T.);
#2677=ORIENTED_EDGE('',*,*,#3601,.T.);
#2678=ORIENTED_EDGE('',*,*,#3602,.T.);
#2679=ORIENTED_EDGE('',*,*,#3603,.T.);
#2680=ORIENTED_EDGE('',*,*,#3604,.T.);
#2681=ORIENTED_EDGE('',*,*,#3605,.T.);
#2682=ORIENTED_EDGE('',*,*,#3606,.T.);
#2683=ORIENTED_EDGE('',*,*,#3607,.T.);
#2684=ORIENTED_EDGE('',*,*,#3608,.F.);
#2685=ORIENTED_EDGE('',*,*,#3609,.T.);
#2686=ORIENTED_EDGE('',*,*,#3610,.T.);
#2687=ORIENTED_EDGE('',*,*,#3611,.T.);
#2688=ORIENTED_EDGE('',*,*,#3612,.T.);
#2689=ORIENTED_EDGE('',*,*,#3613,.T.);
#2690=ORIENTED_EDGE('',*,*,#3614,.T.);
#2691=ORIENTED_EDGE('',*,*,#3615,.T.);
#2692=ORIENTED_EDGE('',*,*,#3616,.T.);
#2693=ORIENTED_EDGE('',*,*,#3617,.T.);
#2694=ORIENTED_EDGE('',*,*,#3618,.T.);
#2695=ORIENTED_EDGE('',*,*,#3619,.T.);
#2696=ORIENTED_EDGE('',*,*,#3620,.T.);
#2697=ORIENTED_EDGE('',*,*,#3621,.T.);
#2698=ORIENTED_EDGE('',*,*,#3622,.F.);
#2699=ORIENTED_EDGE('',*,*,#3623,.T.);
#2700=ORIENTED_EDGE('',*,*,#3624,.T.);
#2701=ORIENTED_EDGE('',*,*,#3625,.F.);
#2702=ORIENTED_EDGE('',*,*,#3626,.F.);
#2703=ORIENTED_EDGE('',*,*,#3608,.T.);
#2704=ORIENTED_EDGE('',*,*,#3627,.T.);
#2705=ORIENTED_EDGE('',*,*,#3628,.T.);
#2706=ORIENTED_EDGE('',*,*,#3609,.F.);
#2707=ORIENTED_EDGE('',*,*,#3626,.T.);
#2708=ORIENTED_EDGE('',*,*,#3629,.T.);
#2709=ORIENTED_EDGE('',*,*,#3630,.F.);
#2710=ORIENTED_EDGE('',*,*,#3631,.F.);
#2711=ORIENTED_EDGE('',*,*,#3632,.T.);
#2712=ORIENTED_EDGE('',*,*,#3633,.F.);
#2713=ORIENTED_EDGE('',*,*,#3634,.F.);
#2714=ORIENTED_EDGE('',*,*,#3606,.F.);
#2715=ORIENTED_EDGE('',*,*,#3630,.T.);
#2716=ORIENTED_EDGE('',*,*,#3635,.T.);
#2717=ORIENTED_EDGE('',*,*,#3636,.F.);
#2718=ORIENTED_EDGE('',*,*,#3624,.F.);
#2719=ORIENTED_EDGE('',*,*,#3637,.T.);
#2720=ORIENTED_EDGE('',*,*,#3636,.T.);
#2721=ORIENTED_EDGE('',*,*,#3638,.F.);
#2722=ORIENTED_EDGE('',*,*,#3639,.F.);
#2723=ORIENTED_EDGE('',*,*,#3633,.T.);
#2724=ORIENTED_EDGE('',*,*,#3640,.T.);
#2725=ORIENTED_EDGE('',*,*,#3628,.F.);
#2726=ORIENTED_EDGE('',*,*,#3641,.F.);
#2727=ORIENTED_EDGE('',*,*,#3639,.T.);
#2728=ORIENTED_EDGE('',*,*,#3642,.F.);
#2729=ORIENTED_EDGE('',*,*,#3625,.T.);
#2730=ORIENTED_EDGE('',*,*,#3638,.T.);
#2731=ORIENTED_EDGE('',*,*,#3635,.F.);
#2732=ORIENTED_EDGE('',*,*,#3629,.F.);
#2733=ORIENTED_EDGE('',*,*,#3642,.T.);
#2734=ORIENTED_EDGE('',*,*,#3596,.T.);
#2735=ORIENTED_EDGE('',*,*,#3594,.T.);
#2736=ORIENTED_EDGE('',*,*,#3592,.T.);
#2737=ORIENTED_EDGE('',*,*,#3590,.T.);
#2738=ORIENTED_EDGE('',*,*,#3588,.T.);
#2739=ORIENTED_EDGE('',*,*,#3598,.T.);
#2740=ORIENTED_EDGE('',*,*,#3640,.F.);
#2741=ORIENTED_EDGE('',*,*,#3632,.F.);
#2742=ORIENTED_EDGE('',*,*,#3643,.T.);
#2743=ORIENTED_EDGE('',*,*,#3622,.T.);
#2744=ORIENTED_EDGE('',*,*,#3644,.F.);
#2745=ORIENTED_EDGE('',*,*,#3645,.F.);
#2746=ORIENTED_EDGE('',*,*,#3646,.F.);
#2747=ORIENTED_EDGE('',*,*,#3647,.F.);
#2748=ORIENTED_EDGE('',*,*,#3648,.F.);
#2749=ORIENTED_EDGE('',*,*,#3649,.F.);
#2750=ORIENTED_EDGE('',*,*,#3650,.F.);
#2751=ORIENTED_EDGE('',*,*,#3651,.F.);
#2752=ORIENTED_EDGE('',*,*,#3652,.F.);
#2753=ORIENTED_EDGE('',*,*,#3653,.F.);
#2754=ORIENTED_EDGE('',*,*,#3654,.F.);
#2755=ORIENTED_EDGE('',*,*,#3655,.F.);
#2756=ORIENTED_EDGE('',*,*,#3656,.F.);
#2757=ORIENTED_EDGE('',*,*,#3657,.F.);
#2758=ORIENTED_EDGE('',*,*,#3658,.F.);
#2759=ORIENTED_EDGE('',*,*,#3659,.F.);
#2760=ORIENTED_EDGE('',*,*,#3660,.F.);
#2761=ORIENTED_EDGE('',*,*,#3661,.F.);
#2762=ORIENTED_EDGE('',*,*,#3643,.F.);
#2763=ORIENTED_EDGE('',*,*,#3631,.T.);
#2764=ORIENTED_EDGE('',*,*,#3637,.F.);
#2765=ORIENTED_EDGE('',*,*,#3623,.F.);
#2766=ORIENTED_EDGE('',*,*,#3641,.T.);
#2767=ORIENTED_EDGE('',*,*,#3627,.F.);
#2768=ORIENTED_EDGE('',*,*,#3607,.F.);
#2769=ORIENTED_EDGE('',*,*,#3634,.T.);
#2770=ORIENTED_EDGE('',*,*,#3611,.F.);
#2771=ORIENTED_EDGE('',*,*,#3662,.F.);
#2772=ORIENTED_EDGE('',*,*,#3663,.T.);
#2773=ORIENTED_EDGE('',*,*,#3664,.T.);
#2774=ORIENTED_EDGE('',*,*,#3610,.F.);
#2775=ORIENTED_EDGE('',*,*,#3665,.F.);
#2776=ORIENTED_EDGE('',*,*,#3666,.T.);
#2777=ORIENTED_EDGE('',*,*,#3662,.T.);
#2778=ORIENTED_EDGE('',*,*,#3615,.F.);
#2779=ORIENTED_EDGE('',*,*,#3667,.F.);
#2780=ORIENTED_EDGE('',*,*,#3668,.T.);
#2781=ORIENTED_EDGE('',*,*,#3665,.T.);
#2782=ORIENTED_EDGE('',*,*,#3614,.F.);
#2783=ORIENTED_EDGE('',*,*,#3669,.F.);
#2784=ORIENTED_EDGE('',*,*,#3670,.T.);
#2785=ORIENTED_EDGE('',*,*,#3667,.T.);
#2786=ORIENTED_EDGE('',*,*,#3613,.F.);
#2787=ORIENTED_EDGE('',*,*,#3671,.F.);
#2788=ORIENTED_EDGE('',*,*,#3672,.T.);
#2789=ORIENTED_EDGE('',*,*,#3669,.T.);
#2790=ORIENTED_EDGE('',*,*,#3612,.F.);
#2791=ORIENTED_EDGE('',*,*,#3664,.F.);
#2792=ORIENTED_EDGE('',*,*,#3673,.T.);
#2793=ORIENTED_EDGE('',*,*,#3671,.T.);
#2794=ORIENTED_EDGE('',*,*,#3663,.F.);
#2795=ORIENTED_EDGE('',*,*,#3666,.F.);
#2796=ORIENTED_EDGE('',*,*,#3668,.F.);
#2797=ORIENTED_EDGE('',*,*,#3670,.F.);
#2798=ORIENTED_EDGE('',*,*,#3672,.F.);
#2799=ORIENTED_EDGE('',*,*,#3673,.F.);
#2800=ORIENTED_EDGE('',*,*,#3593,.F.);
#2801=ORIENTED_EDGE('',*,*,#3601,.F.);
#2802=ORIENTED_EDGE('',*,*,#3674,.F.);
#2803=ORIENTED_EDGE('',*,*,#3675,.T.);
#2804=ORIENTED_EDGE('',*,*,#3676,.T.);
#2805=ORIENTED_EDGE('',*,*,#3600,.F.);
#2806=ORIENTED_EDGE('',*,*,#3677,.F.);
#2807=ORIENTED_EDGE('',*,*,#3678,.T.);
#2808=ORIENTED_EDGE('',*,*,#3674,.T.);
#2809=ORIENTED_EDGE('',*,*,#3605,.F.);
#2810=ORIENTED_EDGE('',*,*,#3679,.F.);
#2811=ORIENTED_EDGE('',*,*,#3680,.T.);
#2812=ORIENTED_EDGE('',*,*,#3677,.T.);
#2813=ORIENTED_EDGE('',*,*,#3604,.F.);
#2814=ORIENTED_EDGE('',*,*,#3681,.F.);
#2815=ORIENTED_EDGE('',*,*,#3682,.T.);
#2816=ORIENTED_EDGE('',*,*,#3679,.T.);
#2817=ORIENTED_EDGE('',*,*,#3603,.F.);
#2818=ORIENTED_EDGE('',*,*,#3683,.F.);
#2819=ORIENTED_EDGE('',*,*,#3684,.T.);
#2820=ORIENTED_EDGE('',*,*,#3681,.T.);
#2821=ORIENTED_EDGE('',*,*,#3602,.F.);
#2822=ORIENTED_EDGE('',*,*,#3676,.F.);
#2823=ORIENTED_EDGE('',*,*,#3685,.T.);
#2824=ORIENTED_EDGE('',*,*,#3683,.T.);
#2825=ORIENTED_EDGE('',*,*,#3675,.F.);
#2826=ORIENTED_EDGE('',*,*,#3678,.F.);
#2827=ORIENTED_EDGE('',*,*,#3680,.F.);
#2828=ORIENTED_EDGE('',*,*,#3682,.F.);
#2829=ORIENTED_EDGE('',*,*,#3684,.F.);
#2830=ORIENTED_EDGE('',*,*,#3685,.F.);
#2831=ORIENTED_EDGE('',*,*,#3597,.F.);
#2832=ORIENTED_EDGE('',*,*,#3617,.F.);
#2833=ORIENTED_EDGE('',*,*,#3686,.F.);
#2834=ORIENTED_EDGE('',*,*,#3687,.T.);
#2835=ORIENTED_EDGE('',*,*,#3688,.T.);
#2836=ORIENTED_EDGE('',*,*,#3616,.F.);
#2837=ORIENTED_EDGE('',*,*,#3689,.F.);
#2838=ORIENTED_EDGE('',*,*,#3690,.T.);
#2839=ORIENTED_EDGE('',*,*,#3686,.T.);
#2840=ORIENTED_EDGE('',*,*,#3621,.F.);
#2841=ORIENTED_EDGE('',*,*,#3691,.F.);
#2842=ORIENTED_EDGE('',*,*,#3692,.T.);
#2843=ORIENTED_EDGE('',*,*,#3689,.T.);
#2844=ORIENTED_EDGE('',*,*,#3620,.F.);
#2845=ORIENTED_EDGE('',*,*,#3693,.F.);
#2846=ORIENTED_EDGE('',*,*,#3694,.T.);
#2847=ORIENTED_EDGE('',*,*,#3691,.T.);
#2848=ORIENTED_EDGE('',*,*,#3619,.F.);
#2849=ORIENTED_EDGE('',*,*,#3695,.F.);
#2850=ORIENTED_EDGE('',*,*,#3696,.T.);
#2851=ORIENTED_EDGE('',*,*,#3693,.T.);
#2852=ORIENTED_EDGE('',*,*,#3618,.F.);
#2853=ORIENTED_EDGE('',*,*,#3688,.F.);
#2854=ORIENTED_EDGE('',*,*,#3697,.T.);
#2855=ORIENTED_EDGE('',*,*,#3695,.T.);
#2856=ORIENTED_EDGE('',*,*,#3687,.F.);
#2857=ORIENTED_EDGE('',*,*,#3690,.F.);
#2858=ORIENTED_EDGE('',*,*,#3692,.F.);
#2859=ORIENTED_EDGE('',*,*,#3694,.F.);
#2860=ORIENTED_EDGE('',*,*,#3696,.F.);
#2861=ORIENTED_EDGE('',*,*,#3697,.F.);
#2862=ORIENTED_EDGE('',*,*,#3595,.F.);
#2863=ORIENTED_EDGE('',*,*,#3656,.T.);
#2864=ORIENTED_EDGE('',*,*,#3698,.F.);
#2865=ORIENTED_EDGE('',*,*,#3699,.F.);
#2866=ORIENTED_EDGE('',*,*,#3700,.T.);
#2867=ORIENTED_EDGE('',*,*,#3661,.T.);
#2868=ORIENTED_EDGE('',*,*,#3701,.F.);
#2869=ORIENTED_EDGE('',*,*,#3702,.F.);
#2870=ORIENTED_EDGE('',*,*,#3698,.T.);
#2871=ORIENTED_EDGE('',*,*,#3660,.T.);
#2872=ORIENTED_EDGE('',*,*,#3703,.F.);
#2873=ORIENTED_EDGE('',*,*,#3704,.F.);
#2874=ORIENTED_EDGE('',*,*,#3701,.T.);
#2875=ORIENTED_EDGE('',*,*,#3659,.T.);
#2876=ORIENTED_EDGE('',*,*,#3705,.F.);
#2877=ORIENTED_EDGE('',*,*,#3706,.F.);
#2878=ORIENTED_EDGE('',*,*,#3703,.T.);
#2879=ORIENTED_EDGE('',*,*,#3658,.T.);
#2880=ORIENTED_EDGE('',*,*,#3707,.F.);
#2881=ORIENTED_EDGE('',*,*,#3708,.F.);
#2882=ORIENTED_EDGE('',*,*,#3705,.T.);
#2883=ORIENTED_EDGE('',*,*,#3657,.T.);
#2884=ORIENTED_EDGE('',*,*,#3700,.F.);
#2885=ORIENTED_EDGE('',*,*,#3709,.F.);
#2886=ORIENTED_EDGE('',*,*,#3707,.T.);
#2887=ORIENTED_EDGE('',*,*,#3599,.F.);
#2888=ORIENTED_EDGE('',*,*,#3699,.T.);
#2889=ORIENTED_EDGE('',*,*,#3702,.T.);
#2890=ORIENTED_EDGE('',*,*,#3704,.T.);
#2891=ORIENTED_EDGE('',*,*,#3706,.T.);
#2892=ORIENTED_EDGE('',*,*,#3708,.T.);
#2893=ORIENTED_EDGE('',*,*,#3709,.T.);
#2894=ORIENTED_EDGE('',*,*,#3650,.T.);
#2895=ORIENTED_EDGE('',*,*,#3710,.F.);
#2896=ORIENTED_EDGE('',*,*,#3711,.F.);
#2897=ORIENTED_EDGE('',*,*,#3712,.T.);
#2898=ORIENTED_EDGE('',*,*,#3655,.T.);
#2899=ORIENTED_EDGE('',*,*,#3713,.F.);
#2900=ORIENTED_EDGE('',*,*,#3714,.F.);
#2901=ORIENTED_EDGE('',*,*,#3710,.T.);
#2902=ORIENTED_EDGE('',*,*,#3654,.T.);
#2903=ORIENTED_EDGE('',*,*,#3715,.F.);
#2904=ORIENTED_EDGE('',*,*,#3716,.F.);
#2905=ORIENTED_EDGE('',*,*,#3713,.T.);
#2906=ORIENTED_EDGE('',*,*,#3653,.T.);
#2907=ORIENTED_EDGE('',*,*,#3717,.F.);
#2908=ORIENTED_EDGE('',*,*,#3718,.F.);
#2909=ORIENTED_EDGE('',*,*,#3715,.T.);
#2910=ORIENTED_EDGE('',*,*,#3652,.T.);
#2911=ORIENTED_EDGE('',*,*,#3719,.F.);
#2912=ORIENTED_EDGE('',*,*,#3720,.F.);
#2913=ORIENTED_EDGE('',*,*,#3717,.T.);
#2914=ORIENTED_EDGE('',*,*,#3651,.T.);
#2915=ORIENTED_EDGE('',*,*,#3712,.F.);
#2916=ORIENTED_EDGE('',*,*,#3721,.F.);
#2917=ORIENTED_EDGE('',*,*,#3719,.T.);
#2918=ORIENTED_EDGE('',*,*,#3589,.F.);
#2919=ORIENTED_EDGE('',*,*,#3711,.T.);
#2920=ORIENTED_EDGE('',*,*,#3714,.T.);
#2921=ORIENTED_EDGE('',*,*,#3716,.T.);
#2922=ORIENTED_EDGE('',*,*,#3718,.T.);
#2923=ORIENTED_EDGE('',*,*,#3720,.T.);
#2924=ORIENTED_EDGE('',*,*,#3721,.T.);
#2925=ORIENTED_EDGE('',*,*,#3644,.T.);
#2926=ORIENTED_EDGE('',*,*,#3722,.F.);
#2927=ORIENTED_EDGE('',*,*,#3723,.F.);
#2928=ORIENTED_EDGE('',*,*,#3724,.T.);
#2929=ORIENTED_EDGE('',*,*,#3649,.T.);
#2930=ORIENTED_EDGE('',*,*,#3725,.F.);
#2931=ORIENTED_EDGE('',*,*,#3726,.F.);
#2932=ORIENTED_EDGE('',*,*,#3722,.T.);
#2933=ORIENTED_EDGE('',*,*,#3648,.T.);
#2934=ORIENTED_EDGE('',*,*,#3727,.F.);
#2935=ORIENTED_EDGE('',*,*,#3728,.F.);
#2936=ORIENTED_EDGE('',*,*,#3725,.T.);
#2937=ORIENTED_EDGE('',*,*,#3647,.T.);
#2938=ORIENTED_EDGE('',*,*,#3729,.F.);
#2939=ORIENTED_EDGE('',*,*,#3730,.F.);
#2940=ORIENTED_EDGE('',*,*,#3727,.T.);
#2941=ORIENTED_EDGE('',*,*,#3646,.T.);
#2942=ORIENTED_EDGE('',*,*,#3731,.F.);
#2943=ORIENTED_EDGE('',*,*,#3732,.F.);
#2944=ORIENTED_EDGE('',*,*,#3729,.T.);
#2945=ORIENTED_EDGE('',*,*,#3645,.T.);
#2946=ORIENTED_EDGE('',*,*,#3724,.F.);
#2947=ORIENTED_EDGE('',*,*,#3733,.F.);
#2948=ORIENTED_EDGE('',*,*,#3731,.T.);
#2949=ORIENTED_EDGE('',*,*,#3591,.F.);
#2950=ORIENTED_EDGE('',*,*,#3723,.T.);
#2951=ORIENTED_EDGE('',*,*,#3726,.T.);
#2952=ORIENTED_EDGE('',*,*,#3728,.T.);
#2953=ORIENTED_EDGE('',*,*,#3730,.T.);
#2954=ORIENTED_EDGE('',*,*,#3732,.T.);
#2955=ORIENTED_EDGE('',*,*,#3733,.T.);
#2956=ORIENTED_EDGE('',*,*,#3734,.F.);
#2957=ORIENTED_EDGE('',*,*,#3735,.F.);
#2958=ORIENTED_EDGE('',*,*,#3736,.F.);
#2959=ORIENTED_EDGE('',*,*,#3737,.F.);
#2960=ORIENTED_EDGE('',*,*,#3738,.F.);
#2961=ORIENTED_EDGE('',*,*,#3739,.F.);
#2962=ORIENTED_EDGE('',*,*,#3740,.F.);
#2963=ORIENTED_EDGE('',*,*,#3741,.F.);
#2964=ORIENTED_EDGE('',*,*,#3742,.T.);
#2965=ORIENTED_EDGE('',*,*,#3739,.T.);
#2966=ORIENTED_EDGE('',*,*,#3743,.F.);
#2967=ORIENTED_EDGE('',*,*,#3735,.T.);
#2968=ORIENTED_EDGE('',*,*,#3743,.T.);
#2969=ORIENTED_EDGE('',*,*,#3738,.T.);
#2970=ORIENTED_EDGE('',*,*,#3744,.T.);
#2971=ORIENTED_EDGE('',*,*,#3736,.T.);
#2972=ORIENTED_EDGE('',*,*,#3745,.F.);
#2973=ORIENTED_EDGE('',*,*,#3740,.T.);
#2974=ORIENTED_EDGE('',*,*,#3742,.F.);
#2975=ORIENTED_EDGE('',*,*,#3734,.T.);
#2976=ORIENTED_EDGE('',*,*,#3746,.F.);
#2977=ORIENTED_EDGE('',*,*,#3747,.F.);
#2978=ORIENTED_EDGE('',*,*,#3748,.T.);
#2979=ORIENTED_EDGE('',*,*,#3749,.T.);
#2980=ORIENTED_EDGE('',*,*,#3750,.F.);
#2981=ORIENTED_EDGE('',*,*,#3751,.F.);
#2982=ORIENTED_EDGE('',*,*,#3752,.F.);
#2983=ORIENTED_EDGE('',*,*,#3753,.T.);
#2984=ORIENTED_EDGE('',*,*,#3754,.F.);
#2985=ORIENTED_EDGE('',*,*,#3755,.F.);
#2986=ORIENTED_EDGE('',*,*,#3756,.F.);
#2987=ORIENTED_EDGE('',*,*,#3757,.T.);
#2988=ORIENTED_EDGE('',*,*,#3758,.F.);
#2989=ORIENTED_EDGE('',*,*,#3759,.T.);
#2990=ORIENTED_EDGE('',*,*,#3760,.F.);
#2991=ORIENTED_EDGE('',*,*,#3761,.F.);
#2992=ORIENTED_EDGE('',*,*,#3762,.F.);
#2993=ORIENTED_EDGE('',*,*,#3763,.T.);
#2994=ORIENTED_EDGE('',*,*,#3756,.T.);
#2995=ORIENTED_EDGE('',*,*,#3737,.T.);
#2996=ORIENTED_EDGE('',*,*,#3744,.F.);
#2997=ORIENTED_EDGE('',*,*,#3741,.T.);
#2998=ORIENTED_EDGE('',*,*,#3745,.T.);
#2999=ORIENTED_EDGE('',*,*,#3764,.T.);
#3000=ORIENTED_EDGE('',*,*,#3759,.F.);
#3001=ORIENTED_EDGE('',*,*,#3755,.T.);
#3002=ORIENTED_EDGE('',*,*,#3754,.T.);
#3003=ORIENTED_EDGE('',*,*,#3765,.T.);
#3004=ORIENTED_EDGE('',*,*,#3750,.T.);
#3005=ORIENTED_EDGE('',*,*,#3766,.T.);
#3006=ORIENTED_EDGE('',*,*,#3758,.T.);
#3007=ORIENTED_EDGE('',*,*,#3767,.T.);
#3008=ORIENTED_EDGE('',*,*,#3760,.T.);
#3009=ORIENTED_EDGE('',*,*,#3768,.T.);
#3010=ORIENTED_EDGE('',*,*,#3769,.F.);
#3011=ORIENTED_EDGE('',*,*,#3747,.T.);
#3012=ORIENTED_EDGE('',*,*,#3761,.T.);
#3013=ORIENTED_EDGE('',*,*,#3769,.T.);
#3014=ORIENTED_EDGE('',*,*,#3770,.F.);
#3015=ORIENTED_EDGE('',*,*,#3746,.T.);
#3016=ORIENTED_EDGE('',*,*,#3762,.T.);
#3017=ORIENTED_EDGE('',*,*,#3770,.T.);
#3018=ORIENTED_EDGE('',*,*,#3771,.T.);
#3019=ORIENTED_EDGE('',*,*,#3751,.T.);
#3020=ORIENTED_EDGE('',*,*,#3771,.F.);
#3021=ORIENTED_EDGE('',*,*,#3772,.T.);
#3022=ORIENTED_EDGE('',*,*,#3752,.T.);
#3023=ORIENTED_EDGE('',*,*,#3772,.F.);
#3024=ORIENTED_EDGE('',*,*,#3766,.F.);
#3025=ORIENTED_EDGE('',*,*,#3757,.F.);
#3026=ORIENTED_EDGE('',*,*,#3749,.F.);
#3027=ORIENTED_EDGE('',*,*,#3764,.F.);
#3028=ORIENTED_EDGE('',*,*,#3763,.F.);
#3029=ORIENTED_EDGE('',*,*,#3767,.F.);
#3030=ORIENTED_EDGE('',*,*,#3753,.F.);
#3031=ORIENTED_EDGE('',*,*,#3765,.F.);
#3032=ORIENTED_EDGE('',*,*,#3748,.F.);
#3033=ORIENTED_EDGE('',*,*,#3768,.F.);
#3034=EDGE_CURVE('',#3773,#3774,#4306,.T.);
#3035=EDGE_CURVE('',#3775,#3773,#618,.T.);
#3036=EDGE_CURVE('',#3775,#3776,#4307,.T.);
#3037=EDGE_CURVE('',#3776,#3777,#4308,.T.);
#3038=EDGE_CURVE('',#3777,#3778,#619,.T.);
#3039=EDGE_CURVE('',#3774,#3778,#4309,.T.);
#3040=EDGE_CURVE('',#3779,#3780,#4310,.T.);
#3041=EDGE_CURVE('',#3781,#3779,#620,.T.);
#3042=EDGE_CURVE('',#3781,#3782,#4311,.T.);
#3043=EDGE_CURVE('',#3782,#3775,#4312,.T.);
#3044=EDGE_CURVE('',#3780,#3773,#4313,.T.);
#3045=EDGE_CURVE('',#3783,#3784,#4314,.T.);
#3046=EDGE_CURVE('',#3785,#3783,#621,.T.);
#3047=EDGE_CURVE('',#3785,#3786,#4315,.T.);
#3048=EDGE_CURVE('',#3786,#3781,#4316,.T.);
#3049=EDGE_CURVE('',#3784,#3779,#4317,.T.);
#3050=EDGE_CURVE('',#3787,#3788,#4318,.F.);
#3051=EDGE_CURVE('',#3789,#3787,#622,.T.);
#3052=EDGE_CURVE('',#3789,#3790,#4319,.F.);
#3053=EDGE_CURVE('',#3790,#3785,#4320,.F.);
#3054=EDGE_CURVE('',#3788,#3783,#4321,.F.);
#3055=EDGE_CURVE('',#3791,#3792,#4322,.T.);
#3056=EDGE_CURVE('',#3793,#3791,#623,.T.);
#3057=EDGE_CURVE('',#3793,#3794,#4323,.T.);
#3058=EDGE_CURVE('',#3794,#3789,#4324,.T.);
#3059=EDGE_CURVE('',#3792,#3787,#4325,.T.);
#3060=EDGE_CURVE('',#3778,#3795,#4326,.T.);
#3061=EDGE_CURVE('',#3777,#3796,#4327,.T.);
#3062=EDGE_CURVE('',#3796,#3793,#4328,.T.);
#3063=EDGE_CURVE('',#3795,#3791,#4329,.T.);
#3064=EDGE_CURVE('',#3797,#3797,#378,.F.);
#3065=EDGE_CURVE('',#3794,#3796,#379,.T.);
#3066=EDGE_CURVE('',#3796,#3776,#380,.T.);
#3067=EDGE_CURVE('',#3776,#3782,#381,.T.);
#3068=EDGE_CURVE('',#3782,#3786,#382,.T.);
#3069=EDGE_CURVE('',#3786,#3790,#383,.T.);
#3070=EDGE_CURVE('',#3790,#3794,#384,.T.);
#3071=EDGE_CURVE('',#3798,#3798,#385,.F.);
#3072=EDGE_CURVE('',#3799,#3799,#386,.T.);
#3073=EDGE_CURVE('',#3795,#3774,#387,.T.);
#3074=EDGE_CURVE('',#3792,#3795,#388,.T.);
#3075=EDGE_CURVE('',#3788,#3792,#389,.T.);
#3076=EDGE_CURVE('',#3784,#3788,#390,.T.);
#3077=EDGE_CURVE('',#3780,#3784,#391,.T.);
#3078=EDGE_CURVE('',#3774,#3780,#392,.T.);
#3079=EDGE_CURVE('',#3800,#3800,#393,.T.);
#3080=EDGE_CURVE('',#3801,#3802,#394,.T.);
#3081=EDGE_CURVE('',#3803,#3801,#624,.T.);
#3082=EDGE_CURVE('',#3802,#3803,#625,.T.);
#3083=EDGE_CURVE('',#3802,#3804,#395,.T.);
#3084=EDGE_CURVE('',#3805,#3802,#626,.T.);
#3085=EDGE_CURVE('',#3804,#3805,#627,.T.);
#3086=EDGE_CURVE('',#3804,#3806,#396,.T.);
#3087=EDGE_CURVE('',#3807,#3804,#628,.T.);
#3088=EDGE_CURVE('',#3806,#3807,#629,.T.);
#3089=EDGE_CURVE('',#3806,#3808,#397,.T.);
#3090=EDGE_CURVE('',#3809,#3806,#630,.T.);
#3091=EDGE_CURVE('',#3808,#3809,#631,.T.);
#3092=EDGE_CURVE('',#3808,#3810,#398,.T.);
#3093=EDGE_CURVE('',#3811,#3808,#632,.T.);
#3094=EDGE_CURVE('',#3810,#3811,#633,.T.);
#3095=EDGE_CURVE('',#3812,#3812,#399,.T.);
#3096=EDGE_CURVE('',#3813,#3814,#634,.T.);
#3097=EDGE_CURVE('',#3814,#3815,#635,.T.);
#3098=EDGE_CURVE('',#3815,#3816,#636,.T.);
#3099=EDGE_CURVE('',#3816,#3817,#637,.T.);
#3100=EDGE_CURVE('',#3817,#3818,#638,.T.);
#3101=EDGE_CURVE('',#3818,#3813,#639,.T.);
#3102=EDGE_CURVE('',#3819,#3819,#400,.T.);
#3103=EDGE_CURVE('',#3820,#3820,#401,.T.);
#3104=EDGE_CURVE('',#3821,#3821,#402,.T.);
#3105=EDGE_CURVE('',#3822,#3822,#403,.T.);
#3106=EDGE_CURVE('',#3823,#3823,#404,.F.);
#3107=EDGE_CURVE('',#3824,#3824,#405,.T.);
#3108=EDGE_CURVE('',#3805,#3814,#640,.T.);
#3109=EDGE_CURVE('',#3803,#3815,#641,.T.);
#3110=EDGE_CURVE('',#3807,#3813,#642,.T.);
#3111=EDGE_CURVE('',#3809,#3818,#643,.T.);
#3112=EDGE_CURVE('',#3811,#3817,#644,.T.);
#3113=EDGE_CURVE('',#3825,#3816,#645,.T.);
#3114=EDGE_CURVE('',#3825,#3810,#646,.T.);
#3115=EDGE_CURVE('',#3801,#3825,#647,.T.);
#3116=EDGE_CURVE('',#3810,#3801,#406,.T.);
#3117=EDGE_CURVE('',#3827,#3828,#648,.T.);
#3118=EDGE_CURVE('',#3829,#3828,#649,.T.);
#3119=EDGE_CURVE('',#3830,#3829,#650,.T.);
#3120=EDGE_CURVE('',#3830,#3827,#651,.T.);
#3121=EDGE_CURVE('',#3831,#3831,#407,.F.);
#3122=EDGE_CURVE('',#3832,#3832,#408,.F.);
#3123=EDGE_CURVE('',#3828,#3833,#652,.T.);
#3124=EDGE_CURVE('',#3834,#3833,#653,.T.);
#3125=EDGE_CURVE('',#3829,#3834,#654,.T.);
#3126=EDGE_CURVE('',#3835,#3833,#655,.T.);
#3127=EDGE_CURVE('',#3836,#3835,#656,.T.);
#3128=EDGE_CURVE('',#3836,#3834,#657,.T.);
#3129=EDGE_CURVE('',#3837,#3837,#409,.T.);
#3130=EDGE_CURVE('',#3838,#3835,#658,.T.);
#3131=EDGE_CURVE('',#3838,#3839,#659,.F.);
#3132=EDGE_CURVE('',#3839,#3836,#660,.T.);
#3133=EDGE_CURVE('',#3840,#3841,#661,.T.);
#3134=EDGE_CURVE('',#3841,#3842,#662,.T.);
#3135=EDGE_CURVE('',#3843,#3842,#663,.T.);
#3136=EDGE_CURVE('',#3843,#3840,#664,.F.);
#3137=EDGE_CURVE('',#3844,#3845,#665,.T.);
#3138=EDGE_CURVE('',#3845,#3846,#666,.T.);
#3139=EDGE_CURVE('',#3847,#3846,#667,.T.);
#3140=EDGE_CURVE('',#3847,#3844,#668,.F.);
#3141=EDGE_CURVE('',#3848,#3849,#669,.T.);
#3142=EDGE_CURVE('',#3848,#3850,#670,.F.);
#3143=EDGE_CURVE('',#3850,#3851,#671,.T.);
#3144=EDGE_CURVE('',#3851,#3849,#672,.T.);
#3145=EDGE_CURVE('',#3852,#3853,#673,.T.);
#3146=EDGE_CURVE('',#3853,#3854,#674,.T.);
#3147=EDGE_CURVE('',#3855,#3854,#675,.T.);
#3148=EDGE_CURVE('',#3855,#3852,#676,.F.);
#3149=EDGE_CURVE('',#3856,#3857,#410,.T.);
#3150=EDGE_CURVE('',#3857,#3858,#677,.T.);
#3151=EDGE_CURVE('',#3859,#3858,#411,.T.);
#3152=EDGE_CURVE('',#3859,#3856,#678,.F.);
#3153=EDGE_CURVE('',#3860,#3861,#679,.T.);
#3154=EDGE_CURVE('',#3860,#3862,#680,.F.);
#3155=EDGE_CURVE('',#3862,#3863,#681,.T.);
#3156=EDGE_CURVE('',#3863,#3861,#682,.F.);
#3157=EDGE_CURVE('',#3864,#3865,#683,.T.);
#3158=EDGE_CURVE('',#3864,#3866,#684,.T.);
#3159=EDGE_CURVE('',#3866,#3867,#685,.T.);
#3160=EDGE_CURVE('',#3867,#3865,#686,.F.);
#3161=EDGE_CURVE('',#3868,#3869,#687,.T.);
#3162=EDGE_CURVE('',#3868,#3870,#688,.T.);
#3163=EDGE_CURVE('',#3870,#3871,#689,.T.);
#3164=EDGE_CURVE('',#3871,#3869,#690,.F.);
#3165=EDGE_CURVE('',#3872,#3873,#691,.T.);
#3166=EDGE_CURVE('',#3872,#3874,#692,.T.);
#3167=EDGE_CURVE('',#3874,#3875,#693,.T.);
#3168=EDGE_CURVE('',#3875,#3873,#694,.F.);
#3169=EDGE_CURVE('',#3876,#3876,#412,.T.);
#3170=EDGE_CURVE('',#3877,#3830,#695,.T.);
#3171=EDGE_CURVE('',#3877,#3878,#696,.T.);
#3172=EDGE_CURVE('',#3878,#3827,#697,.T.);
#3173=EDGE_CURVE('',#3850,#3853,#413,.T.);
#3174=EDGE_CURVE('',#3852,#3857,#414,.T.);
#3175=EDGE_CURVE('',#3856,#3860,#415,.T.);
#3176=EDGE_CURVE('',#3861,#3864,#416,.T.);
#3177=EDGE_CURVE('',#3865,#3868,#417,.T.);
#3178=EDGE_CURVE('',#3869,#3872,#418,.F.);
#3179=EDGE_CURVE('',#3873,#3877,#419,.F.);
#3180=EDGE_CURVE('',#3839,#3841,#420,.F.);
#3181=EDGE_CURVE('',#3840,#3845,#421,.F.);
#3182=EDGE_CURVE('',#3844,#3851,#422,.T.);
#3183=EDGE_CURVE('',#3854,#3848,#423,.F.);
#3184=EDGE_CURVE('',#3849,#3847,#424,.F.);
#3185=EDGE_CURVE('',#3846,#3843,#425,.T.);
#3186=EDGE_CURVE('',#3842,#3838,#426,.T.);
#3187=EDGE_CURVE('',#3878,#3875,#427,.T.);
#3188=EDGE_CURVE('',#3874,#3871,#428,.T.);
#3189=EDGE_CURVE('',#3870,#3867,#429,.F.);
#3190=EDGE_CURVE('',#3866,#3863,#430,.F.);
#3191=EDGE_CURVE('',#3862,#3859,#431,.F.);
#3192=EDGE_CURVE('',#3858,#3855,#432,.F.);
#3193=EDGE_CURVE('',#3879,#3880,#433,.T.);
#3194=EDGE_CURVE('',#3881,#3879,#698,.T.);
#3195=EDGE_CURVE('',#3880,#3881,#699,.T.);
#3196=EDGE_CURVE('',#3880,#3882,#434,.T.);
#3197=EDGE_CURVE('',#3883,#3880,#700,.T.);
#3198=EDGE_CURVE('',#3882,#3883,#701,.T.);
#3199=EDGE_CURVE('',#3882,#3884,#435,.T.);
#3200=EDGE_CURVE('',#3885,#3882,#702,.T.);
#3201=EDGE_CURVE('',#3884,#3885,#703,.T.);
#3202=EDGE_CURVE('',#3884,#3886,#436,.T.);
#3203=EDGE_CURVE('',#3887,#3884,#704,.T.);
#3204=EDGE_CURVE('',#3886,#3887,#705,.T.);
#3205=EDGE_CURVE('',#3886,#3888,#437,.T.);
#3206=EDGE_CURVE('',#3889,#3886,#706,.T.);
#3207=EDGE_CURVE('',#3888,#3889,#707,.T.);
#3208=EDGE_CURVE('',#3890,#3890,#438,.T.);
#3209=EDGE_CURVE('',#3891,#3892,#708,.T.);
#3210=EDGE_CURVE('',#3892,#3893,#709,.T.);
#3211=EDGE_CURVE('',#3893,#3894,#710,.T.);
#3212=EDGE_CURVE('',#3894,#3895,#711,.T.);
#3213=EDGE_CURVE('',#3895,#3896,#712,.T.);
#3214=EDGE_CURVE('',#3896,#3891,#713,.T.);
#3215=EDGE_CURVE('',#3897,#3897,#439,.T.);
#3216=EDGE_CURVE('',#3898,#3898,#440,.T.);
#3217=EDGE_CURVE('',#3899,#3899,#441,.T.);
#3218=EDGE_CURVE('',#3900,#3900,#442,.T.);
#3219=EDGE_CURVE('',#3901,#3901,#443,.F.);
#3220=EDGE_CURVE('',#3902,#3902,#444,.T.);
#3221=EDGE_CURVE('',#3883,#3892,#714,.T.);
#3222=EDGE_CURVE('',#3881,#3893,#715,.T.);
#3223=EDGE_CURVE('',#3885,#3891,#716,.T.);
#3224=EDGE_CURVE('',#3887,#3896,#717,.T.);
#3225=EDGE_CURVE('',#3889,#3895,#718,.T.);
#3226=EDGE_CURVE('',#3903,#3894,#719,.T.);
#3227=EDGE_CURVE('',#3903,#3888,#720,.T.);
#3228=EDGE_CURVE('',#3879,#3903,#721,.T.);
#3229=EDGE_CURVE('',#3888,#3879,#445,.T.);
#3230=EDGE_CURVE('',#3905,#3905,#446,.T.);
#3231=EDGE_CURVE('',#3906,#3906,#447,.T.);
#3232=EDGE_CURVE('',#3907,#3907,#448,.T.);
#3233=EDGE_CURVE('',#3908,#3908,#449,.T.);
#3234=EDGE_CURVE('',#3909,#3909,#450,.T.);
#3235=EDGE_CURVE('',#3910,#3910,#451,.T.);
#3236=EDGE_CURVE('',#3911,#3911,#452,.T.);
#3237=EDGE_CURVE('',#3912,#3912,#453,.T.);
#3238=EDGE_CURVE('',#3913,#3913,#454,.T.);
#3239=EDGE_CURVE('',#3914,#3914,#455,.T.);
#3240=EDGE_CURVE('',#3915,#3915,#456,.T.);
#3241=EDGE_CURVE('',#3916,#3916,#457,.T.);
#3242=EDGE_CURVE('',#3917,#3917,#458,.T.);
#3243=EDGE_CURVE('',#3918,#3918,#459,.T.);
#3244=EDGE_CURVE('',#3919,#3919,#460,.T.);
#3245=EDGE_CURVE('',#3920,#3920,#461,.T.);
#3246=EDGE_CURVE('',#3921,#3921,#462,.T.);
#3247=EDGE_CURVE('',#3922,#3922,#463,.T.);
#3248=EDGE_CURVE('',#3923,#3923,#464,.T.);
#3249=EDGE_CURVE('',#3924,#3924,#465,.T.);
#3250=EDGE_CURVE('',#3925,#3926,#722,.T.);
#3251=EDGE_CURVE('',#3927,#3925,#723,.T.);
#3252=EDGE_CURVE('',#3927,#3928,#724,.T.);
#3253=EDGE_CURVE('',#3928,#3926,#725,.T.);
#3254=EDGE_CURVE('',#3925,#3929,#726,.T.);
#3255=EDGE_CURVE('',#3930,#3929,#727,.T.);
#3256=EDGE_CURVE('',#3927,#3930,#728,.T.);
#3257=EDGE_CURVE('',#3929,#3931,#729,.T.);
#3258=EDGE_CURVE('',#3932,#3931,#730,.T.);
#3259=EDGE_CURVE('',#3930,#3932,#731,.T.);
#3260=EDGE_CURVE('',#3926,#3931,#732,.T.);
#3261=EDGE_CURVE('',#3928,#3932,#733,.T.);
#3262=EDGE_CURVE('',#3933,#3933,#466,.T.);
#3263=EDGE_CURVE('',#3934,#3934,#467,.T.);
#3264=EDGE_CURVE('',#3935,#3935,#468,.T.);
#3265=EDGE_CURVE('',#3936,#3936,#469,.T.);
#3266=EDGE_CURVE('',#3937,#3937,#470,.T.);
#3267=EDGE_CURVE('',#3938,#3938,#471,.F.);
#3268=EDGE_CURVE('',#3939,#3939,#472,.F.);
#3269=EDGE_CURVE('',#3940,#3940,#473,.F.);
#3270=EDGE_CURVE('',#3941,#3941,#474,.F.);
#3271=EDGE_CURVE('',#3942,#3942,#475,.F.);
#3272=EDGE_CURVE('',#3943,#3944,#734,.T.);
#3273=EDGE_CURVE('',#3945,#3944,#735,.T.);
#3274=EDGE_CURVE('',#3946,#3945,#736,.T.);
#3275=EDGE_CURVE('',#3946,#3943,#737,.T.);
#3276=EDGE_CURVE('',#3947,#3947,#476,.F.);
#3277=EDGE_CURVE('',#3948,#3948,#477,.F.);
#3278=EDGE_CURVE('',#3944,#3949,#738,.T.);
#3279=EDGE_CURVE('',#3950,#3949,#739,.T.);
#3280=EDGE_CURVE('',#3945,#3950,#740,.T.);
#3281=EDGE_CURVE('',#3951,#3949,#741,.T.);
#3282=EDGE_CURVE('',#3952,#3951,#742,.T.);
#3283=EDGE_CURVE('',#3952,#3950,#743,.T.);
#3284=EDGE_CURVE('',#3953,#3953,#478,.T.);
#3285=EDGE_CURVE('',#3954,#3951,#744,.T.);
#3286=EDGE_CURVE('',#3954,#3955,#745,.F.);
#3287=EDGE_CURVE('',#3955,#3952,#746,.T.);
#3288=EDGE_CURVE('',#3956,#3957,#747,.T.);
#3289=EDGE_CURVE('',#3957,#3958,#748,.T.);
#3290=EDGE_CURVE('',#3959,#3958,#749,.T.);
#3291=EDGE_CURVE('',#3959,#3956,#750,.F.);
#3292=EDGE_CURVE('',#3960,#3961,#751,.T.);
#3293=EDGE_CURVE('',#3961,#3962,#752,.T.);
#3294=EDGE_CURVE('',#3963,#3962,#753,.T.);
#3295=EDGE_CURVE('',#3963,#3960,#754,.F.);
#3296=EDGE_CURVE('',#3964,#3965,#755,.T.);
#3297=EDGE_CURVE('',#3964,#3966,#756,.F.);
#3298=EDGE_CURVE('',#3966,#3967,#757,.T.);
#3299=EDGE_CURVE('',#3967,#3965,#758,.T.);
#3300=EDGE_CURVE('',#3968,#3969,#759,.T.);
#3301=EDGE_CURVE('',#3969,#3970,#760,.T.);
#3302=EDGE_CURVE('',#3971,#3970,#761,.T.);
#3303=EDGE_CURVE('',#3971,#3968,#762,.F.);
#3304=EDGE_CURVE('',#3972,#3973,#479,.T.);
#3305=EDGE_CURVE('',#3973,#3974,#763,.T.);
#3306=EDGE_CURVE('',#3975,#3974,#480,.T.);
#3307=EDGE_CURVE('',#3975,#3972,#764,.F.);
#3308=EDGE_CURVE('',#3976,#3977,#765,.T.);
#3309=EDGE_CURVE('',#3976,#3978,#766,.F.);
#3310=EDGE_CURVE('',#3978,#3979,#767,.T.);
#3311=EDGE_CURVE('',#3979,#3977,#768,.F.);
#3312=EDGE_CURVE('',#3980,#3981,#769,.T.);
#3313=EDGE_CURVE('',#3980,#3982,#770,.T.);
#3314=EDGE_CURVE('',#3982,#3983,#771,.T.);
#3315=EDGE_CURVE('',#3983,#3981,#772,.F.);
#3316=EDGE_CURVE('',#3984,#3985,#773,.T.);
#3317=EDGE_CURVE('',#3984,#3986,#774,.T.);
#3318=EDGE_CURVE('',#3986,#3987,#775,.T.);
#3319=EDGE_CURVE('',#3987,#3985,#776,.F.);
#3320=EDGE_CURVE('',#3988,#3989,#777,.T.);
#3321=EDGE_CURVE('',#3988,#3990,#778,.T.);
#3322=EDGE_CURVE('',#3990,#3991,#779,.T.);
#3323=EDGE_CURVE('',#3991,#3989,#780,.F.);
#3324=EDGE_CURVE('',#3992,#3992,#481,.T.);
#3325=EDGE_CURVE('',#3993,#3946,#781,.T.);
#3326=EDGE_CURVE('',#3993,#3994,#782,.T.);
#3327=EDGE_CURVE('',#3994,#3943,#783,.T.);
#3328=EDGE_CURVE('',#3966,#3969,#482,.T.);
#3329=EDGE_CURVE('',#3968,#3973,#483,.T.);
#3330=EDGE_CURVE('',#3972,#3976,#484,.T.);
#3331=EDGE_CURVE('',#3977,#3980,#485,.T.);
#3332=EDGE_CURVE('',#3981,#3984,#486,.T.);
#3333=EDGE_CURVE('',#3985,#3988,#487,.F.);
#3334=EDGE_CURVE('',#3989,#3993,#488,.F.);
#3335=EDGE_CURVE('',#3955,#3957,#489,.F.);
#3336=EDGE_CURVE('',#3956,#3961,#490,.F.);
#3337=EDGE_CURVE('',#3960,#3967,#491,.T.);
#3338=EDGE_CURVE('',#3970,#3964,#492,.F.);
#3339=EDGE_CURVE('',#3965,#3963,#493,.F.);
#3340=EDGE_CURVE('',#3962,#3959,#494,.T.);
#3341=EDGE_CURVE('',#3958,#3954,#495,.T.);
#3342=EDGE_CURVE('',#3994,#3991,#496,.T.);
#3343=EDGE_CURVE('',#3990,#3987,#497,.T.);
#3344=EDGE_CURVE('',#3986,#3983,#498,.F.);
#3345=EDGE_CURVE('',#3982,#3979,#499,.F.);
#3346=EDGE_CURVE('',#3978,#3975,#500,.F.);
#3347=EDGE_CURVE('',#3974,#3971,#501,.F.);
#3348=EDGE_CURVE('',#3995,#3996,#784,.T.);
#3349=EDGE_CURVE('',#3997,#3995,#785,.T.);
#3350=EDGE_CURVE('',#3997,#3998,#786,.T.);
#3351=EDGE_CURVE('',#3998,#3996,#787,.T.);
#3352=EDGE_CURVE('',#3995,#3999,#788,.T.);
#3353=EDGE_CURVE('',#4000,#3999,#789,.T.);
#3354=EDGE_CURVE('',#3997,#4000,#790,.T.);
#3355=EDGE_CURVE('',#3999,#4001,#791,.T.);
#3356=EDGE_CURVE('',#4002,#4001,#792,.T.);
#3357=EDGE_CURVE('',#4000,#4002,#793,.T.);
#3358=EDGE_CURVE('',#4003,#4003,#502,.T.);
#3359=EDGE_CURVE('',#4004,#4004,#503,.T.);
#3360=EDGE_CURVE('',#4005,#4005,#504,.T.);
#3361=EDGE_CURVE('',#4006,#4006,#505,.T.);
#3362=EDGE_CURVE('',#3996,#4001,#794,.T.);
#3363=EDGE_CURVE('',#3998,#4002,#795,.T.);
#3364=EDGE_CURVE('',#4007,#4007,#506,.T.);
#3365=EDGE_CURVE('',#4008,#4008,#507,.T.);
#3366=EDGE_CURVE('',#4009,#4009,#508,.T.);
#3367=EDGE_CURVE('',#4010,#4010,#509,.T.);
#3368=EDGE_CURVE('',#4011,#4011,#510,.T.);
#3369=EDGE_CURVE('',#4012,#4012,#511,.T.);
#3370=EDGE_CURVE('',#4013,#4014,#796,.T.);
#3371=EDGE_CURVE('',#4015,#4013,#797,.T.);
#3372=EDGE_CURVE('',#4015,#4016,#798,.T.);
#3373=EDGE_CURVE('',#4016,#4014,#799,.T.);
#3374=EDGE_CURVE('',#4013,#4017,#512,.T.);
#3375=EDGE_CURVE('',#4018,#4017,#800,.T.);
#3376=EDGE_CURVE('',#4015,#4018,#513,.T.);
#3377=EDGE_CURVE('',#4019,#4017,#514,.T.);
#3378=EDGE_CURVE('',#4020,#4019,#801,.T.);
#3379=EDGE_CURVE('',#4020,#4018,#515,.T.);
#3380=EDGE_CURVE('',#4021,#4019,#516,.T.);
#3381=EDGE_CURVE('',#4022,#4021,#802,.T.);
#3382=EDGE_CURVE('',#4022,#4020,#517,.T.);
#3383=EDGE_CURVE('',#4021,#4023,#803,.T.);
#3384=EDGE_CURVE('',#4024,#4023,#804,.T.);
#3385=EDGE_CURVE('',#4022,#4024,#805,.T.);
#3386=EDGE_CURVE('',#4023,#4025,#518,.T.);
#3387=EDGE_CURVE('',#4026,#4025,#806,.T.);
#3388=EDGE_CURVE('',#4024,#4026,#519,.T.);
#3389=EDGE_CURVE('',#4027,#4025,#520,.T.);
#3390=EDGE_CURVE('',#4028,#4027,#807,.T.);
#3391=EDGE_CURVE('',#4028,#4026,#521,.T.);
#3392=EDGE_CURVE('',#4029,#4029,#522,.T.);
#3393=EDGE_CURVE('',#4030,#4030,#523,.T.);
#3394=EDGE_CURVE('',#4014,#4027,#524,.T.);
#3395=EDGE_CURVE('',#4016,#4028,#525,.T.);
#3396=EDGE_CURVE('',#4031,#4032,#808,.T.);
#3397=EDGE_CURVE('',#4033,#4031,#809,.T.);
#3398=EDGE_CURVE('',#4034,#4033,#810,.T.);
#3399=EDGE_CURVE('',#4035,#4034,#811,.T.);
#3400=EDGE_CURVE('',#4036,#4035,#812,.T.);
#3401=EDGE_CURVE('',#4032,#4036,#813,.T.);
#3402=EDGE_CURVE('',#4037,#4031,#814,.T.);
#3403=EDGE_CURVE('',#4038,#4037,#815,.T.);
#3404=EDGE_CURVE('',#4038,#4033,#816,.T.);
#3405=EDGE_CURVE('',#4039,#4032,#817,.T.);
#3406=EDGE_CURVE('',#4037,#4039,#818,.T.);
#3407=EDGE_CURVE('',#4040,#4036,#819,.T.);
#3408=EDGE_CURVE('',#4039,#4040,#820,.T.);
#3409=EDGE_CURVE('',#4041,#4035,#821,.T.);
#3410=EDGE_CURVE('',#4040,#4041,#822,.T.);
#3411=EDGE_CURVE('',#4042,#4034,#823,.T.);
#3412=EDGE_CURVE('',#4041,#4042,#824,.T.);
#3413=EDGE_CURVE('',#4042,#4038,#825,.T.);
#3414=EDGE_CURVE('',#4043,#4044,#826,.T.);
#3415=EDGE_CURVE('',#4043,#4045,#827,.T.);
#3416=EDGE_CURVE('',#4045,#4046,#828,.T.);
#3417=EDGE_CURVE('',#4044,#4046,#829,.T.);
#3418=EDGE_CURVE('',#4047,#4048,#830,.T.);
#3419=EDGE_CURVE('',#4047,#4043,#831,.T.);
#3420=EDGE_CURVE('',#4048,#4044,#832,.T.);
#3421=EDGE_CURVE('',#4049,#4050,#833,.T.);
#3422=EDGE_CURVE('',#4049,#4047,#834,.T.);
#3423=EDGE_CURVE('',#4050,#4048,#835,.T.);
#3424=EDGE_CURVE('',#4051,#4052,#836,.T.);
#3425=EDGE_CURVE('',#4051,#4049,#837,.T.);
#3426=EDGE_CURVE('',#4052,#4050,#838,.T.);
#3427=EDGE_CURVE('',#4053,#4054,#839,.T.);
#3428=EDGE_CURVE('',#4053,#4051,#840,.T.);
#3429=EDGE_CURVE('',#4054,#4052,#841,.T.);
#3430=EDGE_CURVE('',#4045,#4053,#842,.T.);
#3431=EDGE_CURVE('',#4046,#4054,#843,.T.);
#3432=EDGE_CURVE('',#4055,#4056,#526,.T.);
#3433=EDGE_CURVE('',#4057,#4055,#844,.T.);
#3434=EDGE_CURVE('',#4057,#4058,#527,.T.);
#3435=EDGE_CURVE('',#4058,#4056,#845,.T.);
#3436=EDGE_CURVE('',#4059,#4055,#846,.T.);
#3437=EDGE_CURVE('',#4060,#4059,#847,.T.);
#3438=EDGE_CURVE('',#4060,#4061,#4330,.T.);
#3439=EDGE_CURVE('',#4061,#4057,#848,.T.);
#3440=EDGE_CURVE('',#4059,#4062,#528,.T.);
#3441=EDGE_CURVE('',#4063,#4062,#849,.T.);
#3442=EDGE_CURVE('',#4063,#4060,#529,.F.);
#3443=EDGE_CURVE('',#4062,#4064,#850,.T.);
#3444=EDGE_CURVE('',#4065,#4064,#851,.T.);
#3445=EDGE_CURVE('',#4066,#4065,#852,.T.);
#3446=EDGE_CURVE('',#4066,#4063,#4331,.T.);
#3447=EDGE_CURVE('',#4064,#4067,#530,.T.);
#3448=EDGE_CURVE('',#4068,#4067,#853,.T.);
#3449=EDGE_CURVE('',#4065,#4068,#531,.T.);
#3450=EDGE_CURVE('',#4067,#4069,#854,.T.);
#3451=EDGE_CURVE('',#4070,#4069,#855,.T.);
#3452=EDGE_CURVE('',#4068,#4070,#856,.T.);
#3453=EDGE_CURVE('',#4069,#4071,#532,.T.);
#3454=EDGE_CURVE('',#4072,#4071,#857,.T.);
#3455=EDGE_CURVE('',#4070,#4072,#533,.T.);
#3456=EDGE_CURVE('',#4056,#4071,#858,.T.);
#3457=EDGE_CURVE('',#4058,#4072,#859,.T.);
#3458=EDGE_CURVE('',#4073,#4073,#534,.T.);
#3459=EDGE_CURVE('',#4074,#4074,#535,.T.);
#3460=EDGE_CURVE('',#4061,#4066,#536,.F.);
#3461=EDGE_CURVE('',#4075,#4075,#537,.T.);
#3462=EDGE_CURVE('',#4076,#4076,#538,.T.);
#3463=EDGE_CURVE('',#4077,#4077,#539,.T.);
#3464=EDGE_CURVE('',#4078,#4078,#540,.T.);
#3465=EDGE_CURVE('',#4079,#4080,#860,.T.);
#3466=EDGE_CURVE('',#4079,#4081,#861,.T.);
#3467=EDGE_CURVE('',#4081,#4082,#862,.T.);
#3468=EDGE_CURVE('',#4080,#4082,#863,.T.);
#3469=EDGE_CURVE('',#4083,#4084,#864,.T.);
#3470=EDGE_CURVE('',#4083,#4085,#865,.T.);
#3471=EDGE_CURVE('',#4085,#4086,#866,.T.);
#3472=EDGE_CURVE('',#4084,#4086,#867,.T.);
#3473=EDGE_CURVE('',#4087,#4088,#868,.T.);
#3474=EDGE_CURVE('',#4087,#4089,#869,.T.);
#3475=EDGE_CURVE('',#4089,#4090,#870,.T.);
#3476=EDGE_CURVE('',#4088,#4090,#871,.T.);
#3477=EDGE_CURVE('',#4091,#4079,#541,.T.);
#3478=EDGE_CURVE('',#4091,#4092,#872,.T.);
#3479=EDGE_CURVE('',#4092,#4081,#542,.T.);
#3480=EDGE_CURVE('',#4093,#4080,#543,.T.);
#3481=EDGE_CURVE('',#4094,#4082,#544,.T.);
#3482=EDGE_CURVE('',#4093,#4094,#873,.T.);
#3483=EDGE_CURVE('',#4095,#4095,#545,.T.);
#3484=EDGE_CURVE('',#4096,#4096,#546,.T.);
#3485=EDGE_CURVE('',#4097,#4097,#547,.T.);
#3486=EDGE_CURVE('',#4093,#4098,#874,.T.);
#3487=EDGE_CURVE('',#4098,#4099,#548,.T.);
#3488=EDGE_CURVE('',#4099,#4100,#875,.T.);
#3489=EDGE_CURVE('',#4100,#4101,#549,.T.);
#3490=EDGE_CURVE('',#4101,#4102,#876,.T.);
#3491=EDGE_CURVE('',#4102,#4103,#550,.T.);
#3492=EDGE_CURVE('',#4091,#4103,#877,.T.);
#3493=EDGE_CURVE('',#4104,#4104,#551,.T.);
#3494=EDGE_CURVE('',#4105,#4105,#552,.T.);
#3495=EDGE_CURVE('',#4106,#4106,#553,.T.);
#3496=EDGE_CURVE('',#4092,#4107,#878,.T.);
#3497=EDGE_CURVE('',#4108,#4107,#554,.T.);
#3498=EDGE_CURVE('',#4109,#4108,#879,.T.);
#3499=EDGE_CURVE('',#4110,#4109,#555,.T.);
#3500=EDGE_CURVE('',#4111,#4110,#880,.T.);
#3501=EDGE_CURVE('',#4112,#4111,#556,.T.);
#3502=EDGE_CURVE('',#4094,#4112,#881,.T.);
#3503=EDGE_CURVE('',#4113,#4113,#557,.T.);
#3504=EDGE_CURVE('',#4114,#4114,#558,.T.);
#3505=EDGE_CURVE('',#4100,#4110,#882,.T.);
#3506=EDGE_CURVE('',#4099,#4111,#883,.T.);
#3507=EDGE_CURVE('',#4101,#4109,#884,.T.);
#3508=EDGE_CURVE('',#4102,#4108,#885,.T.);
#3509=EDGE_CURVE('',#4103,#4107,#886,.T.);
#3510=EDGE_CURVE('',#4098,#4112,#887,.T.);
#3511=EDGE_CURVE('',#4115,#4115,#559,.T.);
#3512=EDGE_CURVE('',#4116,#4116,#560,.T.);
#3513=EDGE_CURVE('',#4117,#4083,#888,.T.);
#3514=EDGE_CURVE('',#4117,#4118,#889,.T.);
#3515=EDGE_CURVE('',#4118,#4085,#890,.T.);
#3516=EDGE_CURVE('',#4119,#4084,#891,.T.);
#3517=EDGE_CURVE('',#4117,#4119,#892,.T.);
#3518=EDGE_CURVE('',#4120,#4086,#893,.T.);
#3519=EDGE_CURVE('',#4119,#4120,#894,.T.);
#3520=EDGE_CURVE('',#4118,#4120,#895,.T.);
#3521=EDGE_CURVE('',#4121,#4087,#896,.T.);
#3522=EDGE_CURVE('',#4121,#4122,#897,.T.);
#3523=EDGE_CURVE('',#4122,#4089,#898,.T.);
#3524=EDGE_CURVE('',#4123,#4088,#899,.T.);
#3525=EDGE_CURVE('',#4121,#4123,#900,.T.);
#3526=EDGE_CURVE('',#4124,#4090,#901,.T.);
#3527=EDGE_CURVE('',#4123,#4124,#902,.T.);
#3528=EDGE_CURVE('',#4122,#4124,#903,.T.);
#3529=EDGE_CURVE('',#4125,#4125,#561,.F.);
#3530=EDGE_CURVE('',#4126,#4126,#562,.T.);
#3531=EDGE_CURVE('',#4127,#4127,#563,.F.);
#3532=EDGE_CURVE('',#4128,#4128,#564,.T.);
#3533=EDGE_CURVE('',#4129,#4129,#565,.T.);
#3534=EDGE_CURVE('',#4130,#4130,#566,.T.);
#3535=EDGE_CURVE('',#4131,#4131,#567,.T.);
#3536=EDGE_CURVE('',#4132,#4133,#568,.T.);
#3537=EDGE_CURVE('',#4134,#4132,#904,.T.);
#3538=EDGE_CURVE('',#4134,#4135,#569,.T.);
#3539=EDGE_CURVE('',#4135,#4133,#905,.T.);
#3540=EDGE_CURVE('',#4136,#4132,#906,.T.);
#3541=EDGE_CURVE('',#4137,#4136,#907,.T.);
#3542=EDGE_CURVE('',#4137,#4134,#908,.T.);
#3543=EDGE_CURVE('',#4136,#4138,#909,.T.);
#3544=EDGE_CURVE('',#4139,#4138,#910,.T.);
#3545=EDGE_CURVE('',#4137,#4139,#911,.T.);
#3546=EDGE_CURVE('',#4138,#4140,#912,.T.);
#3547=EDGE_CURVE('',#4141,#4140,#913,.T.);
#3548=EDGE_CURVE('',#4139,#4141,#914,.T.);
#3549=EDGE_CURVE('',#4140,#4142,#915,.T.);
#3550=EDGE_CURVE('',#4143,#4142,#916,.T.);
#3551=EDGE_CURVE('',#4141,#4143,#917,.T.);
#3552=EDGE_CURVE('',#4142,#4144,#4332,.T.);
#3553=EDGE_CURVE('',#4145,#4144,#918,.T.);
#3554=EDGE_CURVE('',#4143,#4145,#4333,.T.);
#3555=EDGE_CURVE('',#4146,#4146,#570,.T.);
#3556=EDGE_CURVE('',#4147,#4133,#571,.T.);
#3557=EDGE_CURVE('',#4147,#4148,#919,.T.);
#3558=EDGE_CURVE('',#4148,#4144,#572,.T.);
#3559=EDGE_CURVE('',#4149,#4150,#920,.T.);
#3560=EDGE_CURVE('',#4149,#4135,#573,.T.);
#3561=EDGE_CURVE('',#4150,#4145,#574,.T.);
#3562=EDGE_CURVE('',#4150,#4148,#921,.T.);
#3563=EDGE_CURVE('',#4149,#4147,#922,.T.);
#3564=EDGE_CURVE('',#4151,#4152,#923,.T.);
#3565=EDGE_CURVE('',#4153,#4151,#924,.T.);
#3566=EDGE_CURVE('',#4153,#4154,#925,.T.);
#3567=EDGE_CURVE('',#4154,#4152,#926,.T.);
#3568=EDGE_CURVE('',#4155,#4156,#927,.T.);
#3569=EDGE_CURVE('',#4157,#4155,#928,.T.);
#3570=EDGE_CURVE('',#4157,#4158,#929,.T.);
#3571=EDGE_CURVE('',#4158,#4156,#930,.T.);
#3572=EDGE_CURVE('',#4159,#4160,#931,.T.);
#3573=EDGE_CURVE('',#4160,#4161,#932,.T.);
#3574=EDGE_CURVE('',#4162,#4161,#933,.T.);
#3575=EDGE_CURVE('',#4159,#4162,#934,.T.);
#3576=EDGE_CURVE('',#4161,#4156,#935,.T.);
#3577=EDGE_CURVE('',#4160,#4155,#936,.T.);
#3578=EDGE_CURVE('',#4162,#4158,#937,.T.);
#3579=EDGE_CURVE('',#4159,#4157,#938,.T.);
#3580=EDGE_CURVE('',#4163,#4151,#939,.T.);
#3581=EDGE_CURVE('',#4164,#4163,#940,.T.);
#3582=EDGE_CURVE('',#4164,#4153,#941,.T.);
#3583=EDGE_CURVE('',#4164,#4165,#942,.T.);
#3584=EDGE_CURVE('',#4165,#4154,#943,.T.);
#3585=EDGE_CURVE('',#4165,#4166,#944,.T.);
#3586=EDGE_CURVE('',#4166,#4152,#945,.T.);
#3587=EDGE_CURVE('',#4163,#4166,#946,.T.);
#3588=EDGE_CURVE('',#4167,#4167,#575,.T.);
#3589=EDGE_CURVE('',#4168,#4168,#576,.T.);
#3590=EDGE_CURVE('',#4169,#4169,#577,.T.);
#3591=EDGE_CURVE('',#4170,#4170,#578,.T.);
#3592=EDGE_CURVE('',#4171,#4171,#579,.T.);
#3593=EDGE_CURVE('',#4172,#4172,#580,.T.);
#3594=EDGE_CURVE('',#4173,#4173,#581,.T.);
#3595=EDGE_CURVE('',#4174,#4174,#582,.T.);
#3596=EDGE_CURVE('',#4175,#4175,#583,.T.);
#3597=EDGE_CURVE('',#4176,#4176,#584,.T.);
#3598=EDGE_CURVE('',#4177,#4177,#585,.T.);
#3599=EDGE_CURVE('',#4178,#4178,#586,.T.);
#3600=EDGE_CURVE('',#4179,#4180,#947,.T.);
#3601=EDGE_CURVE('',#4180,#4181,#948,.T.);
#3602=EDGE_CURVE('',#4181,#4182,#949,.T.);
#3603=EDGE_CURVE('',#4182,#4183,#950,.T.);
#3604=EDGE_CURVE('',#4183,#4184,#951,.T.);
#3605=EDGE_CURVE('',#4184,#4179,#952,.T.);
#3606=EDGE_CURVE('',#4185,#4186,#953,.T.);
#3607=EDGE_CURVE('',#4186,#4187,#954,.T.);
#3608=EDGE_CURVE('',#4188,#4187,#955,.T.);
#3609=EDGE_CURVE('',#4188,#4185,#956,.T.);
#3610=EDGE_CURVE('',#4189,#4190,#957,.T.);
#3611=EDGE_CURVE('',#4190,#4191,#958,.T.);
#3612=EDGE_CURVE('',#4191,#4192,#959,.T.);
#3613=EDGE_CURVE('',#4192,#4193,#960,.T.);
#3614=EDGE_CURVE('',#4193,#4194,#961,.T.);
#3615=EDGE_CURVE('',#4194,#4189,#962,.T.);
#3616=EDGE_CURVE('',#4195,#4196,#963,.T.);
#3617=EDGE_CURVE('',#4196,#4197,#964,.T.);
#3618=EDGE_CURVE('',#4197,#4198,#965,.T.);
#3619=EDGE_CURVE('',#4198,#4199,#966,.T.);
#3620=EDGE_CURVE('',#4199,#4200,#967,.T.);
#3621=EDGE_CURVE('',#4200,#4195,#968,.T.);
#3622=EDGE_CURVE('',#4201,#4202,#969,.T.);
#3623=EDGE_CURVE('',#4201,#4203,#970,.T.);
#3624=EDGE_CURVE('',#4203,#4204,#971,.T.);
#3625=EDGE_CURVE('',#4205,#4204,#972,.T.);
#3626=EDGE_CURVE('',#4188,#4205,#973,.T.);
#3627=EDGE_CURVE('',#4187,#4206,#974,.T.);
#3628=EDGE_CURVE('',#4206,#4202,#975,.T.);
#3629=EDGE_CURVE('',#4205,#4207,#976,.T.);
#3630=EDGE_CURVE('',#4185,#4207,#977,.T.);
#3631=EDGE_CURVE('',#4208,#4209,#978,.T.);
#3632=EDGE_CURVE('',#4208,#4210,#979,.T.);
#3633=EDGE_CURVE('',#4211,#4210,#980,.T.);
#3634=EDGE_CURVE('',#4186,#4211,#981,.T.);
#3635=EDGE_CURVE('',#4207,#4212,#982,.T.);
#3636=EDGE_CURVE('',#4209,#4212,#983,.T.);
#3637=EDGE_CURVE('',#4203,#4209,#984,.T.);
#3638=EDGE_CURVE('',#4204,#4212,#985,.T.);
#3639=EDGE_CURVE('',#4213,#4213,#587,.T.);
#3640=EDGE_CURVE('',#4210,#4202,#986,.T.);
#3641=EDGE_CURVE('',#4211,#4206,#987,.T.);
#3642=EDGE_CURVE('',#4214,#4214,#588,.T.);
#3643=EDGE_CURVE('',#4208,#4201,#988,.T.);
#3644=EDGE_CURVE('',#4215,#4216,#989,.T.);
#3645=EDGE_CURVE('',#4217,#4215,#990,.T.);
#3646=EDGE_CURVE('',#4218,#4217,#991,.T.);
#3647=EDGE_CURVE('',#4219,#4218,#992,.T.);
#3648=EDGE_CURVE('',#4220,#4219,#993,.T.);
#3649=EDGE_CURVE('',#4216,#4220,#994,.T.);
#3650=EDGE_CURVE('',#4221,#4222,#995,.T.);
#3651=EDGE_CURVE('',#4223,#4221,#996,.T.);
#3652=EDGE_CURVE('',#4224,#4223,#997,.T.);
#3653=EDGE_CURVE('',#4225,#4224,#998,.T.);
#3654=EDGE_CURVE('',#4226,#4225,#999,.T.);
#3655=EDGE_CURVE('',#4222,#4226,#1000,.T.);
#3656=EDGE_CURVE('',#4227,#4228,#1001,.T.);
#3657=EDGE_CURVE('',#4229,#4227,#1002,.T.);
#3658=EDGE_CURVE('',#4230,#4229,#1003,.T.);
#3659=EDGE_CURVE('',#4231,#4230,#1004,.T.);
#3660=EDGE_CURVE('',#4232,#4231,#1005,.T.);
#3661=EDGE_CURVE('',#4228,#4232,#1006,.T.);
#3662=EDGE_CURVE('',#4233,#4190,#1007,.T.);
#3663=EDGE_CURVE('',#4233,#4234,#1008,.T.);
#3664=EDGE_CURVE('',#4234,#4191,#1009,.T.);
#3665=EDGE_CURVE('',#4235,#4189,#1010,.T.);
#3666=EDGE_CURVE('',#4235,#4233,#1011,.T.);
#3667=EDGE_CURVE('',#4236,#4194,#1012,.T.);
#3668=EDGE_CURVE('',#4236,#4235,#1013,.T.);
#3669=EDGE_CURVE('',#4237,#4193,#1014,.T.);
#3670=EDGE_CURVE('',#4237,#4236,#1015,.T.);
#3671=EDGE_CURVE('',#4238,#4192,#1016,.T.);
#3672=EDGE_CURVE('',#4238,#4237,#1017,.T.);
#3673=EDGE_CURVE('',#4234,#4238,#1018,.T.);
#3674=EDGE_CURVE('',#4239,#4180,#1019,.T.);
#3675=EDGE_CURVE('',#4239,#4240,#1020,.T.);
#3676=EDGE_CURVE('',#4240,#4181,#1021,.T.);
#3677=EDGE_CURVE('',#4241,#4179,#1022,.T.);
#3678=EDGE_CURVE('',#4241,#4239,#1023,.T.);
#3679=EDGE_CURVE('',#4242,#4184,#1024,.T.);
#3680=EDGE_CURVE('',#4242,#4241,#1025,.T.);
#3681=EDGE_CURVE('',#4243,#4183,#1026,.T.);
#3682=EDGE_CURVE('',#4243,#4242,#1027,.T.);
#3683=EDGE_CURVE('',#4244,#4182,#1028,.T.);
#3684=EDGE_CURVE('',#4244,#4243,#1029,.T.);
#3685=EDGE_CURVE('',#4240,#4244,#1030,.T.);
#3686=EDGE_CURVE('',#4245,#4196,#1031,.T.);
#3687=EDGE_CURVE('',#4245,#4246,#1032,.T.);
#3688=EDGE_CURVE('',#4246,#4197,#1033,.T.);
#3689=EDGE_CURVE('',#4247,#4195,#1034,.T.);
#3690=EDGE_CURVE('',#4247,#4245,#1035,.T.);
#3691=EDGE_CURVE('',#4248,#4200,#1036,.T.);
#3692=EDGE_CURVE('',#4248,#4247,#1037,.T.);
#3693=EDGE_CURVE('',#4249,#4199,#1038,.T.);
#3694=EDGE_CURVE('',#4249,#4248,#1039,.T.);
#3695=EDGE_CURVE('',#4250,#4198,#1040,.T.);
#3696=EDGE_CURVE('',#4250,#4249,#1041,.T.);
#3697=EDGE_CURVE('',#4246,#4250,#1042,.T.);
#3698=EDGE_CURVE('',#4251,#4228,#1043,.T.);
#3699=EDGE_CURVE('',#4252,#4251,#1044,.T.);
#3700=EDGE_CURVE('',#4252,#4227,#1045,.T.);
#3701=EDGE_CURVE('',#4253,#4232,#1046,.T.);
#3702=EDGE_CURVE('',#4251,#4253,#1047,.T.);
#3703=EDGE_CURVE('',#4254,#4231,#1048,.T.);
#3704=EDGE_CURVE('',#4253,#4254,#1049,.T.);
#3705=EDGE_CURVE('',#4255,#4230,#1050,.T.);
#3706=EDGE_CURVE('',#4254,#4255,#1051,.T.);
#3707=EDGE_CURVE('',#4256,#4229,#1052,.T.);
#3708=EDGE_CURVE('',#4255,#4256,#1053,.T.);
#3709=EDGE_CURVE('',#4256,#4252,#1054,.T.);
#3710=EDGE_CURVE('',#4257,#4222,#1055,.T.);
#3711=EDGE_CURVE('',#4258,#4257,#1056,.T.);
#3712=EDGE_CURVE('',#4258,#4221,#1057,.T.);
#3713=EDGE_CURVE('',#4259,#4226,#1058,.T.);
#3714=EDGE_CURVE('',#4257,#4259,#1059,.T.);
#3715=EDGE_CURVE('',#4260,#4225,#1060,.T.);
#3716=EDGE_CURVE('',#4259,#4260,#1061,.T.);
#3717=EDGE_CURVE('',#4261,#4224,#1062,.T.);
#3718=EDGE_CURVE('',#4260,#4261,#1063,.T.);
#3719=EDGE_CURVE('',#4262,#4223,#1064,.T.);
#3720=EDGE_CURVE('',#4261,#4262,#1065,.T.);
#3721=EDGE_CURVE('',#4262,#4258,#1066,.T.);
#3722=EDGE_CURVE('',#4263,#4216,#1067,.T.);
#3723=EDGE_CURVE('',#4264,#4263,#1068,.T.);
#3724=EDGE_CURVE('',#4264,#4215,#1069,.T.);
#3725=EDGE_CURVE('',#4265,#4220,#1070,.T.);
#3726=EDGE_CURVE('',#4263,#4265,#1071,.T.);
#3727=EDGE_CURVE('',#4266,#4219,#1072,.T.);
#3728=EDGE_CURVE('',#4265,#4266,#1073,.T.);
#3729=EDGE_CURVE('',#4267,#4218,#1074,.T.);
#3730=EDGE_CURVE('',#4266,#4267,#1075,.T.);
#3731=EDGE_CURVE('',#4268,#4217,#1076,.T.);
#3732=EDGE_CURVE('',#4267,#4268,#1077,.T.);
#3733=EDGE_CURVE('',#4268,#4264,#1078,.T.);
#3734=EDGE_CURVE('',#4269,#4270,#1079,.T.);
#3735=EDGE_CURVE('',#4271,#4269,#589,.T.);
#3736=EDGE_CURVE('',#4272,#4271,#1080,.T.);
#3737=EDGE_CURVE('',#4270,#4272,#4334,.T.);
#3738=EDGE_CURVE('',#4273,#4274,#1081,.T.);
#3739=EDGE_CURVE('',#4275,#4273,#590,.T.);
#3740=EDGE_CURVE('',#4276,#4275,#1082,.T.);
#3741=EDGE_CURVE('',#4274,#4276,#4335,.T.);
#3742=EDGE_CURVE('',#4269,#4275,#1083,.T.);
#3743=EDGE_CURVE('',#4271,#4273,#1084,.T.);
#3744=EDGE_CURVE('',#4274,#4272,#1085,.T.);
#3745=EDGE_CURVE('',#4276,#4270,#1086,.T.);
#3746=EDGE_CURVE('',#4277,#4277,#591,.T.);
#3747=EDGE_CURVE('',#4278,#4278,#592,.T.);
#3748=EDGE_CURVE('',#4279,#4279,#593,.T.);
#3749=EDGE_CURVE('',#4280,#4280,#594,.T.);
#3750=EDGE_CURVE('',#4281,#4281,#595,.T.);
#3751=EDGE_CURVE('',#4282,#4282,#596,.T.);
#3752=EDGE_CURVE('',#4283,#4283,#597,.T.);
#3753=EDGE_CURVE('',#4284,#4284,#598,.T.);
#3754=EDGE_CURVE('',#4285,#4285,#599,.T.);
#3755=EDGE_CURVE('',#4286,#4286,#600,.T.);
#3756=EDGE_CURVE('',#4287,#4287,#601,.T.);
#3757=EDGE_CURVE('',#4288,#4288,#602,.T.);
#3758=EDGE_CURVE('',#4289,#4289,#603,.T.);
#3759=EDGE_CURVE('',#4290,#4290,#604,.T.);
#3760=EDGE_CURVE('',#4291,#4291,#605,.T.);
#3761=EDGE_CURVE('',#4292,#4292,#606,.T.);
#3762=EDGE_CURVE('',#4293,#4293,#607,.T.);
#3763=EDGE_CURVE('',#4294,#4294,#608,.T.);
#3764=EDGE_CURVE('',#4295,#4295,#609,.T.);
#3765=EDGE_CURVE('',#4296,#4296,#610,.T.);
#3766=EDGE_CURVE('',#4297,#4297,#611,.T.);
#3767=EDGE_CURVE('',#4298,#4298,#612,.T.);
#3768=EDGE_CURVE('',#4299,#4299,#613,.T.);
#3769=EDGE_CURVE('',#4300,#4300,#614,.T.);
#3770=EDGE_CURVE('',#4301,#4301,#615,.T.);
#3771=EDGE_CURVE('',#4302,#4302,#616,.T.);
#3772=EDGE_CURVE('',#4304,#4304,#617,.T.);
#3773=VERTEX_POINT('',#8626);
#3774=VERTEX_POINT('',#8627);
#3775=VERTEX_POINT('',#8629);
#3776=VERTEX_POINT('',#8634);
#3777=VERTEX_POINT('',#8639);
#3778=VERTEX_POINT('',#8641);
#3779=VERTEX_POINT('',#8651);
#3780=VERTEX_POINT('',#8652);
#3781=VERTEX_POINT('',#8654);
#3782=VERTEX_POINT('',#8659);
#3783=VERTEX_POINT('',#8673);
#3784=VERTEX_POINT('',#8674);
#3785=VERTEX_POINT('',#8676);
#3786=VERTEX_POINT('',#8681);
#3787=VERTEX_POINT('',#8695);
#3788=VERTEX_POINT('',#8696);
#3789=VERTEX_POINT('',#8698);
#3790=VERTEX_POINT('',#8703);
#3791=VERTEX_POINT('',#8717);
#3792=VERTEX_POINT('',#8718);
#3793=VERTEX_POINT('',#8720);
#3794=VERTEX_POINT('',#8725);
#3795=VERTEX_POINT('',#8739);
#3796=VERTEX_POINT('',#8744);
#3797=VERTEX_POINT('',#8755);
#3798=VERTEX_POINT('',#8764);
#3799=VERTEX_POINT('',#8766);
#3800=VERTEX_POINT('',#8775);
#3801=VERTEX_POINT('',#8794);
#3802=VERTEX_POINT('',#8795);
#3803=VERTEX_POINT('',#8797);
#3804=VERTEX_POINT('',#8801);
#3805=VERTEX_POINT('',#8803);
#3806=VERTEX_POINT('',#8807);
#3807=VERTEX_POINT('',#8809);
#3808=VERTEX_POINT('',#8813);
#3809=VERTEX_POINT('',#8815);
#3810=VERTEX_POINT('',#8819);
#3811=VERTEX_POINT('',#8821);
#3812=VERTEX_POINT('',#8825);
#3813=VERTEX_POINT('',#8827);
#3814=VERTEX_POINT('',#8828);
#3815=VERTEX_POINT('',#8830);
#3816=VERTEX_POINT('',#8832);
#3817=VERTEX_POINT('',#8834);
#3818=VERTEX_POINT('',#8836);
#3819=VERTEX_POINT('',#8840);
#3820=VERTEX_POINT('',#8842);
#3821=VERTEX_POINT('',#8845);
#3822=VERTEX_POINT('',#8848);
#3823=VERTEX_POINT('',#8851);
#3824=VERTEX_POINT('',#8854);
#3825=VERTEX_POINT('',#8867);
#3826=VERTEX_POINT('',#8874);
#3827=VERTEX_POINT('',#8880);
#3828=VERTEX_POINT('',#8881);
#3829=VERTEX_POINT('',#8883);
#3830=VERTEX_POINT('',#8885);
#3831=VERTEX_POINT('',#8889);
#3832=VERTEX_POINT('',#8891);
#3833=VERTEX_POINT('',#8893);
#3834=VERTEX_POINT('',#8895);
#3835=VERTEX_POINT('',#8899);
#3836=VERTEX_POINT('',#8901);
#3837=VERTEX_POINT('',#8905);
#3838=VERTEX_POINT('',#8907);
#3839=VERTEX_POINT('',#8909);
#3840=VERTEX_POINT('',#8913);
#3841=VERTEX_POINT('',#8914);
#3842=VERTEX_POINT('',#8916);
#3843=VERTEX_POINT('',#8918);
#3844=VERTEX_POINT('',#8922);
#3845=VERTEX_POINT('',#8923);
#3846=VERTEX_POINT('',#8925);
#3847=VERTEX_POINT('',#8927);
#3848=VERTEX_POINT('',#8931);
#3849=VERTEX_POINT('',#8932);
#3850=VERTEX_POINT('',#8934);
#3851=VERTEX_POINT('',#8936);
#3852=VERTEX_POINT('',#8940);
#3853=VERTEX_POINT('',#8941);
#3854=VERTEX_POINT('',#8943);
#3855=VERTEX_POINT('',#8945);
#3856=VERTEX_POINT('',#8949);
#3857=VERTEX_POINT('',#8950);
#3858=VERTEX_POINT('',#8952);
#3859=VERTEX_POINT('',#8954);
#3860=VERTEX_POINT('',#8958);
#3861=VERTEX_POINT('',#8959);
#3862=VERTEX_POINT('',#8961);
#3863=VERTEX_POINT('',#8963);
#3864=VERTEX_POINT('',#8967);
#3865=VERTEX_POINT('',#8968);
#3866=VERTEX_POINT('',#8970);
#3867=VERTEX_POINT('',#8972);
#3868=VERTEX_POINT('',#8976);
#3869=VERTEX_POINT('',#8977);
#3870=VERTEX_POINT('',#8979);
#3871=VERTEX_POINT('',#8981);
#3872=VERTEX_POINT('',#8985);
#3873=VERTEX_POINT('',#8986);
#3874=VERTEX_POINT('',#8988);
#3875=VERTEX_POINT('',#8990);
#3876=VERTEX_POINT('',#8994);
#3877=VERTEX_POINT('',#8996);
#3878=VERTEX_POINT('',#8998);
#3879=VERTEX_POINT('',#9037);
#3880=VERTEX_POINT('',#9038);
#3881=VERTEX_POINT('',#9040);
#3882=VERTEX_POINT('',#9044);
#3883=VERTEX_POINT('',#9046);
#3884=VERTEX_POINT('',#9050);
#3885=VERTEX_POINT('',#9052);
#3886=VERTEX_POINT('',#9056);
#3887=VERTEX_POINT('',#9058);
#3888=VERTEX_POINT('',#9062);
#3889=VERTEX_POINT('',#9064);
#3890=VERTEX_POINT('',#9068);
#3891=VERTEX_POINT('',#9070);
#3892=VERTEX_POINT('',#9071);
#3893=VERTEX_POINT('',#9073);
#3894=VERTEX_POINT('',#9075);
#3895=VERTEX_POINT('',#9077);
#3896=VERTEX_POINT('',#9079);
#3897=VERTEX_POINT('',#9083);
#3898=VERTEX_POINT('',#9085);
#3899=VERTEX_POINT('',#9088);
#3900=VERTEX_POINT('',#9091);
#3901=VERTEX_POINT('',#9094);
#3902=VERTEX_POINT('',#9097);
#3903=VERTEX_POINT('',#9110);
#3904=VERTEX_POINT('',#9117);
#3905=VERTEX_POINT('',#9122);
#3906=VERTEX_POINT('',#9124);
#3907=VERTEX_POINT('',#9127);
#3908=VERTEX_POINT('',#9130);
#3909=VERTEX_POINT('',#9133);
#3910=VERTEX_POINT('',#9136);
#3911=VERTEX_POINT('',#9139);
#3912=VERTEX_POINT('',#9142);
#3913=VERTEX_POINT('',#9145);
#3914=VERTEX_POINT('',#9148);
#3915=VERTEX_POINT('',#9151);
#3916=VERTEX_POINT('',#9154);
#3917=VERTEX_POINT('',#9157);
#3918=VERTEX_POINT('',#9160);
#3919=VERTEX_POINT('',#9163);
#3920=VERTEX_POINT('',#9166);
#3921=VERTEX_POINT('',#9169);
#3922=VERTEX_POINT('',#9172);
#3923=VERTEX_POINT('',#9175);
#3924=VERTEX_POINT('',#9178);
#3925=VERTEX_POINT('',#9185);
#3926=VERTEX_POINT('',#9186);
#3927=VERTEX_POINT('',#9188);
#3928=VERTEX_POINT('',#9190);
#3929=VERTEX_POINT('',#9194);
#3930=VERTEX_POINT('',#9196);
#3931=VERTEX_POINT('',#9200);
#3932=VERTEX_POINT('',#9202);
#3933=VERTEX_POINT('',#9209);
#3934=VERTEX_POINT('',#9211);
#3935=VERTEX_POINT('',#9213);
#3936=VERTEX_POINT('',#9215);
#3937=VERTEX_POINT('',#9217);
#3938=VERTEX_POINT('',#9220);
#3939=VERTEX_POINT('',#9222);
#3940=VERTEX_POINT('',#9224);
#3941=VERTEX_POINT('',#9226);
#3942=VERTEX_POINT('',#9228);
#3943=VERTEX_POINT('',#9237);
#3944=VERTEX_POINT('',#9238);
#3945=VERTEX_POINT('',#9240);
#3946=VERTEX_POINT('',#9242);
#3947=VERTEX_POINT('',#9246);
#3948=VERTEX_POINT('',#9248);
#3949=VERTEX_POINT('',#9250);
#3950=VERTEX_POINT('',#9252);
#3951=VERTEX_POINT('',#9256);
#3952=VERTEX_POINT('',#9258);
#3953=VERTEX_POINT('',#9262);
#3954=VERTEX_POINT('',#9264);
#3955=VERTEX_POINT('',#9266);
#3956=VERTEX_POINT('',#9270);
#3957=VERTEX_POINT('',#9271);
#3958=VERTEX_POINT('',#9273);
#3959=VERTEX_POINT('',#9275);
#3960=VERTEX_POINT('',#9279);
#3961=VERTEX_POINT('',#9280);
#3962=VERTEX_POINT('',#9282);
#3963=VERTEX_POINT('',#9284);
#3964=VERTEX_POINT('',#9288);
#3965=VERTEX_POINT('',#9289);
#3966=VERTEX_POINT('',#9291);
#3967=VERTEX_POINT('',#9293);
#3968=VERTEX_POINT('',#9297);
#3969=VERTEX_POINT('',#9298);
#3970=VERTEX_POINT('',#9300);
#3971=VERTEX_POINT('',#9302);
#3972=VERTEX_POINT('',#9306);
#3973=VERTEX_POINT('',#9307);
#3974=VERTEX_POINT('',#9309);
#3975=VERTEX_POINT('',#9311);
#3976=VERTEX_POINT('',#9315);
#3977=VERTEX_POINT('',#9316);
#3978=VERTEX_POINT('',#9318);
#3979=VERTEX_POINT('',#9320);
#3980=VERTEX_POINT('',#9324);
#3981=VERTEX_POINT('',#9325);
#3982=VERTEX_POINT('',#9327);
#3983=VERTEX_POINT('',#9329);
#3984=VERTEX_POINT('',#9333);
#3985=VERTEX_POINT('',#9334);
#3986=VERTEX_POINT('',#9336);
#3987=VERTEX_POINT('',#9338);
#3988=VERTEX_POINT('',#9342);
#3989=VERTEX_POINT('',#9343);
#3990=VERTEX_POINT('',#9345);
#3991=VERTEX_POINT('',#9347);
#3992=VERTEX_POINT('',#9351);
#3993=VERTEX_POINT('',#9353);
#3994=VERTEX_POINT('',#9355);
#3995=VERTEX_POINT('',#9399);
#3996=VERTEX_POINT('',#9400);
#3997=VERTEX_POINT('',#9402);
#3998=VERTEX_POINT('',#9404);
#3999=VERTEX_POINT('',#9408);
#4000=VERTEX_POINT('',#9410);
#4001=VERTEX_POINT('',#9414);
#4002=VERTEX_POINT('',#9416);
#4003=VERTEX_POINT('',#9420);
#4004=VERTEX_POINT('',#9422);
#4005=VERTEX_POINT('',#9425);
#4006=VERTEX_POINT('',#9427);
#4007=VERTEX_POINT('',#9433);
#4008=VERTEX_POINT('',#9435);
#4009=VERTEX_POINT('',#9438);
#4010=VERTEX_POINT('',#9440);
#4011=VERTEX_POINT('',#9447);
#4012=VERTEX_POINT('',#9449);
#4013=VERTEX_POINT('',#9452);
#4014=VERTEX_POINT('',#9453);
#4015=VERTEX_POINT('',#9455);
#4016=VERTEX_POINT('',#9457);
#4017=VERTEX_POINT('',#9461);
#4018=VERTEX_POINT('',#9463);
#4019=VERTEX_POINT('',#9467);
#4020=VERTEX_POINT('',#9469);
#4021=VERTEX_POINT('',#9473);
#4022=VERTEX_POINT('',#9475);
#4023=VERTEX_POINT('',#9479);
#4024=VERTEX_POINT('',#9481);
#4025=VERTEX_POINT('',#9485);
#4026=VERTEX_POINT('',#9487);
#4027=VERTEX_POINT('',#9491);
#4028=VERTEX_POINT('',#9493);
#4029=VERTEX_POINT('',#9497);
#4030=VERTEX_POINT('',#9499);
#4031=VERTEX_POINT('',#9506);
#4032=VERTEX_POINT('',#9507);
#4033=VERTEX_POINT('',#9509);
#4034=VERTEX_POINT('',#9511);
#4035=VERTEX_POINT('',#9513);
#4036=VERTEX_POINT('',#9515);
#4037=VERTEX_POINT('',#9519);
#4038=VERTEX_POINT('',#9521);
#4039=VERTEX_POINT('',#9525);
#4040=VERTEX_POINT('',#9529);
#4041=VERTEX_POINT('',#9533);
#4042=VERTEX_POINT('',#9537);
#4043=VERTEX_POINT('',#9546);
#4044=VERTEX_POINT('',#9547);
#4045=VERTEX_POINT('',#9549);
#4046=VERTEX_POINT('',#9551);
#4047=VERTEX_POINT('',#9555);
#4048=VERTEX_POINT('',#9556);
#4049=VERTEX_POINT('',#9561);
#4050=VERTEX_POINT('',#9562);
#4051=VERTEX_POINT('',#9567);
#4052=VERTEX_POINT('',#9568);
#4053=VERTEX_POINT('',#9573);
#4054=VERTEX_POINT('',#9574);
#4055=VERTEX_POINT('',#9582);
#4056=VERTEX_POINT('',#9583);
#4057=VERTEX_POINT('',#9585);
#4058=VERTEX_POINT('',#9587);
#4059=VERTEX_POINT('',#9591);
#4060=VERTEX_POINT('',#9593);
#4061=VERTEX_POINT('',#9598);
#4062=VERTEX_POINT('',#9602);
#4063=VERTEX_POINT('',#9604);
#4064=VERTEX_POINT('',#9608);
#4065=VERTEX_POINT('',#9610);
#4066=VERTEX_POINT('',#9612);
#4067=VERTEX_POINT('',#9619);
#4068=VERTEX_POINT('',#9621);
#4069=VERTEX_POINT('',#9625);
#4070=VERTEX_POINT('',#9627);
#4071=VERTEX_POINT('',#9631);
#4072=VERTEX_POINT('',#9633);
#4073=VERTEX_POINT('',#9640);
#4074=VERTEX_POINT('',#9642);
#4075=VERTEX_POINT('',#9648);
#4076=VERTEX_POINT('',#9650);
#4077=VERTEX_POINT('',#9653);
#4078=VERTEX_POINT('',#9655);
#4079=VERTEX_POINT('',#9667);
#4080=VERTEX_POINT('',#9668);
#4081=VERTEX_POINT('',#9670);
#4082=VERTEX_POINT('',#9672);
#4083=VERTEX_POINT('',#9675);
#4084=VERTEX_POINT('',#9676);
#4085=VERTEX_POINT('',#9678);
#4086=VERTEX_POINT('',#9680);
#4087=VERTEX_POINT('',#9683);
#4088=VERTEX_POINT('',#9684);
#4089=VERTEX_POINT('',#9686);
#4090=VERTEX_POINT('',#9688);
#4091=VERTEX_POINT('',#9692);
#4092=VERTEX_POINT('',#9694);
#4093=VERTEX_POINT('',#9698);
#4094=VERTEX_POINT('',#9700);
#4095=VERTEX_POINT('',#9704);
#4096=VERTEX_POINT('',#9706);
#4097=VERTEX_POINT('',#9708);
#4098=VERTEX_POINT('',#9710);
#4099=VERTEX_POINT('',#9712);
#4100=VERTEX_POINT('',#9714);
#4101=VERTEX_POINT('',#9716);
#4102=VERTEX_POINT('',#9718);
#4103=VERTEX_POINT('',#9720);
#4104=VERTEX_POINT('',#9724);
#4105=VERTEX_POINT('',#9726);
#4106=VERTEX_POINT('',#9728);
#4107=VERTEX_POINT('',#9730);
#4108=VERTEX_POINT('',#9732);
#4109=VERTEX_POINT('',#9734);
#4110=VERTEX_POINT('',#9736);
#4111=VERTEX_POINT('',#9738);
#4112=VERTEX_POINT('',#9740);
#4113=VERTEX_POINT('',#9744);
#4114=VERTEX_POINT('',#9747);
#4115=VERTEX_POINT('',#9764);
#4116=VERTEX_POINT('',#9768);
#4117=VERTEX_POINT('',#9772);
#4118=VERTEX_POINT('',#9774);
#4119=VERTEX_POINT('',#9778);
#4120=VERTEX_POINT('',#9782);
#4121=VERTEX_POINT('',#9789);
#4122=VERTEX_POINT('',#9791);
#4123=VERTEX_POINT('',#9795);
#4124=VERTEX_POINT('',#9799);
#4125=VERTEX_POINT('',#9807);
#4126=VERTEX_POINT('',#9809);
#4127=VERTEX_POINT('',#9812);
#4128=VERTEX_POINT('',#9814);
#4129=VERTEX_POINT('',#9817);
#4130=VERTEX_POINT('',#9819);
#4131=VERTEX_POINT('',#9822);
#4132=VERTEX_POINT('',#9825);
#4133=VERTEX_POINT('',#9826);
#4134=VERTEX_POINT('',#9828);
#4135=VERTEX_POINT('',#9830);
#4136=VERTEX_POINT('',#9834);
#4137=VERTEX_POINT('',#9836);
#4138=VERTEX_POINT('',#9840);
#4139=VERTEX_POINT('',#9842);
#4140=VERTEX_POINT('',#9846);
#4141=VERTEX_POINT('',#9848);
#4142=VERTEX_POINT('',#9852);
#4143=VERTEX_POINT('',#9854);
#4144=VERTEX_POINT('',#9868);
#4145=VERTEX_POINT('',#9870);
#4146=VERTEX_POINT('',#9877);
#4147=VERTEX_POINT('',#9880);
#4148=VERTEX_POINT('',#9882);
#4149=VERTEX_POINT('',#9886);
#4150=VERTEX_POINT('',#9887);
#4151=VERTEX_POINT('',#9896);
#4152=VERTEX_POINT('',#9897);
#4153=VERTEX_POINT('',#9899);
#4154=VERTEX_POINT('',#9901);
#4155=VERTEX_POINT('',#9904);
#4156=VERTEX_POINT('',#9905);
#4157=VERTEX_POINT('',#9907);
#4158=VERTEX_POINT('',#9909);
#4159=VERTEX_POINT('',#9913);
#4160=VERTEX_POINT('',#9914);
#4161=VERTEX_POINT('',#9916);
#4162=VERTEX_POINT('',#9918);
#4163=VERTEX_POINT('',#9930);
#4164=VERTEX_POINT('',#9932);
#4165=VERTEX_POINT('',#9936);
#4166=VERTEX_POINT('',#9940);
#4167=VERTEX_POINT('',#9951);
#4168=VERTEX_POINT('',#9953);
#4169=VERTEX_POINT('',#9956);
#4170=VERTEX_POINT('',#9958);
#4171=VERTEX_POINT('',#9961);
#4172=VERTEX_POINT('',#9963);
#4173=VERTEX_POINT('',#9966);
#4174=VERTEX_POINT('',#9968);
#4175=VERTEX_POINT('',#9971);
#4176=VERTEX_POINT('',#9973);
#4177=VERTEX_POINT('',#9976);
#4178=VERTEX_POINT('',#9978);
#4179=VERTEX_POINT('',#9981);
#4180=VERTEX_POINT('',#9982);
#4181=VERTEX_POINT('',#9984);
#4182=VERTEX_POINT('',#9986);
#4183=VERTEX_POINT('',#9988);
#4184=VERTEX_POINT('',#9990);
#4185=VERTEX_POINT('',#9993);
#4186=VERTEX_POINT('',#9994);
#4187=VERTEX_POINT('',#9996);
#4188=VERTEX_POINT('',#9998);
#4189=VERTEX_POINT('',#10001);
#4190=VERTEX_POINT('',#10002);
#4191=VERTEX_POINT('',#10004);
#4192=VERTEX_POINT('',#10006);
#4193=VERTEX_POINT('',#10008);
#4194=VERTEX_POINT('',#10010);
#4195=VERTEX_POINT('',#10013);
#4196=VERTEX_POINT('',#10014);
#4197=VERTEX_POINT('',#10016);
#4198=VERTEX_POINT('',#10018);
#4199=VERTEX_POINT('',#10020);
#4200=VERTEX_POINT('',#10022);
#4201=VERTEX_POINT('',#10026);
#4202=VERTEX_POINT('',#10027);
#4203=VERTEX_POINT('',#10029);
#4204=VERTEX_POINT('',#10031);
#4205=VERTEX_POINT('',#10033);
#4206=VERTEX_POINT('',#10036);
#4207=VERTEX_POINT('',#10040);
#4208=VERTEX_POINT('',#10044);
#4209=VERTEX_POINT('',#10045);
#4210=VERTEX_POINT('',#10047);
#4211=VERTEX_POINT('',#10049);
#4212=VERTEX_POINT('',#10052);
#4213=VERTEX_POINT('',#10059);
#4214=VERTEX_POINT('',#10064);
#4215=VERTEX_POINT('',#10070);
#4216=VERTEX_POINT('',#10071);
#4217=VERTEX_POINT('',#10073);
#4218=VERTEX_POINT('',#10075);
#4219=VERTEX_POINT('',#10077);
#4220=VERTEX_POINT('',#10079);
#4221=VERTEX_POINT('',#10082);
#4222=VERTEX_POINT('',#10083);
#4223=VERTEX_POINT('',#10085);
#4224=VERTEX_POINT('',#10087);
#4225=VERTEX_POINT('',#10089);
#4226=VERTEX_POINT('',#10091);
#4227=VERTEX_POINT('',#10094);
#4228=VERTEX_POINT('',#10095);
#4229=VERTEX_POINT('',#10097);
#4230=VERTEX_POINT('',#10099);
#4231=VERTEX_POINT('',#10101);
#4232=VERTEX_POINT('',#10103);
#4233=VERTEX_POINT('',#10108);
#4234=VERTEX_POINT('',#10110);
#4235=VERTEX_POINT('',#10114);
#4236=VERTEX_POINT('',#10118);
#4237=VERTEX_POINT('',#10122);
#4238=VERTEX_POINT('',#10126);
#4239=VERTEX_POINT('',#10133);
#4240=VERTEX_POINT('',#10135);
#4241=VERTEX_POINT('',#10139);
#4242=VERTEX_POINT('',#10143);
#4243=VERTEX_POINT('',#10147);
#4244=VERTEX_POINT('',#10151);
#4245=VERTEX_POINT('',#10158);
#4246=VERTEX_POINT('',#10160);
#4247=VERTEX_POINT('',#10164);
#4248=VERTEX_POINT('',#10168);
#4249=VERTEX_POINT('',#10172);
#4250=VERTEX_POINT('',#10176);
#4251=VERTEX_POINT('',#10183);
#4252=VERTEX_POINT('',#10185);
#4253=VERTEX_POINT('',#10189);
#4254=VERTEX_POINT('',#10193);
#4255=VERTEX_POINT('',#10197);
#4256=VERTEX_POINT('',#10201);
#4257=VERTEX_POINT('',#10208);
#4258=VERTEX_POINT('',#10210);
#4259=VERTEX_POINT('',#10214);
#4260=VERTEX_POINT('',#10218);
#4261=VERTEX_POINT('',#10222);
#4262=VERTEX_POINT('',#10226);
#4263=VERTEX_POINT('',#10233);
#4264=VERTEX_POINT('',#10235);
#4265=VERTEX_POINT('',#10239);
#4266=VERTEX_POINT('',#10243);
#4267=VERTEX_POINT('',#10247);
#4268=VERTEX_POINT('',#10251);
#4269=VERTEX_POINT('',#10266);
#4270=VERTEX_POINT('',#10267);
#4271=VERTEX_POINT('',#10269);
#4272=VERTEX_POINT('',#10271);
#4273=VERTEX_POINT('',#10281);
#4274=VERTEX_POINT('',#10282);
#4275=VERTEX_POINT('',#10284);
#4276=VERTEX_POINT('',#10286);
#4277=VERTEX_POINT('',#10303);
#4278=VERTEX_POINT('',#10306);
#4279=VERTEX_POINT('',#10309);
#4280=VERTEX_POINT('',#10312);
#4281=VERTEX_POINT('',#10315);
#4282=VERTEX_POINT('',#10317);
#4283=VERTEX_POINT('',#10319);
#4284=VERTEX_POINT('',#10321);
#4285=VERTEX_POINT('',#10324);
#4286=VERTEX_POINT('',#10326);
#4287=VERTEX_POINT('',#10329);
#4288=VERTEX_POINT('',#10331);
#4289=VERTEX_POINT('',#10334);
#4290=VERTEX_POINT('',#10336);
#4291=VERTEX_POINT('',#10339);
#4292=VERTEX_POINT('',#10341);
#4293=VERTEX_POINT('',#10343);
#4294=VERTEX_POINT('',#10345);
#4295=VERTEX_POINT('',#10348);
#4296=VERTEX_POINT('',#10352);
#4297=VERTEX_POINT('',#10355);
#4298=VERTEX_POINT('',#10358);
#4299=VERTEX_POINT('',#10361);
#4300=VERTEX_POINT('',#10364);
#4301=VERTEX_POINT('',#10368);
#4302=VERTEX_POINT('',#10372);
#4303=VERTEX_POINT('',#10373);
#4304=VERTEX_POINT('',#10377);
#4305=VERTEX_POINT('',#10378);
#4306=B_SPLINE_CURVE_WITH_KNOTS('',3,(#8622,#8623,#8624,#8625),
 .UNSPECIFIED.,.F.,.F.,(4,4),(0.00490570243586109,0.00768734991607703),
 .UNSPECIFIED.);
#4307=B_SPLINE_CURVE_WITH_KNOTS('',3,(#8630,#8631,#8632,#8633),
 .UNSPECIFIED.,.F.,.F.,(4,4),(0.00490570243586108,0.00768734991607702),
 .UNSPECIFIED.);
#4308=B_SPLINE_CURVE_WITH_KNOTS('',3,(#8635,#8636,#8637,#8638),
 .UNSPECIFIED.,.F.,.F.,(4,4),(0.00768734991607702,0.0104706500711586),
 .UNSPECIFIED.);
#4309=B_SPLINE_CURVE_WITH_KNOTS('',3,(#8642,#8643,#8644,#8645),
 .UNSPECIFIED.,.F.,.F.,(4,4),(0.00768734991607703,0.0104706500711586),
 .UNSPECIFIED.);
#4310=B_SPLINE_CURVE_WITH_KNOTS('',3,(#8647,#8648,#8649,#8650),
 .UNSPECIFIED.,.F.,.F.,(4,4),(2.3807356757347E-7,0.00278241434515145),
 .UNSPECIFIED.);
#4311=B_SPLINE_CURVE_WITH_KNOTS('',3,(#8655,#8656,#8657,#8658),
 .UNSPECIFIED.,.F.,.F.,(4,4),(2.38073567573674E-7,0.00278241434515145),
 .UNSPECIFIED.);
#4312=B_SPLINE_CURVE_WITH_KNOTS('',3,(#8660,#8661,#8662,#8663),
 .UNSPECIFIED.,.F.,.F.,(4,4),(0.00278241434515145,0.00555419196044449),
 .UNSPECIFIED.);
#4313=B_SPLINE_CURVE_WITH_KNOTS('',3,(#8664,#8665,#8666,#8667),
 .UNSPECIFIED.,.F.,.F.,(4,4),(0.00278241434515145,0.00555419196044449),
 .UNSPECIFIED.);
#4314=B_SPLINE_CURVE_WITH_KNOTS('',3,(#8669,#8670,#8671,#8672),
 .UNSPECIFIED.,.F.,.F.,(4,4),(2.38073567577242E-7,0.00278241434515144),
 .UNSPECIFIED.);
#4315=B_SPLINE_CURVE_WITH_KNOTS('',3,(#8677,#8678,#8679,#8680),
 .UNSPECIFIED.,.F.,.F.,(4,4),(2.38073567577242E-7,0.00278241434515144),
 .UNSPECIFIED.);
#4316=B_SPLINE_CURVE_WITH_KNOTS('',3,(#8682,#8683,#8684,#8685),
 .UNSPECIFIED.,.F.,.F.,(4,4),(0.00278241434515144,0.00555419196044449),
 .UNSPECIFIED.);
#4317=B_SPLINE_CURVE_WITH_KNOTS('',3,(#8686,#8687,#8688,#8689),
 .UNSPECIFIED.,.F.,.F.,(4,4),(0.00278241434515144,0.00555419196044449),
 .UNSPECIFIED.);
#4318=B_SPLINE_CURVE_WITH_KNOTS('',3,(#8691,#8692,#8693,#8694),
 .UNSPECIFIED.,.F.,.F.,(4,4),(0.00768734991607701,0.0104706500711586),
 .UNSPECIFIED.);
#4319=B_SPLINE_CURVE_WITH_KNOTS('',3,(#8699,#8700,#8701,#8702),
 .UNSPECIFIED.,.F.,.F.,(4,4),(0.00768734991607701,0.0104706500711586),
 .UNSPECIFIED.);
#4320=B_SPLINE_CURVE_WITH_KNOTS('',3,(#8704,#8705,#8706,#8707),
 .UNSPECIFIED.,.F.,.F.,(4,4),(0.00490570243586108,0.00768734991607701),
 .UNSPECIFIED.);
#4321=B_SPLINE_CURVE_WITH_KNOTS('',3,(#8708,#8709,#8710,#8711),
 .UNSPECIFIED.,.F.,.F.,(4,4),(0.00490570243586108,0.00768734991607701),
 .UNSPECIFIED.);
#4322=B_SPLINE_CURVE_WITH_KNOTS('',3,(#8713,#8714,#8715,#8716),
 .UNSPECIFIED.,.F.,.F.,(4,4),(2.38073567571917E-7,0.00278241434515145),
 .UNSPECIFIED.);
#4323=B_SPLINE_CURVE_WITH_KNOTS('',3,(#8721,#8722,#8723,#8724),
 .UNSPECIFIED.,.F.,.F.,(4,4),(2.38073567575133E-7,0.00278241434515145),
 .UNSPECIFIED.);
#4324=B_SPLINE_CURVE_WITH_KNOTS('',3,(#8726,#8727,#8728,#8729),
 .UNSPECIFIED.,.F.,.F.,(4,4),(0.00278241434515145,0.00555419196044449),
 .UNSPECIFIED.);
#4325=B_SPLINE_CURVE_WITH_KNOTS('',3,(#8730,#8731,#8732,#8733),
 .UNSPECIFIED.,.F.,.F.,(4,4),(0.00278241434515145,0.00555419196044449),
 .UNSPECIFIED.);
#4326=B_SPLINE_CURVE_WITH_KNOTS('',3,(#8735,#8736,#8737,#8738),
 .UNSPECIFIED.,.F.,.F.,(4,4),(2.38073567574337E-7,0.00278241434515145),
 .UNSPECIFIED.);
#4327=B_SPLINE_CURVE_WITH_KNOTS('',3,(#8740,#8741,#8742,#8743),
 .UNSPECIFIED.,.F.,.F.,(4,4),(2.3807356757508E-7,0.00278241434515145),
 .UNSPECIFIED.);
#4328=B_SPLINE_CURVE_WITH_KNOTS('',3,(#8745,#8746,#8747,#8748),
 .UNSPECIFIED.,.F.,.F.,(4,4),(0.00278241434515145,0.00555419196044449),
 .UNSPECIFIED.);
#4329=B_SPLINE_CURVE_WITH_KNOTS('',3,(#8749,#8750,#8751,#8752),
 .UNSPECIFIED.,.F.,.F.,(4,4),(0.00278241434515145,0.00555419196044449),
 .UNSPECIFIED.);
#4330=B_SPLINE_CURVE_WITH_KNOTS('',3,(#9594,#9595,#9596,#9597),
 .UNSPECIFIED.,.F.,.F.,(4,4),(1.64962714143743E-19,0.0035332146375198),
 .UNSPECIFIED.);
#4331=B_SPLINE_CURVE_WITH_KNOTS('',3,(#9613,#9614,#9615,#9616),
 .UNSPECIFIED.,.F.,.F.,(4,4),(0.,0.00353321463751966),.UNSPECIFIED.);
#4332=B_SPLINE_CURVE_WITH_KNOTS('',3,(#9864,#9865,#9866,#9867),
 .UNSPECIFIED.,.F.,.F.,(4,4),(0.,0.854196912916705),
 .PIECEWISE_BEZIER_KNOTS.);
#4333=B_SPLINE_CURVE_WITH_KNOTS('',3,(#9871,#9872,#9873,#9874),
 .UNSPECIFIED.,.F.,.F.,(4,4),(0.,0.854196912916705),
 .PIECEWISE_BEZIER_KNOTS.);
#4334=B_SPLINE_CURVE_WITH_KNOTS('',3,(#10272,#10273,#10274,#10275,#10276,
#10277,#10278),.UNSPECIFIED.,.F.,.F.,(4,1,1,1,4),(0.,0.000823766244995383,
0.00164753248999077,0.00247129873498615,0.00329506497998153),
 .UNSPECIFIED.);
#4335=B_SPLINE_CURVE_WITH_KNOTS('',3,(#10287,#10288,#10289,#10290,#10291,
#10292,#10293),.UNSPECIFIED.,.F.,.F.,(4,1,1,1,4),(-0.00164749319198396,
-0.000823736658647502,1.98746889516679E-8,0.000823776408025405,0.00164753294136186),
 .UNSPECIFIED.);
#4336=EDGE_LOOP('',(#1556,#1557,#1558,#1559,#1560,#1561));
#4337=EDGE_LOOP('',(#1562,#1563,#1564,#1565,#1566,#1567));
#4338=EDGE_LOOP('',(#1568,#1569,#1570,#1571,#1572,#1573));
#4339=EDGE_LOOP('',(#1574,#1575,#1576,#1577,#1578,#1579));
#4340=EDGE_LOOP('',(#1580,#1581,#1582,#1583,#1584,#1585));
#4341=EDGE_LOOP('',(#1586,#1587,#1588,#1589,#1590,#1591));
#4342=EDGE_LOOP('',(#1592));
#4343=EDGE_LOOP('',(#1593,#1594,#1595,#1596,#1597,#1598));
#4344=EDGE_LOOP('',(#1599));
#4345=EDGE_LOOP('',(#1600));
#4346=EDGE_LOOP('',(#1601,#1602,#1603,#1604,#1605,#1606));
#4347=EDGE_LOOP('',(#1607));
#4348=EDGE_LOOP('',(#1608));
#4349=EDGE_LOOP('',(#1609));
#4350=EDGE_LOOP('',(#1610));
#4351=EDGE_LOOP('',(#1611));
#4352=EDGE_LOOP('',(#1612,#1613,#1614));
#4353=EDGE_LOOP('',(#1615,#1616,#1617));
#4354=EDGE_LOOP('',(#1618,#1619,#1620));
#4355=EDGE_LOOP('',(#1621,#1622,#1623));
#4356=EDGE_LOOP('',(#1624,#1625,#1626));
#4357=EDGE_LOOP('',(#1627,#1628,#1629));
#4358=EDGE_LOOP('',(#1630,#1631,#1632));
#4359=EDGE_LOOP('',(#1633,#1634,#1635));
#4360=EDGE_LOOP('',(#1636,#1637,#1638));
#4361=EDGE_LOOP('',(#1639,#1640,#1641));
#4362=EDGE_LOOP('',(#1642,#1643,#1644));
#4363=EDGE_LOOP('',(#1645,#1646,#1647));
#4364=EDGE_LOOP('',(#1648,#1649,#1650));
#4365=EDGE_LOOP('',(#1651,#1652,#1653));
#4366=EDGE_LOOP('',(#1654,#1655,#1656));
#4367=EDGE_LOOP('',(#1657,#1658,#1659));
#4368=EDGE_LOOP('',(#1660,#1661,#1662));
#4369=EDGE_LOOP('',(#1663));
#4370=EDGE_LOOP('',(#1664,#1665,#1666,#1667,#1668,#1669));
#4371=EDGE_LOOP('',(#1670));
#4372=EDGE_LOOP('',(#1671));
#4373=EDGE_LOOP('',(#1672));
#4374=EDGE_LOOP('',(#1673));
#4375=EDGE_LOOP('',(#1674));
#4376=EDGE_LOOP('',(#1675));
#4377=EDGE_LOOP('',(#1676));
#4378=EDGE_LOOP('',(#1677));
#4379=EDGE_LOOP('',(#1678));
#4380=EDGE_LOOP('',(#1679));
#4381=EDGE_LOOP('',(#1680));
#4382=EDGE_LOOP('',(#1681,#1682,#1683,#1684,#1685));
#4383=EDGE_LOOP('',(#1686,#1687,#1688,#1689,#1690));
#4384=EDGE_LOOP('',(#1691,#1692,#1693,#1694,#1695));
#4385=EDGE_LOOP('',(#1696,#1697,#1698,#1699,#1700));
#4386=EDGE_LOOP('',(#1701,#1702,#1703,#1704,#1705));
#4387=EDGE_LOOP('',(#1706,#1707,#1708,#1709,#1710));
#4388=EDGE_LOOP('',(#1711,#1712,#1713));
#4389=EDGE_LOOP('',(#1714,#1715,#1716,#1717,#1718,#1719));
#4390=EDGE_LOOP('',(#1720));
#4391=EDGE_LOOP('',(#1721));
#4392=EDGE_LOOP('',(#1722,#1723,#1724,#1725));
#4393=EDGE_LOOP('',(#1726));
#4394=EDGE_LOOP('',(#1727));
#4395=EDGE_LOOP('',(#1728,#1729,#1730,#1731));
#4396=EDGE_LOOP('',(#1732,#1733,#1734,#1735));
#4397=EDGE_LOOP('',(#1736));
#4398=EDGE_LOOP('',(#1737,#1738,#1739,#1740));
#4399=EDGE_LOOP('',(#1741,#1742,#1743,#1744));
#4400=EDGE_LOOP('',(#1745,#1746,#1747,#1748));
#4401=EDGE_LOOP('',(#1749,#1750,#1751,#1752));
#4402=EDGE_LOOP('',(#1753,#1754,#1755,#1756));
#4403=EDGE_LOOP('',(#1757,#1758,#1759,#1760));
#4404=EDGE_LOOP('',(#1761,#1762,#1763,#1764));
#4405=EDGE_LOOP('',(#1765,#1766,#1767,#1768));
#4406=EDGE_LOOP('',(#1769,#1770,#1771,#1772));
#4407=EDGE_LOOP('',(#1773,#1774,#1775,#1776));
#4408=EDGE_LOOP('',(#1777));
#4409=EDGE_LOOP('',(#1778,#1779,#1780,#1781));
#4410=EDGE_LOOP('',(#1782,#1783,#1784,#1785,#1786,#1787,#1788,#1789,#1790,
#1791,#1792,#1793,#1794,#1795,#1796,#1797,#1798,#1799,#1800,#1801,#1802,
#1803,#1804,#1805));
#4411=EDGE_LOOP('',(#1806,#1807,#1808,#1809,#1810,#1811,#1812,#1813,#1814,
#1815,#1816,#1817,#1818,#1819,#1820,#1821,#1822,#1823,#1824,#1825,#1826,
#1827,#1828,#1829));
#4412=EDGE_LOOP('',(#1830));
#4413=EDGE_LOOP('',(#1831));
#4414=EDGE_LOOP('',(#1832));
#4415=EDGE_LOOP('',(#1833));
#4416=EDGE_LOOP('',(#1834,#1835,#1836,#1837));
#4417=EDGE_LOOP('',(#1838,#1839,#1840,#1841));
#4418=EDGE_LOOP('',(#1842,#1843,#1844,#1845));
#4419=EDGE_LOOP('',(#1846,#1847,#1848,#1849));
#4420=EDGE_LOOP('',(#1850,#1851,#1852,#1853));
#4421=EDGE_LOOP('',(#1854,#1855,#1856,#1857));
#4422=EDGE_LOOP('',(#1858,#1859,#1860,#1861));
#4423=EDGE_LOOP('',(#1862,#1863,#1864,#1865));
#4424=EDGE_LOOP('',(#1866,#1867,#1868,#1869));
#4425=EDGE_LOOP('',(#1870,#1871,#1872,#1873));
#4426=EDGE_LOOP('',(#1874,#1875,#1876));
#4427=EDGE_LOOP('',(#1877,#1878,#1879));
#4428=EDGE_LOOP('',(#1880,#1881,#1882));
#4429=EDGE_LOOP('',(#1883,#1884,#1885));
#4430=EDGE_LOOP('',(#1886,#1887,#1888));
#4431=EDGE_LOOP('',(#1889));
#4432=EDGE_LOOP('',(#1890,#1891,#1892,#1893,#1894,#1895));
#4433=EDGE_LOOP('',(#1896));
#4434=EDGE_LOOP('',(#1897));
#4435=EDGE_LOOP('',(#1898));
#4436=EDGE_LOOP('',(#1899));
#4437=EDGE_LOOP('',(#1900));
#4438=EDGE_LOOP('',(#1901));
#4439=EDGE_LOOP('',(#1902));
#4440=EDGE_LOOP('',(#1903));
#4441=EDGE_LOOP('',(#1904));
#4442=EDGE_LOOP('',(#1905));
#4443=EDGE_LOOP('',(#1906));
#4444=EDGE_LOOP('',(#1907,#1908,#1909,#1910,#1911));
#4445=EDGE_LOOP('',(#1912,#1913,#1914,#1915,#1916));
#4446=EDGE_LOOP('',(#1917,#1918,#1919,#1920,#1921));
#4447=EDGE_LOOP('',(#1922,#1923,#1924,#1925,#1926));
#4448=EDGE_LOOP('',(#1927,#1928,#1929,#1930,#1931));
#4449=EDGE_LOOP('',(#1932,#1933,#1934,#1935,#1936));
#4450=EDGE_LOOP('',(#1937,#1938,#1939));
#4451=EDGE_LOOP('',(#1940,#1941,#1942,#1943,#1944,#1945));
#4452=EDGE_LOOP('',(#1946));
#4453=EDGE_LOOP('',(#1947));
#4454=EDGE_LOOP('',(#1948));
#4455=EDGE_LOOP('',(#1949));
#4456=EDGE_LOOP('',(#1950));
#4457=EDGE_LOOP('',(#1951));
#4458=EDGE_LOOP('',(#1952));
#4459=EDGE_LOOP('',(#1953));
#4460=EDGE_LOOP('',(#1954));
#4461=EDGE_LOOP('',(#1955));
#4462=EDGE_LOOP('',(#1956));
#4463=EDGE_LOOP('',(#1957));
#4464=EDGE_LOOP('',(#1958));
#4465=EDGE_LOOP('',(#1959));
#4466=EDGE_LOOP('',(#1960));
#4467=EDGE_LOOP('',(#1961));
#4468=EDGE_LOOP('',(#1962));
#4469=EDGE_LOOP('',(#1963));
#4470=EDGE_LOOP('',(#1964));
#4471=EDGE_LOOP('',(#1965));
#4472=EDGE_LOOP('',(#1966));
#4473=EDGE_LOOP('',(#1967));
#4474=EDGE_LOOP('',(#1968));
#4475=EDGE_LOOP('',(#1969));
#4476=EDGE_LOOP('',(#1970));
#4477=EDGE_LOOP('',(#1971));
#4478=EDGE_LOOP('',(#1972));
#4479=EDGE_LOOP('',(#1973));
#4480=EDGE_LOOP('',(#1974));
#4481=EDGE_LOOP('',(#1975));
#4482=EDGE_LOOP('',(#1976));
#4483=EDGE_LOOP('',(#1977));
#4484=EDGE_LOOP('',(#1978));
#4485=EDGE_LOOP('',(#1979));
#4486=EDGE_LOOP('',(#1980));
#4487=EDGE_LOOP('',(#1981));
#4488=EDGE_LOOP('',(#1982));
#4489=EDGE_LOOP('',(#1983));
#4490=EDGE_LOOP('',(#1984));
#4491=EDGE_LOOP('',(#1985));
#4492=EDGE_LOOP('',(#1986));
#4493=EDGE_LOOP('',(#1987));
#4494=EDGE_LOOP('',(#1988,#1989,#1990,#1991));
#4495=EDGE_LOOP('',(#1992,#1993,#1994,#1995));
#4496=EDGE_LOOP('',(#1996,#1997,#1998,#1999));
#4497=EDGE_LOOP('',(#2000,#2001,#2002,#2003));
#4498=EDGE_LOOP('',(#2004));
#4499=EDGE_LOOP('',(#2005));
#4500=EDGE_LOOP('',(#2006));
#4501=EDGE_LOOP('',(#2007));
#4502=EDGE_LOOP('',(#2008));
#4503=EDGE_LOOP('',(#2009,#2010,#2011,#2012));
#4504=EDGE_LOOP('',(#2013));
#4505=EDGE_LOOP('',(#2014));
#4506=EDGE_LOOP('',(#2015));
#4507=EDGE_LOOP('',(#2016));
#4508=EDGE_LOOP('',(#2017));
#4509=EDGE_LOOP('',(#2018,#2019,#2020,#2021));
#4510=EDGE_LOOP('',(#2022));
#4511=EDGE_LOOP('',(#2023));
#4512=EDGE_LOOP('',(#2024));
#4513=EDGE_LOOP('',(#2025));
#4514=EDGE_LOOP('',(#2026));
#4515=EDGE_LOOP('',(#2027));
#4516=EDGE_LOOP('',(#2028));
#4517=EDGE_LOOP('',(#2029));
#4518=EDGE_LOOP('',(#2030));
#4519=EDGE_LOOP('',(#2031));
#4520=EDGE_LOOP('',(#2032,#2033,#2034,#2035));
#4521=EDGE_LOOP('',(#2036));
#4522=EDGE_LOOP('',(#2037));
#4523=EDGE_LOOP('',(#2038,#2039,#2040,#2041));
#4524=EDGE_LOOP('',(#2042,#2043,#2044,#2045));
#4525=EDGE_LOOP('',(#2046));
#4526=EDGE_LOOP('',(#2047,#2048,#2049,#2050));
#4527=EDGE_LOOP('',(#2051,#2052,#2053,#2054));
#4528=EDGE_LOOP('',(#2055,#2056,#2057,#2058));
#4529=EDGE_LOOP('',(#2059,#2060,#2061,#2062));
#4530=EDGE_LOOP('',(#2063,#2064,#2065,#2066));
#4531=EDGE_LOOP('',(#2067,#2068,#2069,#2070));
#4532=EDGE_LOOP('',(#2071,#2072,#2073,#2074));
#4533=EDGE_LOOP('',(#2075,#2076,#2077,#2078));
#4534=EDGE_LOOP('',(#2079,#2080,#2081,#2082));
#4535=EDGE_LOOP('',(#2083,#2084,#2085,#2086));
#4536=EDGE_LOOP('',(#2087));
#4537=EDGE_LOOP('',(#2088,#2089,#2090,#2091));
#4538=EDGE_LOOP('',(#2092,#2093,#2094,#2095,#2096,#2097,#2098,#2099,#2100,
#2101,#2102,#2103,#2104,#2105,#2106,#2107,#2108,#2109,#2110,#2111,#2112,
#2113,#2114,#2115));
#4539=EDGE_LOOP('',(#2116,#2117,#2118,#2119,#2120,#2121,#2122,#2123,#2124,
#2125,#2126,#2127,#2128,#2129,#2130,#2131,#2132,#2133,#2134,#2135,#2136,
#2137,#2138,#2139));
#4540=EDGE_LOOP('',(#2140));
#4541=EDGE_LOOP('',(#2141));
#4542=EDGE_LOOP('',(#2142));
#4543=EDGE_LOOP('',(#2143));
#4544=EDGE_LOOP('',(#2144,#2145,#2146,#2147));
#4545=EDGE_LOOP('',(#2148,#2149,#2150,#2151));
#4546=EDGE_LOOP('',(#2152,#2153,#2154,#2155));
#4547=EDGE_LOOP('',(#2156,#2157,#2158,#2159));
#4548=EDGE_LOOP('',(#2160,#2161,#2162,#2163));
#4549=EDGE_LOOP('',(#2164,#2165,#2166,#2167));
#4550=EDGE_LOOP('',(#2168,#2169,#2170,#2171));
#4551=EDGE_LOOP('',(#2172,#2173,#2174,#2175));
#4552=EDGE_LOOP('',(#2176,#2177,#2178,#2179));
#4553=EDGE_LOOP('',(#2180,#2181,#2182,#2183));
#4554=EDGE_LOOP('',(#2184,#2185,#2186,#2187));
#4555=EDGE_LOOP('',(#2188,#2189,#2190,#2191));
#4556=EDGE_LOOP('',(#2192,#2193,#2194,#2195));
#4557=EDGE_LOOP('',(#2196));
#4558=EDGE_LOOP('',(#2197));
#4559=EDGE_LOOP('',(#2198));
#4560=EDGE_LOOP('',(#2199));
#4561=EDGE_LOOP('',(#2200,#2201,#2202,#2203));
#4562=EDGE_LOOP('',(#2204));
#4563=EDGE_LOOP('',(#2205));
#4564=EDGE_LOOP('',(#2206));
#4565=EDGE_LOOP('',(#2207));
#4566=EDGE_LOOP('',(#2208));
#4567=EDGE_LOOP('',(#2209,#2210,#2211,#2212));
#4568=EDGE_LOOP('',(#2213));
#4569=EDGE_LOOP('',(#2214));
#4570=EDGE_LOOP('',(#2215));
#4571=EDGE_LOOP('',(#2216));
#4572=EDGE_LOOP('',(#2217,#2218,#2219,#2220));
#4573=EDGE_LOOP('',(#2221));
#4574=EDGE_LOOP('',(#2222));
#4575=EDGE_LOOP('',(#2223));
#4576=EDGE_LOOP('',(#2224));
#4577=EDGE_LOOP('',(#2225));
#4578=EDGE_LOOP('',(#2226,#2227,#2228,#2229));
#4579=EDGE_LOOP('',(#2230,#2231,#2232,#2233));
#4580=EDGE_LOOP('',(#2234,#2235,#2236,#2237));
#4581=EDGE_LOOP('',(#2238,#2239,#2240,#2241));
#4582=EDGE_LOOP('',(#2242,#2243,#2244,#2245));
#4583=EDGE_LOOP('',(#2246,#2247,#2248,#2249));
#4584=EDGE_LOOP('',(#2250,#2251,#2252,#2253));
#4585=EDGE_LOOP('',(#2254));
#4586=EDGE_LOOP('',(#2255));
#4587=EDGE_LOOP('',(#2256,#2257,#2258,#2259));
#4588=EDGE_LOOP('',(#2260));
#4589=EDGE_LOOP('',(#2261));
#4590=EDGE_LOOP('',(#2262,#2263,#2264,#2265,#2266,#2267,#2268,#2269));
#4591=EDGE_LOOP('',(#2270,#2271,#2272,#2273,#2274,#2275));
#4592=EDGE_LOOP('',(#2276));
#4593=EDGE_LOOP('',(#2277,#2278,#2279,#2280,#2281,#2282,#2283,#2284));
#4594=EDGE_LOOP('',(#2285,#2286,#2287,#2288));
#4595=EDGE_LOOP('',(#2289,#2290,#2291,#2292));
#4596=EDGE_LOOP('',(#2293,#2294,#2295,#2296));
#4597=EDGE_LOOP('',(#2297,#2298,#2299,#2300));
#4598=EDGE_LOOP('',(#2301,#2302,#2303,#2304));
#4599=EDGE_LOOP('',(#2305,#2306,#2307,#2308));
#4600=EDGE_LOOP('',(#2309));
#4601=EDGE_LOOP('',(#2310,#2311,#2312,#2313,#2314,#2315));
#4602=EDGE_LOOP('',(#2316,#2317,#2318,#2319));
#4603=EDGE_LOOP('',(#2320,#2321,#2322,#2323));
#4604=EDGE_LOOP('',(#2324,#2325,#2326,#2327));
#4605=EDGE_LOOP('',(#2328,#2329,#2330,#2331));
#4606=EDGE_LOOP('',(#2332,#2333,#2334,#2335));
#4607=EDGE_LOOP('',(#2336,#2337,#2338,#2339));
#4608=EDGE_LOOP('',(#2340,#2341,#2342,#2343));
#4609=EDGE_LOOP('',(#2344,#2345,#2346,#2347,#2348));
#4610=EDGE_LOOP('',(#2349,#2350,#2351,#2352));
#4611=EDGE_LOOP('',(#2353,#2354,#2355,#2356,#2357));
#4612=EDGE_LOOP('',(#2358,#2359,#2360,#2361));
#4613=EDGE_LOOP('',(#2362,#2363,#2364,#2365));
#4614=EDGE_LOOP('',(#2366,#2367,#2368,#2369));
#4615=EDGE_LOOP('',(#2370,#2371,#2372,#2373));
#4616=EDGE_LOOP('',(#2374));
#4617=EDGE_LOOP('',(#2375));
#4618=EDGE_LOOP('',(#2376,#2377,#2378,#2379,#2380,#2381,#2382,#2383));
#4619=EDGE_LOOP('',(#2384));
#4620=EDGE_LOOP('',(#2385,#2386,#2387,#2388,#2389,#2390,#2391,#2392));
#4621=EDGE_LOOP('',(#2393,#2394,#2395,#2396,#2397,#2398));
#4622=EDGE_LOOP('',(#2399));
#4623=EDGE_LOOP('',(#2400));
#4624=EDGE_LOOP('',(#2401));
#4625=EDGE_LOOP('',(#2402));
#4626=EDGE_LOOP('',(#2403));
#4627=EDGE_LOOP('',(#2404));
#4628=EDGE_LOOP('',(#2405));
#4629=EDGE_LOOP('',(#2406,#2407,#2408,#2409,#2410,#2411));
#4630=EDGE_LOOP('',(#2412));
#4631=EDGE_LOOP('',(#2413));
#4632=EDGE_LOOP('',(#2414,#2415,#2416,#2417));
#4633=EDGE_LOOP('',(#2418,#2419,#2420,#2421));
#4634=EDGE_LOOP('',(#2422,#2423,#2424,#2425));
#4635=EDGE_LOOP('',(#2426,#2427,#2428,#2429));
#4636=EDGE_LOOP('',(#2430,#2431,#2432,#2433));
#4637=EDGE_LOOP('',(#2434,#2435,#2436,#2437));
#4638=EDGE_LOOP('',(#2438));
#4639=EDGE_LOOP('',(#2439));
#4640=EDGE_LOOP('',(#2440));
#4641=EDGE_LOOP('',(#2441,#2442,#2443,#2444,#2445,#2446,#2447,#2448,#2449,
#2450));
#4642=EDGE_LOOP('',(#2451));
#4643=EDGE_LOOP('',(#2452));
#4644=EDGE_LOOP('',(#2453));
#4645=EDGE_LOOP('',(#2454,#2455,#2456,#2457,#2458,#2459,#2460,#2461,#2462,
#2463));
#4646=EDGE_LOOP('',(#2464));
#4647=EDGE_LOOP('',(#2465));
#4648=EDGE_LOOP('',(#2466));
#4649=EDGE_LOOP('',(#2467));
#4650=EDGE_LOOP('',(#2468,#2469,#2470,#2471));
#4651=EDGE_LOOP('',(#2472,#2473,#2474,#2475));
#4652=EDGE_LOOP('',(#2476,#2477,#2478,#2479));
#4653=EDGE_LOOP('',(#2480,#2481,#2482,#2483));
#4654=EDGE_LOOP('',(#2484,#2485,#2486,#2487));
#4655=EDGE_LOOP('',(#2488,#2489,#2490,#2491));
#4656=EDGE_LOOP('',(#2492,#2493,#2494,#2495));
#4657=EDGE_LOOP('',(#2496));
#4658=EDGE_LOOP('',(#2497));
#4659=EDGE_LOOP('',(#2498));
#4660=EDGE_LOOP('',(#2499));
#4661=EDGE_LOOP('',(#2500));
#4662=EDGE_LOOP('',(#2501));
#4663=EDGE_LOOP('',(#2502));
#4664=EDGE_LOOP('',(#2503));
#4665=EDGE_LOOP('',(#2504));
#4666=EDGE_LOOP('',(#2505));
#4667=EDGE_LOOP('',(#2506,#2507,#2508,#2509));
#4668=EDGE_LOOP('',(#2510,#2511,#2512,#2513));
#4669=EDGE_LOOP('',(#2514,#2515,#2516,#2517));
#4670=EDGE_LOOP('',(#2518,#2519,#2520,#2521));
#4671=EDGE_LOOP('',(#2522,#2523,#2524,#2525));
#4672=EDGE_LOOP('',(#2526,#2527,#2528,#2529));
#4673=EDGE_LOOP('',(#2530,#2531,#2532,#2533));
#4674=EDGE_LOOP('',(#2534,#2535,#2536,#2537));
#4675=EDGE_LOOP('',(#2538,#2539,#2540,#2541));
#4676=EDGE_LOOP('',(#2542,#2543,#2544,#2545));
#4677=EDGE_LOOP('',(#2546));
#4678=EDGE_LOOP('',(#2547));
#4679=EDGE_LOOP('',(#2548));
#4680=EDGE_LOOP('',(#2549));
#4681=EDGE_LOOP('',(#2550));
#4682=EDGE_LOOP('',(#2551));
#4683=EDGE_LOOP('',(#2552));
#4684=EDGE_LOOP('',(#2553));
#4685=EDGE_LOOP('',(#2554,#2555,#2556,#2557));
#4686=EDGE_LOOP('',(#2558));
#4687=EDGE_LOOP('',(#2559));
#4688=EDGE_LOOP('',(#2560,#2561,#2562,#2563));
#4689=EDGE_LOOP('',(#2564,#2565,#2566,#2567));
#4690=EDGE_LOOP('',(#2568));
#4691=EDGE_LOOP('',(#2569));
#4692=EDGE_LOOP('',(#2570,#2571,#2572,#2573));
#4693=EDGE_LOOP('',(#2574,#2575,#2576,#2577));
#4694=EDGE_LOOP('',(#2578,#2579,#2580,#2581));
#4695=EDGE_LOOP('',(#2582));
#4696=EDGE_LOOP('',(#2583));
#4697=EDGE_LOOP('',(#2584));
#4698=EDGE_LOOP('',(#2585,#2586,#2587,#2588,#2589,#2590,#2591,#2592,#2593));
#4699=EDGE_LOOP('',(#2594,#2595,#2596,#2597,#2598,#2599,#2600,#2601,#2602));
#4700=EDGE_LOOP('',(#2603));
#4701=EDGE_LOOP('',(#2604,#2605,#2606,#2607));
#4702=EDGE_LOOP('',(#2608,#2609,#2610,#2611));
#4703=EDGE_LOOP('',(#2612,#2613,#2614,#2615));
#4704=EDGE_LOOP('',(#2616,#2617,#2618,#2619));
#4705=EDGE_LOOP('',(#2620,#2621,#2622,#2623));
#4706=EDGE_LOOP('',(#2624,#2625,#2626,#2627));
#4707=EDGE_LOOP('',(#2628,#2629,#2630,#2631));
#4708=EDGE_LOOP('',(#2632,#2633,#2634,#2635));
#4709=EDGE_LOOP('',(#2636,#2637,#2638,#2639));
#4710=EDGE_LOOP('',(#2640,#2641,#2642,#2643));
#4711=EDGE_LOOP('',(#2644,#2645,#2646,#2647));
#4712=EDGE_LOOP('',(#2648,#2649,#2650,#2651));
#4713=EDGE_LOOP('',(#2652,#2653,#2654,#2655));
#4714=EDGE_LOOP('',(#2656,#2657,#2658,#2659));
#4715=EDGE_LOOP('',(#2660,#2661,#2662,#2663));
#4716=EDGE_LOOP('',(#2664));
#4717=EDGE_LOOP('',(#2665));
#4718=EDGE_LOOP('',(#2666));
#4719=EDGE_LOOP('',(#2667));
#4720=EDGE_LOOP('',(#2668));
#4721=EDGE_LOOP('',(#2669));
#4722=EDGE_LOOP('',(#2670));
#4723=EDGE_LOOP('',(#2671));
#4724=EDGE_LOOP('',(#2672));
#4725=EDGE_LOOP('',(#2673));
#4726=EDGE_LOOP('',(#2674));
#4727=EDGE_LOOP('',(#2675));
#4728=EDGE_LOOP('',(#2676,#2677,#2678,#2679,#2680,#2681));
#4729=EDGE_LOOP('',(#2682,#2683,#2684,#2685));
#4730=EDGE_LOOP('',(#2686,#2687,#2688,#2689,#2690,#2691));
#4731=EDGE_LOOP('',(#2692,#2693,#2694,#2695,#2696,#2697));
#4732=EDGE_LOOP('',(#2698,#2699,#2700,#2701,#2702,#2703,#2704,#2705));
#4733=EDGE_LOOP('',(#2706,#2707,#2708,#2709));
#4734=EDGE_LOOP('',(#2710,#2711,#2712,#2713,#2714,#2715,#2716,#2717));
#4735=EDGE_LOOP('',(#2718,#2719,#2720,#2721));
#4736=EDGE_LOOP('',(#2722));
#4737=EDGE_LOOP('',(#2723,#2724,#2725,#2726));
#4738=EDGE_LOOP('',(#2727));
#4739=EDGE_LOOP('',(#2728));
#4740=EDGE_LOOP('',(#2729,#2730,#2731,#2732));
#4741=EDGE_LOOP('',(#2733));
#4742=EDGE_LOOP('',(#2734));
#4743=EDGE_LOOP('',(#2735));
#4744=EDGE_LOOP('',(#2736));
#4745=EDGE_LOOP('',(#2737));
#4746=EDGE_LOOP('',(#2738));
#4747=EDGE_LOOP('',(#2739));
#4748=EDGE_LOOP('',(#2740,#2741,#2742,#2743));
#4749=EDGE_LOOP('',(#2744,#2745,#2746,#2747,#2748,#2749));
#4750=EDGE_LOOP('',(#2750,#2751,#2752,#2753,#2754,#2755));
#4751=EDGE_LOOP('',(#2756,#2757,#2758,#2759,#2760,#2761));
#4752=EDGE_LOOP('',(#2762,#2763,#2764,#2765));
#4753=EDGE_LOOP('',(#2766,#2767,#2768,#2769));
#4754=EDGE_LOOP('',(#2770,#2771,#2772,#2773));
#4755=EDGE_LOOP('',(#2774,#2775,#2776,#2777));
#4756=EDGE_LOOP('',(#2778,#2779,#2780,#2781));
#4757=EDGE_LOOP('',(#2782,#2783,#2784,#2785));
#4758=EDGE_LOOP('',(#2786,#2787,#2788,#2789));
#4759=EDGE_LOOP('',(#2790,#2791,#2792,#2793));
#4760=EDGE_LOOP('',(#2794,#2795,#2796,#2797,#2798,#2799));
#4761=EDGE_LOOP('',(#2800));
#4762=EDGE_LOOP('',(#2801,#2802,#2803,#2804));
#4763=EDGE_LOOP('',(#2805,#2806,#2807,#2808));
#4764=EDGE_LOOP('',(#2809,#2810,#2811,#2812));
#4765=EDGE_LOOP('',(#2813,#2814,#2815,#2816));
#4766=EDGE_LOOP('',(#2817,#2818,#2819,#2820));
#4767=EDGE_LOOP('',(#2821,#2822,#2823,#2824));
#4768=EDGE_LOOP('',(#2825,#2826,#2827,#2828,#2829,#2830));
#4769=EDGE_LOOP('',(#2831));
#4770=EDGE_LOOP('',(#2832,#2833,#2834,#2835));
#4771=EDGE_LOOP('',(#2836,#2837,#2838,#2839));
#4772=EDGE_LOOP('',(#2840,#2841,#2842,#2843));
#4773=EDGE_LOOP('',(#2844,#2845,#2846,#2847));
#4774=EDGE_LOOP('',(#2848,#2849,#2850,#2851));
#4775=EDGE_LOOP('',(#2852,#2853,#2854,#2855));
#4776=EDGE_LOOP('',(#2856,#2857,#2858,#2859,#2860,#2861));
#4777=EDGE_LOOP('',(#2862));
#4778=EDGE_LOOP('',(#2863,#2864,#2865,#2866));
#4779=EDGE_LOOP('',(#2867,#2868,#2869,#2870));
#4780=EDGE_LOOP('',(#2871,#2872,#2873,#2874));
#4781=EDGE_LOOP('',(#2875,#2876,#2877,#2878));
#4782=EDGE_LOOP('',(#2879,#2880,#2881,#2882));
#4783=EDGE_LOOP('',(#2883,#2884,#2885,#2886));
#4784=EDGE_LOOP('',(#2887));
#4785=EDGE_LOOP('',(#2888,#2889,#2890,#2891,#2892,#2893));
#4786=EDGE_LOOP('',(#2894,#2895,#2896,#2897));
#4787=EDGE_LOOP('',(#2898,#2899,#2900,#2901));
#4788=EDGE_LOOP('',(#2902,#2903,#2904,#2905));
#4789=EDGE_LOOP('',(#2906,#2907,#2908,#2909));
#4790=EDGE_LOOP('',(#2910,#2911,#2912,#2913));
#4791=EDGE_LOOP('',(#2914,#2915,#2916,#2917));
#4792=EDGE_LOOP('',(#2918));
#4793=EDGE_LOOP('',(#2919,#2920,#2921,#2922,#2923,#2924));
#4794=EDGE_LOOP('',(#2925,#2926,#2927,#2928));
#4795=EDGE_LOOP('',(#2929,#2930,#2931,#2932));
#4796=EDGE_LOOP('',(#2933,#2934,#2935,#2936));
#4797=EDGE_LOOP('',(#2937,#2938,#2939,#2940));
#4798=EDGE_LOOP('',(#2941,#2942,#2943,#2944));
#4799=EDGE_LOOP('',(#2945,#2946,#2947,#2948));
#4800=EDGE_LOOP('',(#2949));
#4801=EDGE_LOOP('',(#2950,#2951,#2952,#2953,#2954,#2955));
#4802=EDGE_LOOP('',(#2956,#2957,#2958,#2959));
#4803=EDGE_LOOP('',(#2960,#2961,#2962,#2963));
#4804=EDGE_LOOP('',(#2964,#2965,#2966,#2967));
#4805=EDGE_LOOP('',(#2968,#2969,#2970,#2971));
#4806=EDGE_LOOP('',(#2972,#2973,#2974,#2975));
#4807=EDGE_LOOP('',(#2976));
#4808=EDGE_LOOP('',(#2977));
#4809=EDGE_LOOP('',(#2978));
#4810=EDGE_LOOP('',(#2979));
#4811=EDGE_LOOP('',(#2980));
#4812=EDGE_LOOP('',(#2981));
#4813=EDGE_LOOP('',(#2982));
#4814=EDGE_LOOP('',(#2983));
#4815=EDGE_LOOP('',(#2984));
#4816=EDGE_LOOP('',(#2985));
#4817=EDGE_LOOP('',(#2986));
#4818=EDGE_LOOP('',(#2987));
#4819=EDGE_LOOP('',(#2988));
#4820=EDGE_LOOP('',(#2989));
#4821=EDGE_LOOP('',(#2990));
#4822=EDGE_LOOP('',(#2991));
#4823=EDGE_LOOP('',(#2992));
#4824=EDGE_LOOP('',(#2993));
#4825=EDGE_LOOP('',(#2994));
#4826=EDGE_LOOP('',(#2995,#2996,#2997,#2998));
#4827=EDGE_LOOP('',(#2999));
#4828=EDGE_LOOP('',(#3000));
#4829=EDGE_LOOP('',(#3001));
#4830=EDGE_LOOP('',(#3002));
#4831=EDGE_LOOP('',(#3003));
#4832=EDGE_LOOP('',(#3004));
#4833=EDGE_LOOP('',(#3005));
#4834=EDGE_LOOP('',(#3006));
#4835=EDGE_LOOP('',(#3007));
#4836=EDGE_LOOP('',(#3008));
#4837=EDGE_LOOP('',(#3009));
#4838=EDGE_LOOP('',(#3010));
#4839=EDGE_LOOP('',(#3011));
#4840=EDGE_LOOP('',(#3012));
#4841=EDGE_LOOP('',(#3013));
#4842=EDGE_LOOP('',(#3014));
#4843=EDGE_LOOP('',(#3015));
#4844=EDGE_LOOP('',(#3016));
#4845=EDGE_LOOP('',(#3017));
#4846=EDGE_LOOP('',(#3018));
#4847=EDGE_LOOP('',(#3019));
#4848=EDGE_LOOP('',(#3020));
#4849=EDGE_LOOP('',(#3021));
#4850=EDGE_LOOP('',(#3022));
#4851=EDGE_LOOP('',(#3023));
#4852=EDGE_LOOP('',(#3024));
#4853=EDGE_LOOP('',(#3025));
#4854=EDGE_LOOP('',(#3026));
#4855=EDGE_LOOP('',(#3027));
#4856=EDGE_LOOP('',(#3028));
#4857=EDGE_LOOP('',(#3029));
#4858=EDGE_LOOP('',(#3030));
#4859=EDGE_LOOP('',(#3031));
#4860=EDGE_LOOP('',(#3032));
#4861=EDGE_LOOP('',(#3033));
#4862=FACE_BOUND('',#4336,.T.);
#4863=FACE_BOUND('',#4337,.T.);
#4864=FACE_BOUND('',#4338,.T.);
#4865=FACE_BOUND('',#4339,.T.);
#4866=FACE_BOUND('',#4340,.T.);
#4867=FACE_BOUND('',#4341,.T.);
#4868=FACE_BOUND('',#4342,.T.);
#4869=FACE_BOUND('',#4343,.T.);
#4870=FACE_BOUND('',#4344,.T.);
#4871=FACE_BOUND('',#4345,.T.);
#4872=FACE_BOUND('',#4346,.T.);
#4873=FACE_BOUND('',#4347,.T.);
#4874=FACE_BOUND('',#4348,.T.);
#4875=FACE_BOUND('',#4349,.T.);
#4876=FACE_BOUND('',#4350,.T.);
#4877=FACE_BOUND('',#4351,.T.);
#4878=FACE_BOUND('',#4352,.T.);
#4879=FACE_BOUND('',#4353,.T.);
#4880=FACE_BOUND('',#4354,.T.);
#4881=FACE_BOUND('',#4355,.T.);
#4882=FACE_BOUND('',#4356,.T.);
#4883=FACE_BOUND('',#4357,.T.);
#4884=FACE_BOUND('',#4358,.T.);
#4885=FACE_BOUND('',#4359,.T.);
#4886=FACE_BOUND('',#4360,.T.);
#4887=FACE_BOUND('',#4361,.T.);
#4888=FACE_BOUND('',#4362,.T.);
#4889=FACE_BOUND('',#4363,.T.);
#4890=FACE_BOUND('',#4364,.T.);
#4891=FACE_BOUND('',#4365,.T.);
#4892=FACE_BOUND('',#4366,.T.);
#4893=FACE_BOUND('',#4367,.T.);
#4894=FACE_BOUND('',#4368,.T.);
#4895=FACE_BOUND('',#4369,.T.);
#4896=FACE_BOUND('',#4370,.T.);
#4897=FACE_BOUND('',#4371,.T.);
#4898=FACE_BOUND('',#4372,.T.);
#4899=FACE_BOUND('',#4373,.T.);
#4900=FACE_BOUND('',#4374,.T.);
#4901=FACE_BOUND('',#4375,.T.);
#4902=FACE_BOUND('',#4376,.T.);
#4903=FACE_BOUND('',#4377,.T.);
#4904=FACE_BOUND('',#4378,.T.);
#4905=FACE_BOUND('',#4379,.T.);
#4906=FACE_BOUND('',#4380,.T.);
#4907=FACE_BOUND('',#4381,.T.);
#4908=FACE_BOUND('',#4382,.T.);
#4909=FACE_BOUND('',#4383,.T.);
#4910=FACE_BOUND('',#4384,.T.);
#4911=FACE_BOUND('',#4385,.T.);
#4912=FACE_BOUND('',#4386,.T.);
#4913=FACE_BOUND('',#4387,.T.);
#4914=FACE_BOUND('',#4388,.T.);
#4915=FACE_BOUND('',#41,.T.);
#4916=FACE_BOUND('',#4389,.T.);
#4917=FACE_BOUND('',#4390,.T.);
#4918=FACE_BOUND('',#4391,.T.);
#4919=FACE_BOUND('',#4392,.T.);
#4920=FACE_BOUND('',#4393,.T.);
#4921=FACE_BOUND('',#4394,.T.);
#4922=FACE_BOUND('',#4395,.T.);
#4923=FACE_BOUND('',#4396,.T.);
#4924=FACE_BOUND('',#4397,.T.);
#4925=FACE_BOUND('',#4398,.T.);
#4926=FACE_BOUND('',#4399,.T.);
#4927=FACE_BOUND('',#4400,.T.);
#4928=FACE_BOUND('',#4401,.T.);
#4929=FACE_BOUND('',#4402,.T.);
#4930=FACE_BOUND('',#4403,.T.);
#4931=FACE_BOUND('',#4404,.T.);
#4932=FACE_BOUND('',#4405,.T.);
#4933=FACE_BOUND('',#4406,.T.);
#4934=FACE_BOUND('',#4407,.T.);
#4935=FACE_BOUND('',#4408,.T.);
#4936=FACE_BOUND('',#4409,.T.);
#4937=FACE_BOUND('',#4410,.T.);
#4938=FACE_BOUND('',#4411,.T.);
#4939=FACE_BOUND('',#4412,.T.);
#4940=FACE_BOUND('',#4413,.T.);
#4941=FACE_BOUND('',#4414,.T.);
#4942=FACE_BOUND('',#4415,.T.);
#4943=FACE_BOUND('',#4416,.T.);
#4944=FACE_BOUND('',#4417,.T.);
#4945=FACE_BOUND('',#4418,.T.);
#4946=FACE_BOUND('',#4419,.T.);
#4947=FACE_BOUND('',#4420,.T.);
#4948=FACE_BOUND('',#4421,.T.);
#4949=FACE_BOUND('',#4422,.T.);
#4950=FACE_BOUND('',#4423,.T.);
#4951=FACE_BOUND('',#4424,.T.);
#4952=FACE_BOUND('',#4425,.T.);
#4953=FACE_BOUND('',#4426,.T.);
#4954=FACE_BOUND('',#4427,.T.);
#4955=FACE_BOUND('',#4428,.T.);
#4956=FACE_BOUND('',#4429,.T.);
#4957=FACE_BOUND('',#4430,.T.);
#4958=FACE_BOUND('',#4431,.T.);
#4959=FACE_BOUND('',#4432,.T.);
#4960=FACE_BOUND('',#4433,.T.);
#4961=FACE_BOUND('',#4434,.T.);
#4962=FACE_BOUND('',#4435,.T.);
#4963=FACE_BOUND('',#4436,.T.);
#4964=FACE_BOUND('',#4437,.T.);
#4965=FACE_BOUND('',#4438,.T.);
#4966=FACE_BOUND('',#4439,.T.);
#4967=FACE_BOUND('',#4440,.T.);
#4968=FACE_BOUND('',#4441,.T.);
#4969=FACE_BOUND('',#4442,.T.);
#4970=FACE_BOUND('',#4443,.T.);
#4971=FACE_BOUND('',#4444,.T.);
#4972=FACE_BOUND('',#4445,.T.);
#4973=FACE_BOUND('',#4446,.T.);
#4974=FACE_BOUND('',#4447,.T.);
#4975=FACE_BOUND('',#4448,.T.);
#4976=FACE_BOUND('',#4449,.T.);
#4977=FACE_BOUND('',#4450,.T.);
#4978=FACE_BOUND('',#42,.T.);
#4979=FACE_BOUND('',#4451,.T.);
#4980=FACE_BOUND('',#4452,.T.);
#4981=FACE_BOUND('',#4453,.T.);
#4982=FACE_BOUND('',#4454,.T.);
#4983=FACE_BOUND('',#4455,.T.);
#4984=FACE_BOUND('',#4456,.T.);
#4985=FACE_BOUND('',#4457,.T.);
#4986=FACE_BOUND('',#4458,.T.);
#4987=FACE_BOUND('',#4459,.T.);
#4988=FACE_BOUND('',#4460,.T.);
#4989=FACE_BOUND('',#4461,.T.);
#4990=FACE_BOUND('',#4462,.T.);
#4991=FACE_BOUND('',#4463,.T.);
#4992=FACE_BOUND('',#4464,.T.);
#4993=FACE_BOUND('',#4465,.T.);
#4994=FACE_BOUND('',#4466,.T.);
#4995=FACE_BOUND('',#4467,.T.);
#4996=FACE_BOUND('',#4468,.T.);
#4997=FACE_BOUND('',#4469,.T.);
#4998=FACE_BOUND('',#4470,.T.);
#4999=FACE_BOUND('',#4471,.T.);
#5000=FACE_BOUND('',#4472,.T.);
#5001=FACE_BOUND('',#4473,.T.);
#5002=FACE_BOUND('',#4474,.T.);
#5003=FACE_BOUND('',#4475,.T.);
#5004=FACE_BOUND('',#4476,.T.);
#5005=FACE_BOUND('',#4477,.T.);
#5006=FACE_BOUND('',#4478,.T.);
#5007=FACE_BOUND('',#4479,.T.);
#5008=FACE_BOUND('',#4480,.T.);
#5009=FACE_BOUND('',#4481,.T.);
#5010=FACE_BOUND('',#4482,.T.);
#5011=FACE_BOUND('',#4483,.T.);
#5012=FACE_BOUND('',#4484,.T.);
#5013=FACE_BOUND('',#4485,.T.);
#5014=FACE_BOUND('',#4486,.T.);
#5015=FACE_BOUND('',#4487,.T.);
#5016=FACE_BOUND('',#4488,.T.);
#5017=FACE_BOUND('',#4489,.T.);
#5018=FACE_BOUND('',#4490,.T.);
#5019=FACE_BOUND('',#4491,.T.);
#5020=FACE_BOUND('',#4492,.T.);
#5021=FACE_BOUND('',#4493,.T.);
#5022=FACE_BOUND('',#4494,.T.);
#5023=FACE_BOUND('',#4495,.T.);
#5024=FACE_BOUND('',#4496,.T.);
#5025=FACE_BOUND('',#4497,.T.);
#5026=FACE_BOUND('',#4498,.T.);
#5027=FACE_BOUND('',#4499,.T.);
#5028=FACE_BOUND('',#4500,.T.);
#5029=FACE_BOUND('',#4501,.T.);
#5030=FACE_BOUND('',#4502,.T.);
#5031=FACE_BOUND('',#4503,.T.);
#5032=FACE_BOUND('',#4504,.T.);
#5033=FACE_BOUND('',#4505,.T.);
#5034=FACE_BOUND('',#4506,.T.);
#5035=FACE_BOUND('',#4507,.T.);
#5036=FACE_BOUND('',#4508,.T.);
#5037=FACE_BOUND('',#4509,.T.);
#5038=FACE_BOUND('',#4510,.T.);
#5039=FACE_BOUND('',#4511,.T.);
#5040=FACE_BOUND('',#4512,.T.);
#5041=FACE_BOUND('',#4513,.T.);
#5042=FACE_BOUND('',#4514,.T.);
#5043=FACE_BOUND('',#4515,.T.);
#5044=FACE_BOUND('',#4516,.T.);
#5045=FACE_BOUND('',#4517,.T.);
#5046=FACE_BOUND('',#4518,.T.);
#5047=FACE_BOUND('',#4519,.T.);
#5048=FACE_BOUND('',#4520,.T.);
#5049=FACE_BOUND('',#4521,.T.);
#5050=FACE_BOUND('',#4522,.T.);
#5051=FACE_BOUND('',#4523,.T.);
#5052=FACE_BOUND('',#4524,.T.);
#5053=FACE_BOUND('',#4525,.T.);
#5054=FACE_BOUND('',#4526,.T.);
#5055=FACE_BOUND('',#4527,.T.);
#5056=FACE_BOUND('',#4528,.T.);
#5057=FACE_BOUND('',#4529,.T.);
#5058=FACE_BOUND('',#4530,.T.);
#5059=FACE_BOUND('',#4531,.T.);
#5060=FACE_BOUND('',#4532,.T.);
#5061=FACE_BOUND('',#4533,.T.);
#5062=FACE_BOUND('',#4534,.T.);
#5063=FACE_BOUND('',#4535,.T.);
#5064=FACE_BOUND('',#4536,.T.);
#5065=FACE_BOUND('',#4537,.T.);
#5066=FACE_BOUND('',#4538,.T.);
#5067=FACE_BOUND('',#4539,.T.);
#5068=FACE_BOUND('',#4540,.T.);
#5069=FACE_BOUND('',#4541,.T.);
#5070=FACE_BOUND('',#4542,.T.);
#5071=FACE_BOUND('',#4543,.T.);
#5072=FACE_BOUND('',#4544,.T.);
#5073=FACE_BOUND('',#4545,.T.);
#5074=FACE_BOUND('',#4546,.T.);
#5075=FACE_BOUND('',#4547,.T.);
#5076=FACE_BOUND('',#4548,.T.);
#5077=FACE_BOUND('',#4549,.T.);
#5078=FACE_BOUND('',#4550,.T.);
#5079=FACE_BOUND('',#4551,.T.);
#5080=FACE_BOUND('',#4552,.T.);
#5081=FACE_BOUND('',#4553,.T.);
#5082=FACE_BOUND('',#4554,.T.);
#5083=FACE_BOUND('',#4555,.T.);
#5084=FACE_BOUND('',#4556,.T.);
#5085=FACE_BOUND('',#4557,.T.);
#5086=FACE_BOUND('',#4558,.T.);
#5087=FACE_BOUND('',#4559,.T.);
#5088=FACE_BOUND('',#4560,.T.);
#5089=FACE_BOUND('',#4561,.T.);
#5090=FACE_BOUND('',#4562,.T.);
#5091=FACE_BOUND('',#4563,.T.);
#5092=FACE_BOUND('',#4564,.T.);
#5093=FACE_BOUND('',#4565,.T.);
#5094=FACE_BOUND('',#4566,.T.);
#5095=FACE_BOUND('',#4567,.T.);
#5096=FACE_BOUND('',#4568,.T.);
#5097=FACE_BOUND('',#4569,.T.);
#5098=FACE_BOUND('',#4570,.T.);
#5099=FACE_BOUND('',#4571,.T.);
#5100=FACE_BOUND('',#4572,.T.);
#5101=FACE_BOUND('',#4573,.T.);
#5102=FACE_BOUND('',#4574,.T.);
#5103=FACE_BOUND('',#4575,.T.);
#5104=FACE_BOUND('',#4576,.T.);
#5105=FACE_BOUND('',#4577,.T.);
#5106=FACE_BOUND('',#4578,.T.);
#5107=FACE_BOUND('',#4579,.T.);
#5108=FACE_BOUND('',#4580,.T.);
#5109=FACE_BOUND('',#4581,.T.);
#5110=FACE_BOUND('',#4582,.T.);
#5111=FACE_BOUND('',#4583,.T.);
#5112=FACE_BOUND('',#4584,.T.);
#5113=FACE_BOUND('',#4585,.T.);
#5114=FACE_BOUND('',#4586,.T.);
#5115=FACE_BOUND('',#4587,.T.);
#5116=FACE_BOUND('',#4588,.T.);
#5117=FACE_BOUND('',#4589,.T.);
#5118=FACE_BOUND('',#4590,.T.);
#5119=FACE_BOUND('',#4591,.T.);
#5120=FACE_BOUND('',#4592,.T.);
#5121=FACE_BOUND('',#4593,.T.);
#5122=FACE_BOUND('',#4594,.T.);
#5123=FACE_BOUND('',#4595,.T.);
#5124=FACE_BOUND('',#4596,.T.);
#5125=FACE_BOUND('',#4597,.T.);
#5126=FACE_BOUND('',#4598,.T.);
#5127=FACE_BOUND('',#4599,.T.);
#5128=FACE_BOUND('',#4600,.T.);
#5129=FACE_BOUND('',#4601,.T.);
#5130=FACE_BOUND('',#4602,.T.);
#5131=FACE_BOUND('',#4603,.T.);
#5132=FACE_BOUND('',#4604,.T.);
#5133=FACE_BOUND('',#4605,.T.);
#5134=FACE_BOUND('',#4606,.T.);
#5135=FACE_BOUND('',#4607,.T.);
#5136=FACE_BOUND('',#4608,.T.);
#5137=FACE_BOUND('',#4609,.T.);
#5138=FACE_BOUND('',#4610,.T.);
#5139=FACE_BOUND('',#4611,.T.);
#5140=FACE_BOUND('',#4612,.T.);
#5141=FACE_BOUND('',#4613,.T.);
#5142=FACE_BOUND('',#4614,.T.);
#5143=FACE_BOUND('',#4615,.T.);
#5144=FACE_BOUND('',#4616,.T.);
#5145=FACE_BOUND('',#4617,.T.);
#5146=FACE_BOUND('',#4618,.T.);
#5147=FACE_BOUND('',#4619,.T.);
#5148=FACE_BOUND('',#4620,.T.);
#5149=FACE_BOUND('',#4621,.T.);
#5150=FACE_BOUND('',#4622,.T.);
#5151=FACE_BOUND('',#4623,.T.);
#5152=FACE_BOUND('',#4624,.T.);
#5153=FACE_BOUND('',#4625,.T.);
#5154=FACE_BOUND('',#4626,.T.);
#5155=FACE_BOUND('',#4627,.T.);
#5156=FACE_BOUND('',#4628,.T.);
#5157=FACE_BOUND('',#4629,.T.);
#5158=FACE_BOUND('',#4630,.T.);
#5159=FACE_BOUND('',#4631,.T.);
#5160=FACE_BOUND('',#4632,.T.);
#5161=FACE_BOUND('',#4633,.T.);
#5162=FACE_BOUND('',#4634,.T.);
#5163=FACE_BOUND('',#4635,.T.);
#5164=FACE_BOUND('',#4636,.T.);
#5165=FACE_BOUND('',#4637,.T.);
#5166=FACE_BOUND('',#4638,.T.);
#5167=FACE_BOUND('',#4639,.T.);
#5168=FACE_BOUND('',#4640,.T.);
#5169=FACE_BOUND('',#4641,.T.);
#5170=FACE_BOUND('',#4642,.T.);
#5171=FACE_BOUND('',#4643,.T.);
#5172=FACE_BOUND('',#4644,.T.);
#5173=FACE_BOUND('',#4645,.T.);
#5174=FACE_BOUND('',#4646,.T.);
#5175=FACE_BOUND('',#4647,.T.);
#5176=FACE_BOUND('',#4648,.T.);
#5177=FACE_BOUND('',#4649,.T.);
#5178=FACE_BOUND('',#4650,.T.);
#5179=FACE_BOUND('',#4651,.T.);
#5180=FACE_BOUND('',#4652,.T.);
#5181=FACE_BOUND('',#4653,.T.);
#5182=FACE_BOUND('',#4654,.T.);
#5183=FACE_BOUND('',#4655,.T.);
#5184=FACE_BOUND('',#4656,.T.);
#5185=FACE_BOUND('',#4657,.T.);
#5186=FACE_BOUND('',#4658,.T.);
#5187=FACE_BOUND('',#4659,.T.);
#5188=FACE_BOUND('',#4660,.T.);
#5189=FACE_BOUND('',#4661,.T.);
#5190=FACE_BOUND('',#4662,.T.);
#5191=FACE_BOUND('',#4663,.T.);
#5192=FACE_BOUND('',#4664,.T.);
#5193=FACE_BOUND('',#4665,.T.);
#5194=FACE_BOUND('',#4666,.T.);
#5195=FACE_BOUND('',#4667,.T.);
#5196=FACE_BOUND('',#4668,.T.);
#5197=FACE_BOUND('',#4669,.T.);
#5198=FACE_BOUND('',#4670,.T.);
#5199=FACE_BOUND('',#4671,.T.);
#5200=FACE_BOUND('',#4672,.T.);
#5201=FACE_BOUND('',#4673,.T.);
#5202=FACE_BOUND('',#4674,.T.);
#5203=FACE_BOUND('',#4675,.T.);
#5204=FACE_BOUND('',#4676,.T.);
#5205=FACE_BOUND('',#4677,.T.);
#5206=FACE_BOUND('',#4678,.T.);
#5207=FACE_BOUND('',#4679,.T.);
#5208=FACE_BOUND('',#4680,.T.);
#5209=FACE_BOUND('',#4681,.T.);
#5210=FACE_BOUND('',#4682,.T.);
#5211=FACE_BOUND('',#4683,.T.);
#5212=FACE_BOUND('',#4684,.T.);
#5213=FACE_BOUND('',#4685,.T.);
#5214=FACE_BOUND('',#4686,.T.);
#5215=FACE_BOUND('',#4687,.T.);
#5216=FACE_BOUND('',#4688,.T.);
#5217=FACE_BOUND('',#4689,.T.);
#5218=FACE_BOUND('',#4690,.T.);
#5219=FACE_BOUND('',#4691,.T.);
#5220=FACE_BOUND('',#4692,.T.);
#5221=FACE_BOUND('',#4693,.T.);
#5222=FACE_BOUND('',#4694,.T.);
#5223=FACE_BOUND('',#4695,.T.);
#5224=FACE_BOUND('',#4696,.T.);
#5225=FACE_BOUND('',#4697,.T.);
#5226=FACE_BOUND('',#4698,.T.);
#5227=FACE_BOUND('',#4699,.T.);
#5228=FACE_BOUND('',#4700,.T.);
#5229=FACE_BOUND('',#4701,.T.);
#5230=FACE_BOUND('',#4702,.T.);
#5231=FACE_BOUND('',#4703,.T.);
#5232=FACE_BOUND('',#4704,.T.);
#5233=FACE_BOUND('',#4705,.T.);
#5234=FACE_BOUND('',#4706,.T.);
#5235=FACE_BOUND('',#4707,.T.);
#5236=FACE_BOUND('',#4708,.T.);
#5237=FACE_BOUND('',#4709,.T.);
#5238=FACE_BOUND('',#4710,.T.);
#5239=FACE_BOUND('',#4711,.T.);
#5240=FACE_BOUND('',#4712,.T.);
#5241=FACE_BOUND('',#4713,.T.);
#5242=FACE_BOUND('',#4714,.T.);
#5243=FACE_BOUND('',#4715,.T.);
#5244=FACE_BOUND('',#4716,.T.);
#5245=FACE_BOUND('',#4717,.T.);
#5246=FACE_BOUND('',#4718,.T.);
#5247=FACE_BOUND('',#4719,.T.);
#5248=FACE_BOUND('',#4720,.T.);
#5249=FACE_BOUND('',#4721,.T.);
#5250=FACE_BOUND('',#4722,.T.);
#5251=FACE_BOUND('',#4723,.T.);
#5252=FACE_BOUND('',#4724,.T.);
#5253=FACE_BOUND('',#4725,.T.);
#5254=FACE_BOUND('',#4726,.T.);
#5255=FACE_BOUND('',#4727,.T.);
#5256=FACE_BOUND('',#4728,.T.);
#5257=FACE_BOUND('',#4729,.T.);
#5258=FACE_BOUND('',#4730,.T.);
#5259=FACE_BOUND('',#4731,.T.);
#5260=FACE_BOUND('',#4732,.T.);
#5261=FACE_BOUND('',#4733,.T.);
#5262=FACE_BOUND('',#4734,.T.);
#5263=FACE_BOUND('',#4735,.T.);
#5264=FACE_BOUND('',#4736,.T.);
#5265=FACE_BOUND('',#4737,.T.);
#5266=FACE_BOUND('',#4738,.T.);
#5267=FACE_BOUND('',#4739,.T.);
#5268=FACE_BOUND('',#4740,.T.);
#5269=FACE_BOUND('',#4741,.T.);
#5270=FACE_BOUND('',#4742,.T.);
#5271=FACE_BOUND('',#4743,.T.);
#5272=FACE_BOUND('',#4744,.T.);
#5273=FACE_BOUND('',#4745,.T.);
#5274=FACE_BOUND('',#4746,.T.);
#5275=FACE_BOUND('',#4747,.T.);
#5276=FACE_BOUND('',#4748,.T.);
#5277=FACE_BOUND('',#4749,.T.);
#5278=FACE_BOUND('',#4750,.T.);
#5279=FACE_BOUND('',#4751,.T.);
#5280=FACE_BOUND('',#4752,.T.);
#5281=FACE_BOUND('',#4753,.T.);
#5282=FACE_BOUND('',#4754,.T.);
#5283=FACE_BOUND('',#4755,.T.);
#5284=FACE_BOUND('',#4756,.T.);
#5285=FACE_BOUND('',#4757,.T.);
#5286=FACE_BOUND('',#4758,.T.);
#5287=FACE_BOUND('',#4759,.T.);
#5288=FACE_BOUND('',#4760,.T.);
#5289=FACE_BOUND('',#4761,.T.);
#5290=FACE_BOUND('',#4762,.T.);
#5291=FACE_BOUND('',#4763,.T.);
#5292=FACE_BOUND('',#4764,.T.);
#5293=FACE_BOUND('',#4765,.T.);
#5294=FACE_BOUND('',#4766,.T.);
#5295=FACE_BOUND('',#4767,.T.);
#5296=FACE_BOUND('',#4768,.T.);
#5297=FACE_BOUND('',#4769,.T.);
#5298=FACE_BOUND('',#4770,.T.);
#5299=FACE_BOUND('',#4771,.T.);
#5300=FACE_BOUND('',#4772,.T.);
#5301=FACE_BOUND('',#4773,.T.);
#5302=FACE_BOUND('',#4774,.T.);
#5303=FACE_BOUND('',#4775,.T.);
#5304=FACE_BOUND('',#4776,.T.);
#5305=FACE_BOUND('',#4777,.T.);
#5306=FACE_BOUND('',#4778,.T.);
#5307=FACE_BOUND('',#4779,.T.);
#5308=FACE_BOUND('',#4780,.T.);
#5309=FACE_BOUND('',#4781,.T.);
#5310=FACE_BOUND('',#4782,.T.);
#5311=FACE_BOUND('',#4783,.T.);
#5312=FACE_BOUND('',#4784,.T.);
#5313=FACE_BOUND('',#4785,.T.);
#5314=FACE_BOUND('',#4786,.T.);
#5315=FACE_BOUND('',#4787,.T.);
#5316=FACE_BOUND('',#4788,.T.);
#5317=FACE_BOUND('',#4789,.T.);
#5318=FACE_BOUND('',#4790,.T.);
#5319=FACE_BOUND('',#4791,.T.);
#5320=FACE_BOUND('',#4792,.T.);
#5321=FACE_BOUND('',#4793,.T.);
#5322=FACE_BOUND('',#4794,.T.);
#5323=FACE_BOUND('',#4795,.T.);
#5324=FACE_BOUND('',#4796,.T.);
#5325=FACE_BOUND('',#4797,.T.);
#5326=FACE_BOUND('',#4798,.T.);
#5327=FACE_BOUND('',#4799,.T.);
#5328=FACE_BOUND('',#4800,.T.);
#5329=FACE_BOUND('',#4801,.T.);
#5330=FACE_BOUND('',#4802,.T.);
#5331=FACE_BOUND('',#4803,.T.);
#5332=FACE_BOUND('',#4804,.T.);
#5333=FACE_BOUND('',#4805,.T.);
#5334=FACE_BOUND('',#4806,.T.);
#5335=FACE_BOUND('',#4807,.T.);
#5336=FACE_BOUND('',#4808,.T.);
#5337=FACE_BOUND('',#4809,.T.);
#5338=FACE_BOUND('',#4810,.T.);
#5339=FACE_BOUND('',#4811,.T.);
#5340=FACE_BOUND('',#4812,.T.);
#5341=FACE_BOUND('',#4813,.T.);
#5342=FACE_BOUND('',#4814,.T.);
#5343=FACE_BOUND('',#4815,.T.);
#5344=FACE_BOUND('',#4816,.T.);
#5345=FACE_BOUND('',#4817,.T.);
#5346=FACE_BOUND('',#4818,.T.);
#5347=FACE_BOUND('',#4819,.T.);
#5348=FACE_BOUND('',#4820,.T.);
#5349=FACE_BOUND('',#4821,.T.);
#5350=FACE_BOUND('',#4822,.T.);
#5351=FACE_BOUND('',#4823,.T.);
#5352=FACE_BOUND('',#4824,.T.);
#5353=FACE_BOUND('',#4825,.T.);
#5354=FACE_BOUND('',#4826,.T.);
#5355=FACE_BOUND('',#4827,.T.);
#5356=FACE_BOUND('',#4828,.T.);
#5357=FACE_BOUND('',#4829,.T.);
#5358=FACE_BOUND('',#4830,.T.);
#5359=FACE_BOUND('',#4831,.T.);
#5360=FACE_BOUND('',#4832,.T.);
#5361=FACE_BOUND('',#4833,.T.);
#5362=FACE_BOUND('',#4834,.T.);
#5363=FACE_BOUND('',#4835,.T.);
#5364=FACE_BOUND('',#4836,.T.);
#5365=FACE_BOUND('',#4837,.T.);
#5366=FACE_BOUND('',#4838,.T.);
#5367=FACE_BOUND('',#4839,.T.);
#5368=FACE_BOUND('',#4840,.T.);
#5369=FACE_BOUND('',#4841,.T.);
#5370=FACE_BOUND('',#4842,.T.);
#5371=FACE_BOUND('',#4843,.T.);
#5372=FACE_BOUND('',#4844,.T.);
#5373=FACE_BOUND('',#4845,.T.);
#5374=FACE_BOUND('',#4846,.T.);
#5375=FACE_BOUND('',#43,.T.);
#5376=FACE_BOUND('',#4847,.T.);
#5377=FACE_BOUND('',#4848,.T.);
#5378=FACE_BOUND('',#4849,.T.);
#5379=FACE_BOUND('',#44,.T.);
#5380=FACE_BOUND('',#4850,.T.);
#5381=FACE_BOUND('',#4851,.T.);
#5382=FACE_BOUND('',#4852,.T.);
#5383=FACE_BOUND('',#4853,.T.);
#5384=FACE_BOUND('',#4854,.T.);
#5385=FACE_BOUND('',#4855,.T.);
#5386=FACE_BOUND('',#4856,.T.);
#5387=FACE_BOUND('',#4857,.T.);
#5388=FACE_BOUND('',#4858,.T.);
#5389=FACE_BOUND('',#4859,.T.);
#5390=FACE_BOUND('',#4860,.T.);
#5391=FACE_BOUND('',#4861,.T.);
#5392=PLANE('',#6256);
#5393=PLANE('',#6257);
#5394=PLANE('',#6258);
#5395=PLANE('',#6259);
#5396=PLANE('',#6260);
#5397=PLANE('',#6261);
#5398=PLANE('',#6262);
#5399=PLANE('',#6273);
#5400=PLANE('',#6297);
#5401=PLANE('',#6299);
#5402=PLANE('',#6301);
#5403=PLANE('',#6303);
#5404=PLANE('',#6305);
#5405=PLANE('',#6307);
#5406=PLANE('',#6312);
#5407=PLANE('',#6318);
#5408=PLANE('',#6321);
#5409=PLANE('',#6322);
#5410=PLANE('',#6323);
#5411=PLANE('',#6324);
#5412=PLANE('',#6325);
#5413=PLANE('',#6326);
#5414=PLANE('',#6327);
#5415=PLANE('',#6333);
#5416=PLANE('',#6334);
#5417=PLANE('',#6337);
#5418=PLANE('',#6338);
#5419=PLANE('',#6340);
#5420=PLANE('',#6341);
#5421=PLANE('',#6342);
#5422=PLANE('',#6343);
#5423=PLANE('',#6347);
#5424=PLANE('',#6348);
#5425=PLANE('',#6349);
#5426=PLANE('',#6350);
#5427=PLANE('',#6351);
#5428=PLANE('',#6353);
#5429=PLANE('',#6364);
#5430=PLANE('',#6388);
#5431=PLANE('',#6390);
#5432=PLANE('',#6392);
#5433=PLANE('',#6394);
#5434=PLANE('',#6396);
#5435=PLANE('',#6398);
#5436=PLANE('',#6403);
#5437=PLANE('',#6409);
#5438=PLANE('',#6412);
#5439=PLANE('',#6413);
#5440=PLANE('',#6414);
#5441=PLANE('',#6415);
#5442=PLANE('',#6416);
#5443=PLANE('',#6417);
#5444=PLANE('',#6418);
#5445=PLANE('',#6426);
#5446=PLANE('',#6446);
#5447=PLANE('',#6466);
#5448=PLANE('',#6467);
#5449=PLANE('',#6468);
#5450=PLANE('',#6469);
#5451=PLANE('',#6470);
#5452=PLANE('',#6476);
#5453=PLANE('',#6488);
#5454=PLANE('',#6489);
#5455=PLANE('',#6492);
#5456=PLANE('',#6493);
#5457=PLANE('',#6495);
#5458=PLANE('',#6496);
#5459=PLANE('',#6497);
#5460=PLANE('',#6498);
#5461=PLANE('',#6502);
#5462=PLANE('',#6503);
#5463=PLANE('',#6504);
#5464=PLANE('',#6505);
#5465=PLANE('',#6506);
#5466=PLANE('',#6508);
#5467=PLANE('',#6519);
#5468=PLANE('',#6548);
#5469=PLANE('',#6549);
#5470=PLANE('',#6550);
#5471=PLANE('',#6557);
#5472=PLANE('',#6564);
#5473=PLANE('',#6565);
#5474=PLANE('',#6571);
#5475=PLANE('',#6581);
#5476=PLANE('',#6594);
#5477=PLANE('',#6595);
#5478=PLANE('',#6596);
#5479=PLANE('',#6597);
#5480=PLANE('',#6598);
#5481=PLANE('',#6599);
#5482=PLANE('',#6600);
#5483=PLANE('',#6601);
#5484=PLANE('',#6602);
#5485=PLANE('',#6605);
#5486=PLANE('',#6606);
#5487=PLANE('',#6607);
#5488=PLANE('',#6608);
#5489=PLANE('',#6609);
#5490=PLANE('',#6610);
#5491=PLANE('',#6614);
#5492=PLANE('',#6618);
#5493=PLANE('',#6622);
#5494=PLANE('',#6626);
#5495=PLANE('',#6630);
#5496=PLANE('',#6632);
#5497=PLANE('',#6639);
#5498=PLANE('',#6640);
#5499=PLANE('',#6648);
#5500=PLANE('',#6655);
#5501=PLANE('',#6662);
#5502=PLANE('',#6673);
#5503=PLANE('',#6675);
#5504=PLANE('',#6677);
#5505=PLANE('',#6678);
#5506=PLANE('',#6683);
#5507=PLANE('',#6686);
#5508=PLANE('',#6687);
#5509=PLANE('',#6688);
#5510=PLANE('',#6689);
#5511=PLANE('',#6690);
#5512=PLANE('',#6691);
#5513=PLANE('',#6692);
#5514=PLANE('',#6693);
#5515=PLANE('',#6694);
#5516=PLANE('',#6695);
#5517=PLANE('',#6696);
#5518=PLANE('',#6704);
#5519=PLANE('',#6712);
#5520=PLANE('',#6713);
#5521=PLANE('',#6714);
#5522=PLANE('',#6715);
#5523=PLANE('',#6718);
#5524=PLANE('',#6721);
#5525=PLANE('',#6726);
#5526=PLANE('',#6727);
#5527=PLANE('',#6728);
#5528=PLANE('',#6729);
#5529=PLANE('',#6730);
#5530=PLANE('',#6731);
#5531=PLANE('',#6732);
#5532=PLANE('',#6733);
#5533=PLANE('',#6734);
#5534=PLANE('',#6735);
#5535=PLANE('',#6736);
#5536=PLANE('',#6759);
#5537=PLANE('',#6760);
#5538=PLANE('',#6761);
#5539=PLANE('',#6762);
#5540=PLANE('',#6763);
#5541=PLANE('',#6764);
#5542=PLANE('',#6768);
#5543=PLANE('',#6769);
#5544=PLANE('',#6770);
#5545=PLANE('',#6771);
#5546=PLANE('',#6772);
#5547=PLANE('',#6773);
#5548=PLANE('',#6774);
#5549=PLANE('',#6775);
#5550=PLANE('',#6776);
#5551=PLANE('',#6777);
#5552=PLANE('',#6778);
#5553=PLANE('',#6779);
#5554=PLANE('',#6780);
#5555=PLANE('',#6781);
#5556=PLANE('',#6782);
#5557=PLANE('',#6783);
#5558=PLANE('',#6784);
#5559=PLANE('',#6785);
#5560=PLANE('',#6786);
#5561=PLANE('',#6787);
#5562=PLANE('',#6788);
#5563=PLANE('',#6789);
#5564=PLANE('',#6790);
#5565=PLANE('',#6791);
#5566=PLANE('',#6792);
#5567=PLANE('',#6793);
#5568=PLANE('',#6794);
#5569=PLANE('',#6795);
#5570=PLANE('',#6796);
#5571=PLANE('',#6797);
#5572=PLANE('',#6798);
#5573=PLANE('',#6799);
#5574=PLANE('',#6800);
#5575=PLANE('',#6801);
#5576=PLANE('',#6802);
#5577=PLANE('',#6803);
#5578=PLANE('',#6804);
#5579=PLANE('',#6805);
#5580=PLANE('',#6806);
#5581=PLANE('',#6807);
#5582=PLANE('',#6808);
#5583=PLANE('',#6809);
#5584=PLANE('',#6810);
#5585=PLANE('',#6811);
#5586=PLANE('',#6812);
#5587=PLANE('',#6813);
#5588=PLANE('',#6826);
#5589=PLANE('',#6827);
#5590=PLANE('',#6828);
#5591=PLANE('',#6829);
#5592=PLANE('',#6831);
#5593=PLANE('',#6833);
#5594=PLANE('',#6835);
#5595=PLANE('',#6837);
#5596=PLANE('',#6842);
#5597=PLANE('',#6845);
#5598=PLANE('',#6848);
#5599=PLANE('',#6851);
#5600=ADVANCED_FACE('',(#4862),#5392,.T.);
#5601=ADVANCED_FACE('',(#4863),#5393,.T.);
#5602=ADVANCED_FACE('',(#4864),#5394,.T.);
#5603=ADVANCED_FACE('',(#4865),#5395,.T.);
#5604=ADVANCED_FACE('',(#4866),#5396,.T.);
#5605=ADVANCED_FACE('',(#4867),#5397,.T.);
#5606=ADVANCED_FACE('',(#4868,#4869),#5398,.T.);
#5607=ADVANCED_FACE('',(#4870,#4871),#283,.F.);
#5608=ADVANCED_FACE('',(#4872,#4873),#5399,.F.);
#5609=ADVANCED_FACE('',(#4874,#4875),#258,.F.);
#5610=ADVANCED_FACE('',(#4876,#4877),#259,.F.);
#5611=ADVANCED_FACE('',(#4878),#260,.T.);
#5612=ADVANCED_FACE('',(#4879),#261,.T.);
#5613=ADVANCED_FACE('',(#4880),#262,.T.);
#5614=ADVANCED_FACE('',(#4881),#263,.T.);
#5615=ADVANCED_FACE('',(#4882),#264,.T.);
#5616=ADVANCED_FACE('',(#4883),#265,.T.);
#5617=ADVANCED_FACE('',(#4884),#266,.T.);
#5618=ADVANCED_FACE('',(#4885),#267,.T.);
#5619=ADVANCED_FACE('',(#4886),#268,.T.);
#5620=ADVANCED_FACE('',(#4887),#269,.T.);
#5621=ADVANCED_FACE('',(#4888),#270,.T.);
#5622=ADVANCED_FACE('',(#4889),#271,.T.);
#5623=ADVANCED_FACE('',(#4890),#5400,.T.);
#5624=ADVANCED_FACE('',(#4891),#5401,.T.);
#5625=ADVANCED_FACE('',(#4892),#5402,.T.);
#5626=ADVANCED_FACE('',(#4893),#5403,.T.);
#5627=ADVANCED_FACE('',(#4894),#5404,.T.);
#5628=ADVANCED_FACE('',(#4895,#4896),#5405,.T.);
#5629=ADVANCED_FACE('',(#4897,#4898),#284,.T.);
#5630=ADVANCED_FACE('',(#4899,#4900),#5406,.T.);
#5631=ADVANCED_FACE('',(#4901,#4902),#47,.F.);
#5632=ADVANCED_FACE('',(#4903,#4904),#285,.T.);
#5633=ADVANCED_FACE('',(#4905),#5407,.T.);
#5634=ADVANCED_FACE('',(#4906,#4907),#45,.T.);
#5635=ADVANCED_FACE('',(#4908),#5408,.T.);
#5636=ADVANCED_FACE('',(#4909),#5409,.T.);
#5637=ADVANCED_FACE('',(#4910),#5410,.T.);
#5638=ADVANCED_FACE('',(#4911),#5411,.T.);
#5639=ADVANCED_FACE('',(#4912),#5412,.T.);
#5640=ADVANCED_FACE('',(#4913),#5413,.T.);
#5641=ADVANCED_FACE('',(#4914),#5414,.T.);
#5642=ADVANCED_FACE('',(#4915,#4916),#272,.F.);
#5643=ADVANCED_FACE('',(#4917,#4918),#273,.T.);
#5644=ADVANCED_FACE('',(#4919),#5415,.F.);
#5645=ADVANCED_FACE('',(#4920,#4921,#4922),#5416,.F.);
#5646=ADVANCED_FACE('',(#4923),#5417,.T.);
#5647=ADVANCED_FACE('',(#4924,#4925),#5418,.T.);
#5648=ADVANCED_FACE('',(#4926),#5419,.T.);
#5649=ADVANCED_FACE('',(#4927),#5420,.T.);
#5650=ADVANCED_FACE('',(#4928),#5421,.T.);
#5651=ADVANCED_FACE('',(#4929),#5422,.T.);
#5652=ADVANCED_FACE('',(#4930),#286,.F.);
#5653=ADVANCED_FACE('',(#4931),#5423,.F.);
#5654=ADVANCED_FACE('',(#4932),#5424,.F.);
#5655=ADVANCED_FACE('',(#4933),#5425,.F.);
#5656=ADVANCED_FACE('',(#4934),#5426,.F.);
#5657=ADVANCED_FACE('',(#4935,#4936),#5427,.F.);
#5658=ADVANCED_FACE('',(#4937),#5428,.T.);
#5659=ADVANCED_FACE('',(#4938),#5429,.F.);
#5660=ADVANCED_FACE('',(#4939,#4940),#287,.F.);
#5661=ADVANCED_FACE('',(#4941,#4942),#288,.F.);
#5662=ADVANCED_FACE('',(#4943),#289,.T.);
#5663=ADVANCED_FACE('',(#4944),#290,.T.);
#5664=ADVANCED_FACE('',(#4945),#291,.T.);
#5665=ADVANCED_FACE('',(#4946),#292,.T.);
#5666=ADVANCED_FACE('',(#4947),#293,.T.);
#5667=ADVANCED_FACE('',(#4948),#294,.F.);
#5668=ADVANCED_FACE('',(#4949),#295,.F.);
#5669=ADVANCED_FACE('',(#4950),#296,.F.);
#5670=ADVANCED_FACE('',(#4951),#297,.F.);
#5671=ADVANCED_FACE('',(#4952),#298,.T.);
#5672=ADVANCED_FACE('',(#4953),#5430,.T.);
#5673=ADVANCED_FACE('',(#4954),#5431,.T.);
#5674=ADVANCED_FACE('',(#4955),#5432,.T.);
#5675=ADVANCED_FACE('',(#4956),#5433,.T.);
#5676=ADVANCED_FACE('',(#4957),#5434,.T.);
#5677=ADVANCED_FACE('',(#4958,#4959),#5435,.T.);
#5678=ADVANCED_FACE('',(#4960,#4961),#299,.T.);
#5679=ADVANCED_FACE('',(#4962,#4963),#5436,.T.);
#5680=ADVANCED_FACE('',(#4964,#4965),#48,.F.);
#5681=ADVANCED_FACE('',(#4966,#4967),#300,.T.);
#5682=ADVANCED_FACE('',(#4968),#5437,.T.);
#5683=ADVANCED_FACE('',(#4969,#4970),#46,.T.);
#5684=ADVANCED_FACE('',(#4971),#5438,.T.);
#5685=ADVANCED_FACE('',(#4972),#5439,.T.);
#5686=ADVANCED_FACE('',(#4973),#5440,.T.);
#5687=ADVANCED_FACE('',(#4974),#5441,.T.);
#5688=ADVANCED_FACE('',(#4975),#5442,.T.);
#5689=ADVANCED_FACE('',(#4976),#5443,.T.);
#5690=ADVANCED_FACE('',(#4977),#5444,.T.);
#5691=ADVANCED_FACE('',(#4978,#4979),#274,.F.);
#5692=ADVANCED_FACE('',(#4980,#4981),#275,.T.);
#5693=ADVANCED_FACE('',(#4982,#4983),#301,.T.);
#5694=ADVANCED_FACE('',(#4984,#4985),#5445,.T.);
#5695=ADVANCED_FACE('',(#4986,#4987),#302,.F.);
#5696=ADVANCED_FACE('',(#4988,#4989),#276,.F.);
#5697=ADVANCED_FACE('',(#4990,#4991),#49,.F.);
#5698=ADVANCED_FACE('',(#4992,#4993),#33,.T.);
#5699=ADVANCED_FACE('',(#4994,#4995),#34,.T.);
#5700=ADVANCED_FACE('',(#4996,#4997),#50,.F.);
#5701=ADVANCED_FACE('',(#4998,#4999),#51,.T.);
#5702=ADVANCED_FACE('',(#5000,#5001),#52,.T.);
#5703=ADVANCED_FACE('',(#5002,#5003),#303,.F.);
#5704=ADVANCED_FACE('',(#5004,#5005),#5446,.T.);
#5705=ADVANCED_FACE('',(#5006,#5007),#304,.T.);
#5706=ADVANCED_FACE('',(#5008,#5009),#53,.F.);
#5707=ADVANCED_FACE('',(#5010,#5011),#54,.F.);
#5708=ADVANCED_FACE('',(#5012,#5013),#55,.T.);
#5709=ADVANCED_FACE('',(#5014,#5015),#35,.F.);
#5710=ADVANCED_FACE('',(#5016,#5017),#36,.F.);
#5711=ADVANCED_FACE('',(#5018,#5019),#56,.T.);
#5712=ADVANCED_FACE('',(#5020,#5021),#277,.T.);
#5713=ADVANCED_FACE('',(#5022),#5447,.T.);
#5714=ADVANCED_FACE('',(#5023),#5448,.F.);
#5715=ADVANCED_FACE('',(#5024),#5449,.F.);
#5716=ADVANCED_FACE('',(#5025),#5450,.T.);
#5717=ADVANCED_FACE('',(#5026,#5027,#5028,#5029,#5030,#5031),#5451,.T.);
#5718=ADVANCED_FACE('',(#5032,#5033,#5034,#5035,#5036,#5037),#5452,.F.);
#5719=ADVANCED_FACE('',(#5038,#5039),#305,.F.);
#5720=ADVANCED_FACE('',(#5040,#5041),#306,.F.);
#5721=ADVANCED_FACE('',(#5042,#5043),#307,.F.);
#5722=ADVANCED_FACE('',(#5044,#5045),#308,.F.);
#5723=ADVANCED_FACE('',(#5046,#5047),#309,.F.);
#5724=ADVANCED_FACE('',(#5048),#5453,.F.);
#5725=ADVANCED_FACE('',(#5049,#5050,#5051),#5454,.F.);
#5726=ADVANCED_FACE('',(#5052),#5455,.T.);
#5727=ADVANCED_FACE('',(#5053,#5054),#5456,.T.);
#5728=ADVANCED_FACE('',(#5055),#5457,.T.);
#5729=ADVANCED_FACE('',(#5056),#5458,.T.);
#5730=ADVANCED_FACE('',(#5057),#5459,.T.);
#5731=ADVANCED_FACE('',(#5058),#5460,.T.);
#5732=ADVANCED_FACE('',(#5059),#310,.F.);
#5733=ADVANCED_FACE('',(#5060),#5461,.F.);
#5734=ADVANCED_FACE('',(#5061),#5462,.F.);
#5735=ADVANCED_FACE('',(#5062),#5463,.F.);
#5736=ADVANCED_FACE('',(#5063),#5464,.F.);
#5737=ADVANCED_FACE('',(#5064,#5065),#5465,.F.);
#5738=ADVANCED_FACE('',(#5066),#5466,.T.);
#5739=ADVANCED_FACE('',(#5067),#5467,.F.);
#5740=ADVANCED_FACE('',(#5068,#5069),#311,.F.);
#5741=ADVANCED_FACE('',(#5070,#5071),#312,.F.);
#5742=ADVANCED_FACE('',(#5072),#313,.T.);
#5743=ADVANCED_FACE('',(#5073),#314,.T.);
#5744=ADVANCED_FACE('',(#5074),#315,.T.);
#5745=ADVANCED_FACE('',(#5075),#316,.T.);
#5746=ADVANCED_FACE('',(#5076),#317,.T.);
#5747=ADVANCED_FACE('',(#5077),#318,.F.);
#5748=ADVANCED_FACE('',(#5078),#319,.F.);
#5749=ADVANCED_FACE('',(#5079),#320,.F.);
#5750=ADVANCED_FACE('',(#5080),#321,.F.);
#5751=ADVANCED_FACE('',(#5081),#322,.T.);
#5752=ADVANCED_FACE('',(#5082),#5468,.T.);
#5753=ADVANCED_FACE('',(#5083),#5469,.F.);
#5754=ADVANCED_FACE('',(#5084),#5470,.F.);
#5755=ADVANCED_FACE('',(#5085,#5086),#323,.F.);
#5756=ADVANCED_FACE('',(#5087,#5088),#324,.F.);
#5757=ADVANCED_FACE('',(#5089),#5471,.T.);
#5758=ADVANCED_FACE('',(#5090,#5091),#325,.F.);
#5759=ADVANCED_FACE('',(#5092,#5093),#326,.F.);
#5760=ADVANCED_FACE('',(#5094,#5095,#5096,#5097,#5098),#5472,.T.);
#5761=ADVANCED_FACE('',(#5099,#5100,#5101,#5102,#5103),#5473,.F.);
#5762=ADVANCED_FACE('',(#5104,#5105),#327,.F.);
#5763=ADVANCED_FACE('',(#5106),#5474,.T.);
#5764=ADVANCED_FACE('',(#5107),#328,.F.);
#5765=ADVANCED_FACE('',(#5108),#329,.T.);
#5766=ADVANCED_FACE('',(#5109),#330,.F.);
#5767=ADVANCED_FACE('',(#5110),#5475,.F.);
#5768=ADVANCED_FACE('',(#5111),#331,.F.);
#5769=ADVANCED_FACE('',(#5112),#332,.T.);
#5770=ADVANCED_FACE('',(#5113,#5114),#333,.F.);
#5771=ADVANCED_FACE('',(#5115),#334,.F.);
#5772=ADVANCED_FACE('',(#5116,#5117,#5118),#5476,.T.);
#5773=ADVANCED_FACE('',(#5119,#5120,#5121),#5477,.F.);
#5774=ADVANCED_FACE('',(#5122),#5478,.F.);
#5775=ADVANCED_FACE('',(#5123),#5479,.F.);
#5776=ADVANCED_FACE('',(#5124),#5480,.F.);
#5777=ADVANCED_FACE('',(#5125),#5481,.F.);
#5778=ADVANCED_FACE('',(#5126),#5482,.F.);
#5779=ADVANCED_FACE('',(#5127),#5483,.F.);
#5780=ADVANCED_FACE('',(#5128,#5129),#5484,.T.);
#5781=ADVANCED_FACE('',(#5130),#5485,.T.);
#5782=ADVANCED_FACE('',(#5131),#5486,.T.);
#5783=ADVANCED_FACE('',(#5132),#5487,.T.);
#5784=ADVANCED_FACE('',(#5133),#5488,.T.);
#5785=ADVANCED_FACE('',(#5134),#5489,.T.);
#5786=ADVANCED_FACE('',(#5135),#5490,.T.);
#5787=ADVANCED_FACE('',(#5136),#335,.F.);
#5788=ADVANCED_FACE('',(#5137),#5491,.T.);
#5789=ADVANCED_FACE('',(#5138),#336,.T.);
#5790=ADVANCED_FACE('',(#5139),#5492,.F.);
#5791=ADVANCED_FACE('',(#5140),#337,.T.);
#5792=ADVANCED_FACE('',(#5141),#5493,.F.);
#5793=ADVANCED_FACE('',(#5142),#338,.T.);
#5794=ADVANCED_FACE('',(#5143),#5494,.T.);
#5795=ADVANCED_FACE('',(#5144,#5145),#339,.F.);
#5796=ADVANCED_FACE('',(#5146,#5147),#5495,.T.);
#5797=ADVANCED_FACE('',(#5148,#5149,#5150),#5496,.F.);
#5798=ADVANCED_FACE('',(#5151,#5152),#340,.T.);
#5799=ADVANCED_FACE('',(#5153,#5154),#341,.F.);
#5800=ADVANCED_FACE('',(#5155,#5156),#5497,.T.);
#5801=ADVANCED_FACE('',(#5157,#5158),#5498,.F.);
#5802=ADVANCED_FACE('',(#5159,#5160),#57,.F.);
#5803=ADVANCED_FACE('',(#5161,#5162,#5163),#5499,.T.);
#5804=ADVANCED_FACE('',(#5164),#342,.T.);
#5805=ADVANCED_FACE('',(#5165),#343,.F.);
#5806=ADVANCED_FACE('',(#5166,#5167,#5168,#5169),#5500,.T.);
#5807=ADVANCED_FACE('',(#5170,#5171,#5172,#5173),#5501,.F.);
#5808=ADVANCED_FACE('',(#5174,#5175),#344,.F.);
#5809=ADVANCED_FACE('',(#5176,#5177),#345,.F.);
#5810=ADVANCED_FACE('',(#5178),#5502,.F.);
#5811=ADVANCED_FACE('',(#5179),#346,.T.);
#5812=ADVANCED_FACE('',(#5180),#5503,.F.);
#5813=ADVANCED_FACE('',(#5181),#347,.T.);
#5814=ADVANCED_FACE('',(#5182),#5504,.T.);
#5815=ADVANCED_FACE('',(#5183),#5505,.F.);
#5816=ADVANCED_FACE('',(#5184),#348,.T.);
#5817=ADVANCED_FACE('',(#5185,#5186),#349,.F.);
#5818=ADVANCED_FACE('',(#5187,#5188),#350,.F.);
#5819=ADVANCED_FACE('',(#5189,#5190),#5506,.T.);
#5820=ADVANCED_FACE('',(#5191,#5192),#351,.F.);
#5821=ADVANCED_FACE('',(#5193,#5194),#5507,.T.);
#5822=ADVANCED_FACE('',(#5195),#5508,.T.);
#5823=ADVANCED_FACE('',(#5196),#5509,.F.);
#5824=ADVANCED_FACE('',(#5197),#5510,.F.);
#5825=ADVANCED_FACE('',(#5198),#5511,.T.);
#5826=ADVANCED_FACE('',(#5199),#5512,.T.);
#5827=ADVANCED_FACE('',(#5200),#5513,.T.);
#5828=ADVANCED_FACE('',(#5201),#5514,.F.);
#5829=ADVANCED_FACE('',(#5202),#5515,.F.);
#5830=ADVANCED_FACE('',(#5203),#5516,.T.);
#5831=ADVANCED_FACE('',(#5204),#5517,.T.);
#5832=ADVANCED_FACE('',(#5205,#5206),#352,.F.);
#5833=ADVANCED_FACE('',(#5207,#5208),#353,.F.);
#5834=ADVANCED_FACE('',(#5209,#5210),#5518,.T.);
#5835=ADVANCED_FACE('',(#5211,#5212),#354,.F.);
#5836=ADVANCED_FACE('',(#5213),#355,.F.);
#5837=ADVANCED_FACE('',(#5214,#5215,#5216),#5519,.T.);
#5838=ADVANCED_FACE('',(#5217),#5520,.F.);
#5839=ADVANCED_FACE('',(#5218,#5219,#5220),#5521,.F.);
#5840=ADVANCED_FACE('',(#5221),#5522,.F.);
#5841=ADVANCED_FACE('',(#5222),#32,.F.);
#5842=ADVANCED_FACE('',(#5223,#5224),#356,.F.);
#5843=ADVANCED_FACE('',(#5225,#5226),#5523,.F.);
#5844=ADVANCED_FACE('',(#5227,#5228),#5524,.T.);
#5845=ADVANCED_FACE('',(#5229),#357,.F.);
#5846=ADVANCED_FACE('',(#5230),#358,.T.);
#5847=ADVANCED_FACE('',(#5231,#5232,#5233),#5525,.F.);
#5848=ADVANCED_FACE('',(#5234),#5526,.F.);
#5849=ADVANCED_FACE('',(#5235),#5527,.F.);
#5850=ADVANCED_FACE('',(#5236),#5528,.T.);
#5851=ADVANCED_FACE('',(#5237),#5529,.T.);
#5852=ADVANCED_FACE('',(#5238),#5530,.F.);
#5853=ADVANCED_FACE('',(#5239),#5531,.F.);
#5854=ADVANCED_FACE('',(#5240),#5532,.T.);
#5855=ADVANCED_FACE('',(#5241),#5533,.T.);
#5856=ADVANCED_FACE('',(#5242),#5534,.F.);
#5857=ADVANCED_FACE('',(#5243),#5535,.F.);
#5858=ADVANCED_FACE('',(#5244,#5245),#359,.F.);
#5859=ADVANCED_FACE('',(#5246,#5247),#360,.F.);
#5860=ADVANCED_FACE('',(#5248,#5249),#361,.F.);
#5861=ADVANCED_FACE('',(#5250,#5251),#362,.F.);
#5862=ADVANCED_FACE('',(#5252,#5253),#363,.F.);
#5863=ADVANCED_FACE('',(#5254,#5255),#364,.F.);
#5864=ADVANCED_FACE('',(#5256,#5257,#5258,#5259),#5536,.T.);
#5865=ADVANCED_FACE('',(#5260),#5537,.T.);
#5866=ADVANCED_FACE('',(#5261),#5538,.F.);
#5867=ADVANCED_FACE('',(#5262),#5539,.F.);
#5868=ADVANCED_FACE('',(#5263),#5540,.T.);
#5869=ADVANCED_FACE('',(#5264,#5265),#5541,.T.);
#5870=ADVANCED_FACE('',(#5266,#5267),#365,.F.);
#5871=ADVANCED_FACE('',(#5268,#5269,#5270,#5271,#5272,#5273,#5274,#5275),
#5542,.F.);
#5872=ADVANCED_FACE('',(#5276),#5543,.T.);
#5873=ADVANCED_FACE('',(#5277,#5278,#5279,#5280),#5544,.T.);
#5874=ADVANCED_FACE('',(#5281),#5545,.F.);
#5875=ADVANCED_FACE('',(#5282),#5546,.T.);
#5876=ADVANCED_FACE('',(#5283),#5547,.T.);
#5877=ADVANCED_FACE('',(#5284),#5548,.T.);
#5878=ADVANCED_FACE('',(#5285),#5549,.T.);
#5879=ADVANCED_FACE('',(#5286),#5550,.T.);
#5880=ADVANCED_FACE('',(#5287),#5551,.T.);
#5881=ADVANCED_FACE('',(#5288,#5289),#5552,.T.);
#5882=ADVANCED_FACE('',(#5290),#5553,.T.);
#5883=ADVANCED_FACE('',(#5291),#5554,.T.);
#5884=ADVANCED_FACE('',(#5292),#5555,.T.);
#5885=ADVANCED_FACE('',(#5293),#5556,.T.);
#5886=ADVANCED_FACE('',(#5294),#5557,.T.);
#5887=ADVANCED_FACE('',(#5295),#5558,.T.);
#5888=ADVANCED_FACE('',(#5296,#5297),#5559,.T.);
#5889=ADVANCED_FACE('',(#5298),#5560,.T.);
#5890=ADVANCED_FACE('',(#5299),#5561,.T.);
#5891=ADVANCED_FACE('',(#5300),#5562,.T.);
#5892=ADVANCED_FACE('',(#5301),#5563,.T.);
#5893=ADVANCED_FACE('',(#5302),#5564,.T.);
#5894=ADVANCED_FACE('',(#5303),#5565,.T.);
#5895=ADVANCED_FACE('',(#5304,#5305),#5566,.T.);
#5896=ADVANCED_FACE('',(#5306),#5567,.F.);
#5897=ADVANCED_FACE('',(#5307),#5568,.F.);
#5898=ADVANCED_FACE('',(#5308),#5569,.F.);
#5899=ADVANCED_FACE('',(#5309),#5570,.F.);
#5900=ADVANCED_FACE('',(#5310),#5571,.F.);
#5901=ADVANCED_FACE('',(#5311),#5572,.F.);
#5902=ADVANCED_FACE('',(#5312,#5313),#5573,.T.);
#5903=ADVANCED_FACE('',(#5314),#5574,.F.);
#5904=ADVANCED_FACE('',(#5315),#5575,.F.);
#5905=ADVANCED_FACE('',(#5316),#5576,.F.);
#5906=ADVANCED_FACE('',(#5317),#5577,.F.);
#5907=ADVANCED_FACE('',(#5318),#5578,.F.);
#5908=ADVANCED_FACE('',(#5319),#5579,.F.);
#5909=ADVANCED_FACE('',(#5320,#5321),#5580,.T.);
#5910=ADVANCED_FACE('',(#5322),#5581,.F.);
#5911=ADVANCED_FACE('',(#5323),#5582,.F.);
#5912=ADVANCED_FACE('',(#5324),#5583,.F.);
#5913=ADVANCED_FACE('',(#5325),#5584,.F.);
#5914=ADVANCED_FACE('',(#5326),#5585,.F.);
#5915=ADVANCED_FACE('',(#5327),#5586,.F.);
#5916=ADVANCED_FACE('',(#5328,#5329),#5587,.T.);
#5917=ADVANCED_FACE('',(#5330),#366,.F.);
#5918=ADVANCED_FACE('',(#5331),#367,.F.);
#5919=ADVANCED_FACE('',(#5332),#5588,.T.);
#5920=ADVANCED_FACE('',(#5333),#5589,.T.);
#5921=ADVANCED_FACE('',(#5334),#5590,.F.);
#5922=ADVANCED_FACE('',(#5335),#5591,.T.);
#5923=ADVANCED_FACE('',(#5336),#5592,.T.);
#5924=ADVANCED_FACE('',(#5337),#5593,.T.);
#5925=ADVANCED_FACE('',(#5338),#5594,.T.);
#5926=ADVANCED_FACE('',(#5339,#5340,#5341,#5342),#5595,.T.);
#5927=ADVANCED_FACE('',(#5343,#5344),#5596,.T.);
#5928=ADVANCED_FACE('',(#5345,#5346),#5597,.T.);
#5929=ADVANCED_FACE('',(#5347,#5348),#5598,.T.);
#5930=ADVANCED_FACE('',(#5349,#5350,#5351,#5352),#5599,.T.);
#5931=ADVANCED_FACE('',(#5353,#5354,#5355),#368,.T.);
#5932=ADVANCED_FACE('',(#5356,#5357),#369,.T.);
#5933=ADVANCED_FACE('',(#5358,#5359),#370,.T.);
#5934=ADVANCED_FACE('',(#5360,#5361),#371,.T.);
#5935=ADVANCED_FACE('',(#5362,#5363),#372,.T.);
#5936=ADVANCED_FACE('',(#5364,#5365),#373,.T.);
#5937=ADVANCED_FACE('',(#5366,#5367),#278,.T.);
#5938=ADVANCED_FACE('',(#5368,#5369),#374,.T.);
#5939=ADVANCED_FACE('',(#5370,#5371),#279,.T.);
#5940=ADVANCED_FACE('',(#5372,#5373),#375,.T.);
#5941=ADVANCED_FACE('',(#5374,#5375),#280,.F.);
#5942=ADVANCED_FACE('',(#5376,#5377),#376,.F.);
#5943=ADVANCED_FACE('',(#5378,#5379),#281,.F.);
#5944=ADVANCED_FACE('',(#5380,#5381),#377,.F.);
#5945=ADVANCED_FACE('',(#5382,#5383),#282,.T.);
#5946=ADVANCED_FACE('',(#5384,#5385),#58,.T.);
#5947=ADVANCED_FACE('',(#5386,#5387),#59,.T.);
#5948=ADVANCED_FACE('',(#5388,#5389),#60,.T.);
#5949=ADVANCED_FACE('',(#5390,#5391),#61,.T.);
#5950=CLOSED_SHELL('',(#5600,#5601,#5602,#5603,#5604,#5605,#5606,#5607,
#5608,#5609,#5610,#5611,#5612,#5613,#5614,#5615,#5616,#5617,#5618,#5619,
#5620,#5621,#5622));
#5951=CLOSED_SHELL('',(#5623,#5624,#5625,#5626,#5627,#5628,#5629,#5630,
#5631,#5632,#5633,#5634,#5635,#5636,#5637,#5638,#5639,#5640,#5641,#5642,
#5643));
#5952=CLOSED_SHELL('',(#5644,#5645,#5646,#5647,#5648,#5649,#5650,#5651,
#5652,#5653,#5654,#5655,#5656,#5657,#5658,#5659,#5660,#5661,#5662,#5663,
#5664,#5665,#5666,#5667,#5668,#5669,#5670,#5671));
#5953=CLOSED_SHELL('',(#5672,#5673,#5674,#5675,#5676,#5677,#5678,#5679,
#5680,#5681,#5682,#5683,#5684,#5685,#5686,#5687,#5688,#5689,#5690,#5691,
#5692));
#5954=CLOSED_SHELL('',(#5693,#5694,#5695,#5696,#5697,#5698,#5699,#5700,
#5701,#5702,#5703,#5704,#5705,#5706,#5707,#5708,#5709,#5710,#5711,#5712));
#5955=CLOSED_SHELL('',(#5713,#5714,#5715,#5716,#5717,#5718,#5719,#5720,
#5721,#5722,#5723));
#5956=CLOSED_SHELL('',(#5724,#5725,#5726,#5727,#5728,#5729,#5730,#5731,
#5732,#5733,#5734,#5735,#5736,#5737,#5738,#5739,#5740,#5741,#5742,#5743,
#5744,#5745,#5746,#5747,#5748,#5749,#5750,#5751));
#5957=CLOSED_SHELL('',(#5752,#5753,#5754,#5755,#5756,#5757,#5758,#5759,
#5760,#5761));
#5958=CLOSED_SHELL('',(#5762,#5763,#5764,#5765,#5766,#5767,#5768,#5769,
#5770,#5771,#5772,#5773,#5774,#5775,#5776,#5777,#5778,#5779,#5780));
#5959=CLOSED_SHELL('',(#5781,#5782,#5783,#5784,#5785,#5786,#5787,#5788,
#5789,#5790,#5791,#5792,#5793,#5794,#5795,#5796,#5797,#5798,#5799,#5800,
#5801,#5802));
#5960=CLOSED_SHELL('',(#5803,#5804,#5805,#5806,#5807,#5808,#5809,#5810,
#5811,#5812,#5813,#5814,#5815,#5816,#5817,#5818,#5819,#5820,#5821,#5822,
#5823,#5824,#5825,#5826,#5827,#5828,#5829,#5830,#5831));
#5961=CLOSED_SHELL('',(#5832,#5833,#5834,#5835,#5836,#5837,#5838,#5839,
#5840,#5841,#5842,#5843,#5844,#5845,#5846,#5847,#5848,#5849,#5850,#5851,
#5852,#5853,#5854,#5855,#5856,#5857));
#5962=CLOSED_SHELL('',(#5858,#5859,#5860,#5861,#5862,#5863,#5864,#5865,
#5866,#5867,#5868,#5869,#5870,#5871,#5872,#5873,#5874,#5875,#5876,#5877,
#5878,#5879,#5880,#5881,#5882,#5883,#5884,#5885,#5886,#5887,#5888,#5889,
#5890,#5891,#5892,#5893,#5894,#5895,#5896,#5897,#5898,#5899,#5900,#5901,
#5902,#5903,#5904,#5905,#5906,#5907,#5908,#5909,#5910,#5911,#5912,#5913,
#5914,#5915,#5916));
#5963=CLOSED_SHELL('',(#5917,#5918,#5919,#5920,#5921,#5922,#5923,#5924,
#5925,#5926,#5927,#5928,#5929,#5930,#5931,#5932,#5933,#5934,#5935,#5936,
#5937,#5938,#5939,#5940,#5941,#5942,#5943,#5944,#5945,#5946,#5947,#5948,
#5949));
#5964=STYLED_ITEM('',(#5978),#6203);
#5965=STYLED_ITEM('',(#5979),#6204);
#5966=STYLED_ITEM('',(#5980),#6205);
#5967=STYLED_ITEM('',(#5981),#6206);
#5968=STYLED_ITEM('',(#5982),#6207);
#5969=STYLED_ITEM('',(#5983),#6208);
#5970=STYLED_ITEM('',(#5984),#6209);
#5971=STYLED_ITEM('',(#5985),#6210);
#5972=STYLED_ITEM('',(#5986),#6211);
#5973=STYLED_ITEM('',(#5987),#6212);
#5974=STYLED_ITEM('',(#5988),#6213);
#5975=STYLED_ITEM('',(#5989),#6214);
#5976=STYLED_ITEM('',(#5990),#6215);
#5977=STYLED_ITEM('',(#5991),#6216);
#5978=PRESENTATION_STYLE_ASSIGNMENT((#6014));
#5979=PRESENTATION_STYLE_ASSIGNMENT((#6015));
#5980=PRESENTATION_STYLE_ASSIGNMENT((#6016));
#5981=PRESENTATION_STYLE_ASSIGNMENT((#6017));
#5982=PRESENTATION_STYLE_ASSIGNMENT((#6018));
#5983=PRESENTATION_STYLE_ASSIGNMENT((#6019));
#5984=PRESENTATION_STYLE_ASSIGNMENT((#6020));
#5985=PRESENTATION_STYLE_ASSIGNMENT((#6021));
#5986=PRESENTATION_STYLE_ASSIGNMENT((#6022));
#5987=PRESENTATION_STYLE_ASSIGNMENT((#6023));
#5988=PRESENTATION_STYLE_ASSIGNMENT((#6024));
#5989=PRESENTATION_STYLE_ASSIGNMENT((#6025));
#5990=PRESENTATION_STYLE_ASSIGNMENT((#6026));
#5991=PRESENTATION_STYLE_ASSIGNMENT((#6027));
#5992=PRESENTATION_STYLE_ASSIGNMENT((#6028));
#5993=PRESENTATION_STYLE_ASSIGNMENT((#6029));
#5994=PRESENTATION_STYLE_ASSIGNMENT((#6030));
#5995=PRESENTATION_STYLE_ASSIGNMENT((#6031));
#5996=PRESENTATION_STYLE_ASSIGNMENT((#6032));
#5997=PRESENTATION_STYLE_ASSIGNMENT((#6033));
#5998=PRESENTATION_STYLE_ASSIGNMENT((#6034));
#5999=PRESENTATION_STYLE_ASSIGNMENT((#6035));
#6000=PRESENTATION_STYLE_ASSIGNMENT((#6036));
#6001=PRESENTATION_STYLE_ASSIGNMENT((#6037));
#6002=PRESENTATION_STYLE_ASSIGNMENT((#6038));
#6003=PRESENTATION_STYLE_ASSIGNMENT((#6039));
#6004=PRESENTATION_STYLE_ASSIGNMENT((#6040));
#6005=PRESENTATION_STYLE_ASSIGNMENT((#6041));
#6006=PRESENTATION_STYLE_ASSIGNMENT((#6042));
#6007=PRESENTATION_STYLE_ASSIGNMENT((#6043));
#6008=PRESENTATION_STYLE_ASSIGNMENT((#6044));
#6009=PRESENTATION_STYLE_ASSIGNMENT((#6045));
#6010=PRESENTATION_STYLE_ASSIGNMENT((#6046));
#6011=PRESENTATION_STYLE_ASSIGNMENT((#6047));
#6012=PRESENTATION_STYLE_ASSIGNMENT((#6048));
#6013=PRESENTATION_STYLE_ASSIGNMENT((#6049));
#6014=SURFACE_STYLE_USAGE(.BOTH.,#6050);
#6015=SURFACE_STYLE_USAGE(.BOTH.,#6051);
#6016=SURFACE_STYLE_USAGE(.BOTH.,#6052);
#6017=SURFACE_STYLE_USAGE(.BOTH.,#6053);
#6018=SURFACE_STYLE_USAGE(.BOTH.,#6054);
#6019=SURFACE_STYLE_USAGE(.BOTH.,#6055);
#6020=SURFACE_STYLE_USAGE(.BOTH.,#6056);
#6021=SURFACE_STYLE_USAGE(.BOTH.,#6057);
#6022=SURFACE_STYLE_USAGE(.BOTH.,#6058);
#6023=SURFACE_STYLE_USAGE(.BOTH.,#6059);
#6024=SURFACE_STYLE_USAGE(.BOTH.,#6060);
#6025=SURFACE_STYLE_USAGE(.BOTH.,#6061);
#6026=SURFACE_STYLE_USAGE(.BOTH.,#6062);
#6027=SURFACE_STYLE_USAGE(.BOTH.,#6063);
#6028=SURFACE_STYLE_USAGE(.BOTH.,#6064);
#6029=SURFACE_STYLE_USAGE(.BOTH.,#6065);
#6030=SURFACE_STYLE_USAGE(.BOTH.,#6066);
#6031=SURFACE_STYLE_USAGE(.BOTH.,#6067);
#6032=SURFACE_STYLE_USAGE(.BOTH.,#6068);
#6033=SURFACE_STYLE_USAGE(.BOTH.,#6069);
#6034=SURFACE_STYLE_USAGE(.BOTH.,#6070);
#6035=SURFACE_STYLE_USAGE(.BOTH.,#6071);
#6036=SURFACE_STYLE_USAGE(.BOTH.,#6072);
#6037=SURFACE_STYLE_USAGE(.BOTH.,#6073);
#6038=SURFACE_STYLE_USAGE(.BOTH.,#6074);
#6039=SURFACE_STYLE_USAGE(.BOTH.,#6075);
#6040=SURFACE_STYLE_USAGE(.BOTH.,#6076);
#6041=SURFACE_STYLE_USAGE(.BOTH.,#6077);
#6042=SURFACE_STYLE_USAGE(.BOTH.,#6078);
#6043=SURFACE_STYLE_USAGE(.BOTH.,#6079);
#6044=SURFACE_STYLE_USAGE(.BOTH.,#6080);
#6045=SURFACE_STYLE_USAGE(.BOTH.,#6081);
#6046=SURFACE_STYLE_USAGE(.BOTH.,#6082);
#6047=SURFACE_STYLE_USAGE(.BOTH.,#6083);
#6048=SURFACE_STYLE_USAGE(.BOTH.,#6084);
#6049=SURFACE_STYLE_USAGE(.BOTH.,#6085);
#6050=SURFACE_SIDE_STYLE('',(#6086));
#6051=SURFACE_SIDE_STYLE('',(#6087));
#6052=SURFACE_SIDE_STYLE('',(#6088));
#6053=SURFACE_SIDE_STYLE('',(#6089));
#6054=SURFACE_SIDE_STYLE('',(#6090,#37));
#6055=SURFACE_SIDE_STYLE('',(#6091,#38));
#6056=SURFACE_SIDE_STYLE('',(#6092));
#6057=SURFACE_SIDE_STYLE('',(#6093));
#6058=SURFACE_SIDE_STYLE('',(#6094));
#6059=SURFACE_SIDE_STYLE('',(#6095));
#6060=SURFACE_SIDE_STYLE('',(#6096));
#6061=SURFACE_SIDE_STYLE('',(#6097));
#6062=SURFACE_SIDE_STYLE('',(#6098));
#6063=SURFACE_SIDE_STYLE('',(#6099));
#6064=SURFACE_SIDE_STYLE('',(#6100));
#6065=SURFACE_SIDE_STYLE('',(#6101));
#6066=SURFACE_SIDE_STYLE('',(#6102));
#6067=SURFACE_SIDE_STYLE('',(#6103));
#6068=SURFACE_SIDE_STYLE('',(#6104));
#6069=SURFACE_SIDE_STYLE('',(#6105));
#6070=SURFACE_SIDE_STYLE('',(#6106));
#6071=SURFACE_SIDE_STYLE('',(#6107));
#6072=SURFACE_SIDE_STYLE('',(#6108));
#6073=SURFACE_SIDE_STYLE('',(#6109));
#6074=SURFACE_SIDE_STYLE('',(#6110));
#6075=SURFACE_SIDE_STYLE('',(#6111));
#6076=SURFACE_SIDE_STYLE('',(#6112));
#6077=SURFACE_SIDE_STYLE('',(#6113));
#6078=SURFACE_SIDE_STYLE('',(#6114));
#6079=SURFACE_SIDE_STYLE('',(#6115));
#6080=SURFACE_SIDE_STYLE('',(#6116));
#6081=SURFACE_SIDE_STYLE('',(#6117));
#6082=SURFACE_SIDE_STYLE('',(#6118));
#6083=SURFACE_SIDE_STYLE('',(#6119));
#6084=SURFACE_SIDE_STYLE('',(#6120));
#6085=SURFACE_SIDE_STYLE('',(#6121));
#6086=SURFACE_STYLE_FILL_AREA(#6122);
#6087=SURFACE_STYLE_FILL_AREA(#6123);
#6088=SURFACE_STYLE_FILL_AREA(#6124);
#6089=SURFACE_STYLE_FILL_AREA(#6125);
#6090=SURFACE_STYLE_FILL_AREA(#6126);
#6091=SURFACE_STYLE_FILL_AREA(#6127);
#6092=SURFACE_STYLE_FILL_AREA(#6128);
#6093=SURFACE_STYLE_FILL_AREA(#6129);
#6094=SURFACE_STYLE_FILL_AREA(#6130);
#6095=SURFACE_STYLE_FILL_AREA(#6131);
#6096=SURFACE_STYLE_FILL_AREA(#6132);
#6097=SURFACE_STYLE_FILL_AREA(#6133);
#6098=SURFACE_STYLE_FILL_AREA(#6134);
#6099=SURFACE_STYLE_FILL_AREA(#6135);
#6100=SURFACE_STYLE_FILL_AREA(#6136);
#6101=SURFACE_STYLE_FILL_AREA(#6137);
#6102=SURFACE_STYLE_FILL_AREA(#6138);
#6103=SURFACE_STYLE_FILL_AREA(#6139);
#6104=SURFACE_STYLE_FILL_AREA(#6140);
#6105=SURFACE_STYLE_FILL_AREA(#6141);
#6106=SURFACE_STYLE_FILL_AREA(#6142);
#6107=SURFACE_STYLE_FILL_AREA(#6143);
#6108=SURFACE_STYLE_FILL_AREA(#6144);
#6109=SURFACE_STYLE_FILL_AREA(#6145);
#6110=SURFACE_STYLE_FILL_AREA(#6146);
#6111=SURFACE_STYLE_FILL_AREA(#6147);
#6112=SURFACE_STYLE_FILL_AREA(#6148);
#6113=SURFACE_STYLE_FILL_AREA(#6149);
#6114=SURFACE_STYLE_FILL_AREA(#6150);
#6115=SURFACE_STYLE_FILL_AREA(#6151);
#6116=SURFACE_STYLE_FILL_AREA(#6152);
#6117=SURFACE_STYLE_FILL_AREA(#6153);
#6118=SURFACE_STYLE_FILL_AREA(#6154);
#6119=SURFACE_STYLE_FILL_AREA(#6155);
#6120=SURFACE_STYLE_FILL_AREA(#6156);
#6121=SURFACE_STYLE_FILL_AREA(#6157);
#6122=FILL_AREA_STYLE('',(#6158));
#6123=FILL_AREA_STYLE('',(#6159));
#6124=FILL_AREA_STYLE('',(#6160));
#6125=FILL_AREA_STYLE('',(#6161));
#6126=FILL_AREA_STYLE('',(#6162));
#6127=FILL_AREA_STYLE('',(#6163));
#6128=FILL_AREA_STYLE('',(#6164));
#6129=FILL_AREA_STYLE('',(#6165));
#6130=FILL_AREA_STYLE('',(#6166));
#6131=FILL_AREA_STYLE('',(#6167));
#6132=FILL_AREA_STYLE('',(#6168));
#6133=FILL_AREA_STYLE('',(#6169));
#6134=FILL_AREA_STYLE('',(#6170));
#6135=FILL_AREA_STYLE('',(#6171));
#6136=FILL_AREA_STYLE('',(#6172));
#6137=FILL_AREA_STYLE('',(#6173));
#6138=FILL_AREA_STYLE('',(#6174));
#6139=FILL_AREA_STYLE('',(#6175));
#6140=FILL_AREA_STYLE('',(#6176));
#6141=FILL_AREA_STYLE('',(#6177));
#6142=FILL_AREA_STYLE('',(#6178));
#6143=FILL_AREA_STYLE('',(#6179));
#6144=FILL_AREA_STYLE('',(#6180));
#6145=FILL_AREA_STYLE('',(#6181));
#6146=FILL_AREA_STYLE('',(#6182));
#6147=FILL_AREA_STYLE('',(#6183));
#6148=FILL_AREA_STYLE('',(#6184));
#6149=FILL_AREA_STYLE('',(#6185));
#6150=FILL_AREA_STYLE('',(#6186));
#6151=FILL_AREA_STYLE('',(#6187));
#6152=FILL_AREA_STYLE('',(#6188));
#6153=FILL_AREA_STYLE('',(#6189));
#6154=FILL_AREA_STYLE('',(#6190));
#6155=FILL_AREA_STYLE('',(#6191));
#6156=FILL_AREA_STYLE('',(#6192));
#6157=FILL_AREA_STYLE('',(#6193));
#6158=FILL_AREA_STYLE_COLOUR('',#6194);
#6159=FILL_AREA_STYLE_COLOUR('',#6194);
#6160=FILL_AREA_STYLE_COLOUR('',#6195);
#6161=FILL_AREA_STYLE_COLOUR('',#6194);
#6162=FILL_AREA_STYLE_COLOUR('',#6196);
#6163=FILL_AREA_STYLE_COLOUR('',#6197);
#6164=FILL_AREA_STYLE_COLOUR('',#6195);
#6165=FILL_AREA_STYLE_COLOUR('',#6195);
#6166=FILL_AREA_STYLE_COLOUR('',#6195);
#6167=FILL_AREA_STYLE_COLOUR('',#6195);
#6168=FILL_AREA_STYLE_COLOUR('',#6195);
#6169=FILL_AREA_STYLE_COLOUR('',#6195);
#6170=FILL_AREA_STYLE_COLOUR('',#6195);
#6171=FILL_AREA_STYLE_COLOUR('',#6198);
#6172=FILL_AREA_STYLE_COLOUR('',#6199);
#6173=FILL_AREA_STYLE_COLOUR('',#6199);
#6174=FILL_AREA_STYLE_COLOUR('',#6200);
#6175=FILL_AREA_STYLE_COLOUR('',#6201);
#6176=FILL_AREA_STYLE_COLOUR('',#6200);
#6177=FILL_AREA_STYLE_COLOUR('',#6200);
#6178=FILL_AREA_STYLE_COLOUR('',#6200);
#6179=FILL_AREA_STYLE_COLOUR('',#6201);
#6180=FILL_AREA_STYLE_COLOUR('',#6202);
#6181=FILL_AREA_STYLE_COLOUR('',#6200);
#6182=FILL_AREA_STYLE_COLOUR('',#6200);
#6183=FILL_AREA_STYLE_COLOUR('',#6200);
#6184=FILL_AREA_STYLE_COLOUR('',#6200);
#6185=FILL_AREA_STYLE_COLOUR('',#6199);
#6186=FILL_AREA_STYLE_COLOUR('',#6199);
#6187=FILL_AREA_STYLE_COLOUR('',#6200);
#6188=FILL_AREA_STYLE_COLOUR('',#6200);
#6189=FILL_AREA_STYLE_COLOUR('',#6200);
#6190=FILL_AREA_STYLE_COLOUR('',#6201);
#6191=FILL_AREA_STYLE_COLOUR('',#6200);
#6192=FILL_AREA_STYLE_COLOUR('',#6200);
#6193=FILL_AREA_STYLE_COLOUR('',#6200);
#6194=COLOUR_RGB('',0.603921568627451,0.647058823529412,0.686274509803922);
#6195=COLOUR_RGB('',0.223529411764706,0.223529411764706,0.223529411764706);
#6196=COLOUR_RGB('',0.843137254901961,0.815686274509804,0.752941176470588);
#6197=COLOUR_RGB('',0.917647058823529,0.917647058823529,0.917647058823529);
#6198=COLOUR_RGB('',0.698039215686275,0.698039215686275,0.698039215686275);
#6199=COLOUR_RGB('',0.0980392156862745,0.0980392156862745,0.0980392156862745);
#6200=COLOUR_RGB('',0.898039215686275,0.917647058823529,0.929411764705882);
#6201=COLOUR_RGB('',0.647058823529412,0.619607843137255,0.588235294117647);
#6202=COLOUR_RGB('',0.192156862745098,0.203921568627451,0.203921568627451);
#6203=MANIFOLD_SOLID_BREP('Hex nut #10-32',#5950);
#6204=MANIFOLD_SOLID_BREP('Socket button head cap screw #10-32 x 1',#5951);
#6205=MANIFOLD_SOLID_BREP('Ambu Support Small',#5952);
#6206=MANIFOLD_SOLID_BREP('Socket button head cap screw #10-32 x 0.5',#5953);
#6207=MANIFOLD_SOLID_BREP('Ambu Bag',#5954);
#6208=MANIFOLD_SOLID_BREP('Polycarbonate Base',#5955);
#6209=MANIFOLD_SOLID_BREP('Ambu Support Small',#5956);
#6210=MANIFOLD_SOLID_BREP('Base',#5957);
#6211=MANIFOLD_SOLID_BREP('Connecting Arm',#5958);
#6212=MANIFOLD_SOLID_BREP('Pressing Arm',#5959);
#6213=MANIFOLD_SOLID_BREP('Motor Stand Top',#5960);
#6214=MANIFOLD_SOLID_BREP('Motor Stand Bottom',#5961);
#6215=MANIFOLD_SOLID_BREP('Motor Adapter',#5962);
#6216=MANIFOLD_SOLID_BREP('CIM Motor',#5963);
#6217=SHAPE_DEFINITION_REPRESENTATION(#10430,#6236);
#6218=SHAPE_DEFINITION_REPRESENTATION(#10431,#6237);
#6219=SHAPE_DEFINITION_REPRESENTATION(#10434,#6238);
#6220=SHAPE_DEFINITION_REPRESENTATION(#10436,#6239);
#6221=SHAPE_DEFINITION_REPRESENTATION(#10438,#6240);
#6222=SHAPE_DEFINITION_REPRESENTATION(#10440,#6241);
#6223=SHAPE_DEFINITION_REPRESENTATION(#10442,#6242);
#6224=SHAPE_DEFINITION_REPRESENTATION(#10446,#6243);
#6225=SHAPE_DEFINITION_REPRESENTATION(#10448,#6244);
#6226=SHAPE_DEFINITION_REPRESENTATION(#10453,#6245);
#6227=SHAPE_DEFINITION_REPRESENTATION(#10456,#6246);
#6228=SHAPE_DEFINITION_REPRESENTATION(#10459,#6247);
#6229=SHAPE_DEFINITION_REPRESENTATION(#10462,#6248);
#6230=SHAPE_DEFINITION_REPRESENTATION(#10469,#6249);
#6231=SHAPE_DEFINITION_REPRESENTATION(#10470,#6250);
#6232=SHAPE_DEFINITION_REPRESENTATION(#10472,#6251);
#6233=SHAPE_DEFINITION_REPRESENTATION(#10477,#6252);
#6234=SHAPE_DEFINITION_REPRESENTATION(#10478,#6253);
#6235=SHAPE_DEFINITION_REPRESENTATION(#10487,#6254);
#6236=SHAPE_REPRESENTATION('Main',(#6255,#6295,#6296,#6331,#6545,#6885,
#6886),#10389);
#6237=SHAPE_REPRESENTATION('Hex nut #10-32',(#6255),#10390);
#6238=SHAPE_REPRESENTATION('Socket button head cap screw #10-32 x 1',(#6255),
#10391);
#6239=SHAPE_REPRESENTATION('Ambu Bag Assembly <1>',(#6255,#6332,#6387,#6422,
#6463,#6464,#6465,#6487,#6542,#6543,#6544),#10392);
#6240=SHAPE_REPRESENTATION('Ambu Support Small',(#6255),#10393);
#6241=SHAPE_REPRESENTATION('Socket button head cap screw #10-32 x 0.5',
(#6255),#10394);
#6242=SHAPE_REPRESENTATION('Ambu Bag',(#6255),#10395);
#6243=SHAPE_REPRESENTATION('Polycarbonate Base',(#6255),#10396);
#6244=SHAPE_REPRESENTATION('Ambu Support Small',(#6255),#10397);
#6245=SHAPE_REPRESENTATION('Mechanism Assembly <1>',(#6255,#6546,#6547,
#6566,#6567,#6603,#6604,#6642,#6643,#6644,#6645,#6646,#6647,#6738,#6739,
#6740,#6821,#6884),#10398);
#6246=SHAPE_REPRESENTATION('Base',(#6255),#10399);
#6247=SHAPE_REPRESENTATION('Connecting Arm',(#6255),#10400);
#6248=SHAPE_REPRESENTATION('Pressing Arm',(#6255),#10401);
#6249=SHAPE_REPRESENTATION('Motor Stand <1>',(#6255,#6697,#6737),#10402);
#6250=SHAPE_REPRESENTATION('Motor Stand Top',(#6255),#10403);
#6251=SHAPE_REPRESENTATION('Motor Stand Bottom',(#6255),#10404);
#6252=SHAPE_REPRESENTATION('Motor Adapter <1>',(#6255,#6814,#6815,#6816,
#6817,#6818,#6819,#6820),#10405);
#6253=SHAPE_REPRESENTATION('Motor Adapter',(#6255),#10406);
#6254=SHAPE_REPRESENTATION('CIM Motor',(#6255),#10407);
#6255=AXIS2_PLACEMENT_3D('',#8620,#6887,#6888);
#6256=AXIS2_PLACEMENT_3D('',#8621,#6889,#6890);
#6257=AXIS2_PLACEMENT_3D('',#8646,#6893,#6894);
#6258=AXIS2_PLACEMENT_3D('',#8668,#6896,#6897);
#6259=AXIS2_PLACEMENT_3D('',#8690,#6899,#6900);
#6260=AXIS2_PLACEMENT_3D('',#8712,#6902,#6903);
#6261=AXIS2_PLACEMENT_3D('',#8734,#6905,#6906);
#6262=AXIS2_PLACEMENT_3D('',#8753,#6907,#6908);
#6263=AXIS2_PLACEMENT_3D('',#8754,#6909,#6910);
#6264=AXIS2_PLACEMENT_3D('',#8756,#6911,#6912);
#6265=AXIS2_PLACEMENT_3D('',#8757,#6913,#6914);
#6266=AXIS2_PLACEMENT_3D('',#8758,#6915,#6916);
#6267=AXIS2_PLACEMENT_3D('',#8759,#6917,#6918);
#6268=AXIS2_PLACEMENT_3D('',#8760,#6919,#6920);
#6269=AXIS2_PLACEMENT_3D('',#8761,#6921,#6922);
#6270=AXIS2_PLACEMENT_3D('',#8762,#6923,#6924);
#6271=AXIS2_PLACEMENT_3D('',#8763,#6925,#6926);
#6272=AXIS2_PLACEMENT_3D('',#8765,#6927,#6928);
#6273=AXIS2_PLACEMENT_3D('',#8767,#6929,#6930);
#6274=AXIS2_PLACEMENT_3D('',#8768,#6931,#6932);
#6275=AXIS2_PLACEMENT_3D('',#8769,#6933,#6934);
#6276=AXIS2_PLACEMENT_3D('',#8770,#6935,#6936);
#6277=AXIS2_PLACEMENT_3D('',#8771,#6937,#6938);
#6278=AXIS2_PLACEMENT_3D('',#8772,#6939,#6940);
#6279=AXIS2_PLACEMENT_3D('',#8773,#6941,#6942);
#6280=AXIS2_PLACEMENT_3D('',#8774,#6943,#6944);
#6281=AXIS2_PLACEMENT_3D('',#8776,#6945,#6946);
#6282=AXIS2_PLACEMENT_3D('',#8777,#6947,#6948);
#6283=AXIS2_PLACEMENT_3D('',#8778,#6949,#6950);
#6284=AXIS2_PLACEMENT_3D('',#8779,#6951,#6952);
#6285=AXIS2_PLACEMENT_3D('',#8780,#6953,#6954);
#6286=AXIS2_PLACEMENT_3D('',#8781,#6955,#6956);
#6287=AXIS2_PLACEMENT_3D('',#8782,#6957,#6958);
#6288=AXIS2_PLACEMENT_3D('',#8783,#6959,#6960);
#6289=AXIS2_PLACEMENT_3D('',#8784,#6961,#6962);
#6290=AXIS2_PLACEMENT_3D('',#8785,#6963,#6964);
#6291=AXIS2_PLACEMENT_3D('',#8786,#6965,#6966);
#6292=AXIS2_PLACEMENT_3D('',#8787,#6967,#6968);
#6293=AXIS2_PLACEMENT_3D('',#8788,#6969,#6970);
#6294=AXIS2_PLACEMENT_3D('',#8789,#6971,#6972);
#6295=AXIS2_PLACEMENT_3D('',#8790,#6973,#6974);
#6296=AXIS2_PLACEMENT_3D('',#8791,#6975,#6976);
#6297=AXIS2_PLACEMENT_3D('',#8792,#6977,#6978);
#6298=AXIS2_PLACEMENT_3D('',#8793,#6979,#6980);
#6299=AXIS2_PLACEMENT_3D('',#8799,#6983,#6984);
#6300=AXIS2_PLACEMENT_3D('',#8800,#6985,#6986);
#6301=AXIS2_PLACEMENT_3D('',#8805,#6989,#6990);
#6302=AXIS2_PLACEMENT_3D('',#8806,#6991,#6992);
#6303=AXIS2_PLACEMENT_3D('',#8811,#6995,#6996);
#6304=AXIS2_PLACEMENT_3D('',#8812,#6997,#6998);
#6305=AXIS2_PLACEMENT_3D('',#8817,#7001,#7002);
#6306=AXIS2_PLACEMENT_3D('',#8818,#7003,#7004);
#6307=AXIS2_PLACEMENT_3D('',#8823,#7007,#7008);
#6308=AXIS2_PLACEMENT_3D('',#8824,#7009,#7010);
#6309=AXIS2_PLACEMENT_3D('',#8838,#7017,#7018);
#6310=AXIS2_PLACEMENT_3D('',#8839,#7019,#7020);
#6311=AXIS2_PLACEMENT_3D('',#8841,#7021,#7022);
#6312=AXIS2_PLACEMENT_3D('',#8843,#7023,#7024);
#6313=AXIS2_PLACEMENT_3D('',#8844,#7025,#7026);
#6314=AXIS2_PLACEMENT_3D('',#8846,#7027,#7028);
#6315=AXIS2_PLACEMENT_3D('',#8847,#7029,#7030);
#6316=AXIS2_PLACEMENT_3D('',#8849,#7031,#7032);
#6317=AXIS2_PLACEMENT_3D('',#8850,#7033,#7034);
#6318=AXIS2_PLACEMENT_3D('',#8852,#7035,#7036);
#6319=AXIS2_PLACEMENT_3D('',#8853,#7037,#7038);
#6320=AXIS2_PLACEMENT_3D('',#8855,#7039,#7040);
#6321=AXIS2_PLACEMENT_3D('',#8856,#7041,#7042);
#6322=AXIS2_PLACEMENT_3D('',#8859,#7045,#7046);
#6323=AXIS2_PLACEMENT_3D('',#8861,#7048,#7049);
#6324=AXIS2_PLACEMENT_3D('',#8863,#7051,#7052);
#6325=AXIS2_PLACEMENT_3D('',#8865,#7054,#7055);
#6326=AXIS2_PLACEMENT_3D('',#8869,#7058,#7059);
#6327=AXIS2_PLACEMENT_3D('',#8871,#7061,#7062);
#6328=AXIS2_PLACEMENT_3D('',#8872,#7063,#7064);
#6329=AXIS2_PLACEMENT_3D('',#8873,#7065,#7066);
#6330=AXIS2_PLACEMENT_3D('',#8875,#7067,#7068);
#6331=AXIS2_PLACEMENT_3D('',#8876,#7069,#7070);
#6332=AXIS2_PLACEMENT_3D('',#8877,#7071,#7072);
#6333=AXIS2_PLACEMENT_3D('',#8878,#7073,#7074);
#6334=AXIS2_PLACEMENT_3D('',#8887,#7079,#7080);
#6335=AXIS2_PLACEMENT_3D('',#8888,#7081,#7082);
#6336=AXIS2_PLACEMENT_3D('',#8890,#7083,#7084);
#6337=AXIS2_PLACEMENT_3D('',#8897,#7088,#7089);
#6338=AXIS2_PLACEMENT_3D('',#8903,#7093,#7094);
#6339=AXIS2_PLACEMENT_3D('',#8904,#7095,#7096);
#6340=AXIS2_PLACEMENT_3D('',#8911,#7100,#7101);
#6341=AXIS2_PLACEMENT_3D('',#8920,#7106,#7107);
#6342=AXIS2_PLACEMENT_3D('',#8929,#7112,#7113);
#6343=AXIS2_PLACEMENT_3D('',#8938,#7118,#7119);
#6344=AXIS2_PLACEMENT_3D('',#8947,#7124,#7125);
#6345=AXIS2_PLACEMENT_3D('',#8948,#7126,#7127);
#6346=AXIS2_PLACEMENT_3D('',#8953,#7129,#7130);
#6347=AXIS2_PLACEMENT_3D('',#8956,#7132,#7133);
#6348=AXIS2_PLACEMENT_3D('',#8965,#7138,#7139);
#6349=AXIS2_PLACEMENT_3D('',#8974,#7144,#7145);
#6350=AXIS2_PLACEMENT_3D('',#8983,#7150,#7151);
#6351=AXIS2_PLACEMENT_3D('',#8992,#7156,#7157);
#6352=AXIS2_PLACEMENT_3D('',#8993,#7158,#7159);
#6353=AXIS2_PLACEMENT_3D('',#9000,#7163,#7164);
#6354=AXIS2_PLACEMENT_3D('',#9001,#7165,#7166);
#6355=AXIS2_PLACEMENT_3D('',#9002,#7167,#7168);
#6356=AXIS2_PLACEMENT_3D('',#9003,#7169,#7170);
#6357=AXIS2_PLACEMENT_3D('',#9004,#7171,#7172);
#6358=AXIS2_PLACEMENT_3D('',#9005,#7173,#7174);
#6359=AXIS2_PLACEMENT_3D('',#9006,#7175,#7176);
#6360=AXIS2_PLACEMENT_3D('',#9007,#7177,#7178);
#6361=AXIS2_PLACEMENT_3D('',#9008,#7179,#7180);
#6362=AXIS2_PLACEMENT_3D('',#9009,#7181,#7182);
#6363=AXIS2_PLACEMENT_3D('',#9010,#7183,#7184);
#6364=AXIS2_PLACEMENT_3D('',#9011,#7185,#7186);
#6365=AXIS2_PLACEMENT_3D('',#9012,#7187,#7188);
#6366=AXIS2_PLACEMENT_3D('',#9013,#7189,#7190);
#6367=AXIS2_PLACEMENT_3D('',#9014,#7191,#7192);
#6368=AXIS2_PLACEMENT_3D('',#9015,#7193,#7194);
#6369=AXIS2_PLACEMENT_3D('',#9016,#7195,#7196);
#6370=AXIS2_PLACEMENT_3D('',#9017,#7197,#7198);
#6371=AXIS2_PLACEMENT_3D('',#9018,#7199,#7200);
#6372=AXIS2_PLACEMENT_3D('',#9019,#7201,#7202);
#6373=AXIS2_PLACEMENT_3D('',#9020,#7203,#7204);
#6374=AXIS2_PLACEMENT_3D('',#9021,#7205,#7206);
#6375=AXIS2_PLACEMENT_3D('',#9022,#7207,#7208);
#6376=AXIS2_PLACEMENT_3D('',#9023,#7209,#7210);
#6377=AXIS2_PLACEMENT_3D('',#9024,#7211,#7212);
#6378=AXIS2_PLACEMENT_3D('',#9025,#7213,#7214);
#6379=AXIS2_PLACEMENT_3D('',#9026,#7215,#7216);
#6380=AXIS2_PLACEMENT_3D('',#9027,#7217,#7218);
#6381=AXIS2_PLACEMENT_3D('',#9028,#7219,#7220);
#6382=AXIS2_PLACEMENT_3D('',#9029,#7221,#7222);
#6383=AXIS2_PLACEMENT_3D('',#9030,#7223,#7224);
#6384=AXIS2_PLACEMENT_3D('',#9031,#7225,#7226);
#6385=AXIS2_PLACEMENT_3D('',#9032,#7227,#7228);
#6386=AXIS2_PLACEMENT_3D('',#9033,#7229,#7230);
#6387=AXIS2_PLACEMENT_3D('',#9034,#7231,#7232);
#6388=AXIS2_PLACEMENT_3D('',#9035,#7233,#7234);
#6389=AXIS2_PLACEMENT_3D('',#9036,#7235,#7236);
#6390=AXIS2_PLACEMENT_3D('',#9042,#7239,#7240);
#6391=AXIS2_PLACEMENT_3D('',#9043,#7241,#7242);
#6392=AXIS2_PLACEMENT_3D('',#9048,#7245,#7246);
#6393=AXIS2_PLACEMENT_3D('',#9049,#7247,#7248);
#6394=AXIS2_PLACEMENT_3D('',#9054,#7251,#7252);
#6395=AXIS2_PLACEMENT_3D('',#9055,#7253,#7254);
#6396=AXIS2_PLACEMENT_3D('',#9060,#7257,#7258);
#6397=AXIS2_PLACEMENT_3D('',#9061,#7259,#7260);
#6398=AXIS2_PLACEMENT_3D('',#9066,#7263,#7264);
#6399=AXIS2_PLACEMENT_3D('',#9067,#7265,#7266);
#6400=AXIS2_PLACEMENT_3D('',#9081,#7273,#7274);
#6401=AXIS2_PLACEMENT_3D('',#9082,#7275,#7276);
#6402=AXIS2_PLACEMENT_3D('',#9084,#7277,#7278);
#6403=AXIS2_PLACEMENT_3D('',#9086,#7279,#7280);
#6404=AXIS2_PLACEMENT_3D('',#9087,#7281,#7282);
#6405=AXIS2_PLACEMENT_3D('',#9089,#7283,#7284);
#6406=AXIS2_PLACEMENT_3D('',#9090,#7285,#7286);
#6407=AXIS2_PLACEMENT_3D('',#9092,#7287,#7288);
#6408=AXIS2_PLACEMENT_3D('',#9093,#7289,#7290);
#6409=AXIS2_PLACEMENT_3D('',#9095,#7291,#7292);
#6410=AXIS2_PLACEMENT_3D('',#9096,#7293,#7294);
#6411=AXIS2_PLACEMENT_3D('',#9098,#7295,#7296);
#6412=AXIS2_PLACEMENT_3D('',#9099,#7297,#7298);
#6413=AXIS2_PLACEMENT_3D('',#9102,#7301,#7302);
#6414=AXIS2_PLACEMENT_3D('',#9104,#7304,#7305);
#6415=AXIS2_PLACEMENT_3D('',#9106,#7307,#7308);
#6416=AXIS2_PLACEMENT_3D('',#9108,#7310,#7311);
#6417=AXIS2_PLACEMENT_3D('',#9112,#7314,#7315);
#6418=AXIS2_PLACEMENT_3D('',#9114,#7317,#7318);
#6419=AXIS2_PLACEMENT_3D('',#9115,#7319,#7320);
#6420=AXIS2_PLACEMENT_3D('',#9116,#7321,#7322);
#6421=AXIS2_PLACEMENT_3D('',#9118,#7323,#7324);
#6422=AXIS2_PLACEMENT_3D('',#9119,#7325,#7326);
#6423=AXIS2_PLACEMENT_3D('',#9120,#7327,#7328);
#6424=AXIS2_PLACEMENT_3D('',#9121,#7329,#7330);
#6425=AXIS2_PLACEMENT_3D('',#9123,#7331,#7332);
#6426=AXIS2_PLACEMENT_3D('',#9125,#7333,#7334);
#6427=AXIS2_PLACEMENT_3D('',#9126,#7335,#7336);
#6428=AXIS2_PLACEMENT_3D('',#9128,#7337,#7338);
#6429=AXIS2_PLACEMENT_3D('',#9129,#7339,#7340);
#6430=AXIS2_PLACEMENT_3D('',#9131,#7341,#7342);
#6431=AXIS2_PLACEMENT_3D('',#9132,#7343,#7344);
#6432=AXIS2_PLACEMENT_3D('',#9134,#7345,#7346);
#6433=AXIS2_PLACEMENT_3D('',#9135,#7347,#7348);
#6434=AXIS2_PLACEMENT_3D('',#9137,#7349,#7350);
#6435=AXIS2_PLACEMENT_3D('',#9138,#7351,#7352);
#6436=AXIS2_PLACEMENT_3D('',#9140,#7353,#7354);
#6437=AXIS2_PLACEMENT_3D('',#9141,#7355,#7356);
#6438=AXIS2_PLACEMENT_3D('',#9143,#7357,#7358);
#6439=AXIS2_PLACEMENT_3D('',#9144,#7359,#7360);
#6440=AXIS2_PLACEMENT_3D('',#9146,#7361,#7362);
#6441=AXIS2_PLACEMENT_3D('',#9147,#7363,#7364);
#6442=AXIS2_PLACEMENT_3D('',#9149,#7365,#7366);
#6443=AXIS2_PLACEMENT_3D('',#9150,#7367,#7368);
#6444=AXIS2_PLACEMENT_3D('',#9152,#7369,#7370);
#6445=AXIS2_PLACEMENT_3D('',#9153,#7371,#7372);
#6446=AXIS2_PLACEMENT_3D('',#9155,#7373,#7374);
#6447=AXIS2_PLACEMENT_3D('',#9156,#7375,#7376);
#6448=AXIS2_PLACEMENT_3D('',#9158,#7377,#7378);
#6449=AXIS2_PLACEMENT_3D('',#9159,#7379,#7380);
#6450=AXIS2_PLACEMENT_3D('',#9161,#7381,#7382);
#6451=AXIS2_PLACEMENT_3D('',#9162,#7383,#7384);
#6452=AXIS2_PLACEMENT_3D('',#9164,#7385,#7386);
#6453=AXIS2_PLACEMENT_3D('',#9165,#7387,#7388);
#6454=AXIS2_PLACEMENT_3D('',#9167,#7389,#7390);
#6455=AXIS2_PLACEMENT_3D('',#9168,#7391,#7392);
#6456=AXIS2_PLACEMENT_3D('',#9170,#7393,#7394);
#6457=AXIS2_PLACEMENT_3D('',#9171,#7395,#7396);
#6458=AXIS2_PLACEMENT_3D('',#9173,#7397,#7398);
#6459=AXIS2_PLACEMENT_3D('',#9174,#7399,#7400);
#6460=AXIS2_PLACEMENT_3D('',#9176,#7401,#7402);
#6461=AXIS2_PLACEMENT_3D('',#9177,#7403,#7404);
#6462=AXIS2_PLACEMENT_3D('',#9179,#7405,#7406);
#6463=AXIS2_PLACEMENT_3D('',#9180,#7407,#7408);
#6464=AXIS2_PLACEMENT_3D('',#9181,#7409,#7410);
#6465=AXIS2_PLACEMENT_3D('',#9182,#7411,#7412);
#6466=AXIS2_PLACEMENT_3D('',#9183,#7413,#7414);
#6467=AXIS2_PLACEMENT_3D('',#9192,#7419,#7420);
#6468=AXIS2_PLACEMENT_3D('',#9198,#7424,#7425);
#6469=AXIS2_PLACEMENT_3D('',#9204,#7429,#7430);
#6470=AXIS2_PLACEMENT_3D('',#9207,#7433,#7434);
#6471=AXIS2_PLACEMENT_3D('',#9208,#7435,#7436);
#6472=AXIS2_PLACEMENT_3D('',#9210,#7437,#7438);
#6473=AXIS2_PLACEMENT_3D('',#9212,#7439,#7440);
#6474=AXIS2_PLACEMENT_3D('',#9214,#7441,#7442);
#6475=AXIS2_PLACEMENT_3D('',#9216,#7443,#7444);
#6476=AXIS2_PLACEMENT_3D('',#9218,#7445,#7446);
#6477=AXIS2_PLACEMENT_3D('',#9219,#7447,#7448);
#6478=AXIS2_PLACEMENT_3D('',#9221,#7449,#7450);
#6479=AXIS2_PLACEMENT_3D('',#9223,#7451,#7452);
#6480=AXIS2_PLACEMENT_3D('',#9225,#7453,#7454);
#6481=AXIS2_PLACEMENT_3D('',#9227,#7455,#7456);
#6482=AXIS2_PLACEMENT_3D('',#9229,#7457,#7458);
#6483=AXIS2_PLACEMENT_3D('',#9230,#7459,#7460);
#6484=AXIS2_PLACEMENT_3D('',#9231,#7461,#7462);
#6485=AXIS2_PLACEMENT_3D('',#9232,#7463,#7464);
#6486=AXIS2_PLACEMENT_3D('',#9233,#7465,#7466);
#6487=AXIS2_PLACEMENT_3D('',#9234,#7467,#7468);
#6488=AXIS2_PLACEMENT_3D('',#9235,#7469,#7470);
#6489=AXIS2_PLACEMENT_3D('',#9244,#7475,#7476);
#6490=AXIS2_PLACEMENT_3D('',#9245,#7477,#7478);
#6491=AXIS2_PLACEMENT_3D('',#9247,#7479,#7480);
#6492=AXIS2_PLACEMENT_3D('',#9254,#7484,#7485);
#6493=AXIS2_PLACEMENT_3D('',#9260,#7489,#7490);
#6494=AXIS2_PLACEMENT_3D('',#9261,#7491,#7492);
#6495=AXIS2_PLACEMENT_3D('',#9268,#7496,#7497);
#6496=AXIS2_PLACEMENT_3D('',#9277,#7502,#7503);
#6497=AXIS2_PLACEMENT_3D('',#9286,#7508,#7509);
#6498=AXIS2_PLACEMENT_3D('',#9295,#7514,#7515);
#6499=AXIS2_PLACEMENT_3D('',#9304,#7520,#7521);
#6500=AXIS2_PLACEMENT_3D('',#9305,#7522,#7523);
#6501=AXIS2_PLACEMENT_3D('',#9310,#7525,#7526);
#6502=AXIS2_PLACEMENT_3D('',#9313,#7528,#7529);
#6503=AXIS2_PLACEMENT_3D('',#9322,#7534,#7535);
#6504=AXIS2_PLACEMENT_3D('',#9331,#7540,#7541);
#6505=AXIS2_PLACEMENT_3D('',#9340,#7546,#7547);
#6506=AXIS2_PLACEMENT_3D('',#9349,#7552,#7553);
#6507=AXIS2_PLACEMENT_3D('',#9350,#7554,#7555);
#6508=AXIS2_PLACEMENT_3D('',#9357,#7559,#7560);
#6509=AXIS2_PLACEMENT_3D('',#9358,#7561,#7562);
#6510=AXIS2_PLACEMENT_3D('',#9359,#7563,#7564);
#6511=AXIS2_PLACEMENT_3D('',#9360,#7565,#7566);
#6512=AXIS2_PLACEMENT_3D('',#9361,#7567,#7568);
#6513=AXIS2_PLACEMENT_3D('',#9362,#7569,#7570);
#6514=AXIS2_PLACEMENT_3D('',#9363,#7571,#7572);
#6515=AXIS2_PLACEMENT_3D('',#9364,#7573,#7574);
#6516=AXIS2_PLACEMENT_3D('',#9365,#7575,#7576);
#6517=AXIS2_PLACEMENT_3D('',#9366,#7577,#7578);
#6518=AXIS2_PLACEMENT_3D('',#9367,#7579,#7580);
#6519=AXIS2_PLACEMENT_3D('',#9368,#7581,#7582);
#6520=AXIS2_PLACEMENT_3D('',#9369,#7583,#7584);
#6521=AXIS2_PLACEMENT_3D('',#9370,#7585,#7586);
#6522=AXIS2_PLACEMENT_3D('',#9371,#7587,#7588);
#6523=AXIS2_PLACEMENT_3D('',#9372,#7589,#7590);
#6524=AXIS2_PLACEMENT_3D('',#9373,#7591,#7592);
#6525=AXIS2_PLACEMENT_3D('',#9374,#7593,#7594);
#6526=AXIS2_PLACEMENT_3D('',#9375,#7595,#7596);
#6527=AXIS2_PLACEMENT_3D('',#9376,#7597,#7598);
#6528=AXIS2_PLACEMENT_3D('',#9377,#7599,#7600);
#6529=AXIS2_PLACEMENT_3D('',#9378,#7601,#7602);
#6530=AXIS2_PLACEMENT_3D('',#9379,#7603,#7604);
#6531=AXIS2_PLACEMENT_3D('',#9380,#7605,#7606);
#6532=AXIS2_PLACEMENT_3D('',#9381,#7607,#7608);
#6533=AXIS2_PLACEMENT_3D('',#9382,#7609,#7610);
#6534=AXIS2_PLACEMENT_3D('',#9383,#7611,#7612);
#6535=AXIS2_PLACEMENT_3D('',#9384,#7613,#7614);
#6536=AXIS2_PLACEMENT_3D('',#9385,#7615,#7616);
#6537=AXIS2_PLACEMENT_3D('',#9386,#7617,#7618);
#6538=AXIS2_PLACEMENT_3D('',#9387,#7619,#7620);
#6539=AXIS2_PLACEMENT_3D('',#9388,#7621,#7622);
#6540=AXIS2_PLACEMENT_3D('',#9389,#7623,#7624);
#6541=AXIS2_PLACEMENT_3D('',#9390,#7625,#7626);
#6542=AXIS2_PLACEMENT_3D('',#9391,#7627,#7628);
#6543=AXIS2_PLACEMENT_3D('',#9392,#7629,#7630);
#6544=AXIS2_PLACEMENT_3D('',#9393,#7631,#7632);
#6545=AXIS2_PLACEMENT_3D('',#9394,#7633,#7634);
#6546=AXIS2_PLACEMENT_3D('',#9395,#7635,#7636);
#6547=AXIS2_PLACEMENT_3D('',#9396,#7637,#7638);
#6548=AXIS2_PLACEMENT_3D('',#9397,#7639,#7640);
#6549=AXIS2_PLACEMENT_3D('',#9406,#7645,#7646);
#6550=AXIS2_PLACEMENT_3D('',#9412,#7650,#7651);
#6551=AXIS2_PLACEMENT_3D('',#9418,#7655,#7656);
#6552=AXIS2_PLACEMENT_3D('',#9419,#7657,#7658);
#6553=AXIS2_PLACEMENT_3D('',#9421,#7659,#7660);
#6554=AXIS2_PLACEMENT_3D('',#9423,#7661,#7662);
#6555=AXIS2_PLACEMENT_3D('',#9424,#7663,#7664);
#6556=AXIS2_PLACEMENT_3D('',#9426,#7665,#7666);
#6557=AXIS2_PLACEMENT_3D('',#9428,#7667,#7668);
#6558=AXIS2_PLACEMENT_3D('',#9431,#7671,#7672);
#6559=AXIS2_PLACEMENT_3D('',#9432,#7673,#7674);
#6560=AXIS2_PLACEMENT_3D('',#9434,#7675,#7676);
#6561=AXIS2_PLACEMENT_3D('',#9436,#7677,#7678);
#6562=AXIS2_PLACEMENT_3D('',#9437,#7679,#7680);
#6563=AXIS2_PLACEMENT_3D('',#9439,#7681,#7682);
#6564=AXIS2_PLACEMENT_3D('',#9441,#7683,#7684);
#6565=AXIS2_PLACEMENT_3D('',#9442,#7685,#7686);
#6566=AXIS2_PLACEMENT_3D('',#9443,#7687,#7688);
#6567=AXIS2_PLACEMENT_3D('',#9444,#7689,#7690);
#6568=AXIS2_PLACEMENT_3D('',#9445,#7691,#7692);
#6569=AXIS2_PLACEMENT_3D('',#9446,#7693,#7694);
#6570=AXIS2_PLACEMENT_3D('',#9448,#7695,#7696);
#6571=AXIS2_PLACEMENT_3D('',#9450,#7697,#7698);
#6572=AXIS2_PLACEMENT_3D('',#9459,#7703,#7704);
#6573=AXIS2_PLACEMENT_3D('',#9460,#7705,#7706);
#6574=AXIS2_PLACEMENT_3D('',#9464,#7708,#7709);
#6575=AXIS2_PLACEMENT_3D('',#9465,#7710,#7711);
#6576=AXIS2_PLACEMENT_3D('',#9466,#7712,#7713);
#6577=AXIS2_PLACEMENT_3D('',#9470,#7715,#7716);
#6578=AXIS2_PLACEMENT_3D('',#9471,#7717,#7718);
#6579=AXIS2_PLACEMENT_3D('',#9472,#7719,#7720);
#6580=AXIS2_PLACEMENT_3D('',#9476,#7722,#7723);
#6581=AXIS2_PLACEMENT_3D('',#9477,#7724,#7725);
#6582=AXIS2_PLACEMENT_3D('',#9483,#7729,#7730);
#6583=AXIS2_PLACEMENT_3D('',#9484,#7731,#7732);
#6584=AXIS2_PLACEMENT_3D('',#9488,#7734,#7735);
#6585=AXIS2_PLACEMENT_3D('',#9489,#7736,#7737);
#6586=AXIS2_PLACEMENT_3D('',#9490,#7738,#7739);
#6587=AXIS2_PLACEMENT_3D('',#9494,#7741,#7742);
#6588=AXIS2_PLACEMENT_3D('',#9495,#7743,#7744);
#6589=AXIS2_PLACEMENT_3D('',#9496,#7745,#7746);
#6590=AXIS2_PLACEMENT_3D('',#9498,#7747,#7748);
#6591=AXIS2_PLACEMENT_3D('',#9500,#7749,#7750);
#6592=AXIS2_PLACEMENT_3D('',#9501,#7751,#7752);
#6593=AXIS2_PLACEMENT_3D('',#9502,#7753,#7754);
#6594=AXIS2_PLACEMENT_3D('',#9503,#7755,#7756);
#6595=AXIS2_PLACEMENT_3D('',#9504,#7757,#7758);
#6596=AXIS2_PLACEMENT_3D('',#9517,#7765,#7766);
#6597=AXIS2_PLACEMENT_3D('',#9523,#7770,#7771);
#6598=AXIS2_PLACEMENT_3D('',#9527,#7774,#7775);
#6599=AXIS2_PLACEMENT_3D('',#9531,#7778,#7779);
#6600=AXIS2_PLACEMENT_3D('',#9535,#7782,#7783);
#6601=AXIS2_PLACEMENT_3D('',#9539,#7786,#7787);
#6602=AXIS2_PLACEMENT_3D('',#9541,#7789,#7790);
#6603=AXIS2_PLACEMENT_3D('',#9542,#7791,#7792);
#6604=AXIS2_PLACEMENT_3D('',#9543,#7793,#7794);
#6605=AXIS2_PLACEMENT_3D('',#9544,#7795,#7796);
#6606=AXIS2_PLACEMENT_3D('',#9553,#7801,#7802);
#6607=AXIS2_PLACEMENT_3D('',#9559,#7806,#7807);
#6608=AXIS2_PLACEMENT_3D('',#9565,#7811,#7812);
#6609=AXIS2_PLACEMENT_3D('',#9571,#7816,#7817);
#6610=AXIS2_PLACEMENT_3D('',#9577,#7821,#7822);
#6611=AXIS2_PLACEMENT_3D('',#9580,#7825,#7826);
#6612=AXIS2_PLACEMENT_3D('',#9581,#7827,#7828);
#6613=AXIS2_PLACEMENT_3D('',#9586,#7830,#7831);
#6614=AXIS2_PLACEMENT_3D('',#9589,#7833,#7834);
#6615=AXIS2_PLACEMENT_3D('',#9600,#7838,#7839);
#6616=AXIS2_PLACEMENT_3D('',#9601,#7840,#7841);
#6617=AXIS2_PLACEMENT_3D('',#9605,#7843,#7844);
#6618=AXIS2_PLACEMENT_3D('',#9606,#7845,#7846);
#6619=AXIS2_PLACEMENT_3D('',#9617,#7850,#7851);
#6620=AXIS2_PLACEMENT_3D('',#9618,#7852,#7853);
#6621=AXIS2_PLACEMENT_3D('',#9622,#7855,#7856);
#6622=AXIS2_PLACEMENT_3D('',#9623,#7857,#7858);
#6623=AXIS2_PLACEMENT_3D('',#9629,#7862,#7863);
#6624=AXIS2_PLACEMENT_3D('',#9630,#7864,#7865);
#6625=AXIS2_PLACEMENT_3D('',#9634,#7867,#7868);
#6626=AXIS2_PLACEMENT_3D('',#9635,#7869,#7870);
#6627=AXIS2_PLACEMENT_3D('',#9638,#7873,#7874);
#6628=AXIS2_PLACEMENT_3D('',#9639,#7875,#7876);
#6629=AXIS2_PLACEMENT_3D('',#9641,#7877,#7878);
#6630=AXIS2_PLACEMENT_3D('',#9643,#7879,#7880);
#6631=AXIS2_PLACEMENT_3D('',#9644,#7881,#7882);
#6632=AXIS2_PLACEMENT_3D('',#9645,#7883,#7884);
#6633=AXIS2_PLACEMENT_3D('',#9646,#7885,#7886);
#6634=AXIS2_PLACEMENT_3D('',#9647,#7887,#7888);
#6635=AXIS2_PLACEMENT_3D('',#9649,#7889,#7890);
#6636=AXIS2_PLACEMENT_3D('',#9651,#7891,#7892);
#6637=AXIS2_PLACEMENT_3D('',#9652,#7893,#7894);
#6638=AXIS2_PLACEMENT_3D('',#9654,#7895,#7896);
#6639=AXIS2_PLACEMENT_3D('',#9656,#7897,#7898);
#6640=AXIS2_PLACEMENT_3D('',#9657,#7899,#7900);
#6641=AXIS2_PLACEMENT_3D('',#9658,#7901,#7902);
#6642=AXIS2_PLACEMENT_3D('',#9659,#7903,#7904);
#6643=AXIS2_PLACEMENT_3D('',#9660,#7905,#7906);
#6644=AXIS2_PLACEMENT_3D('',#9661,#7907,#7908);
#6645=AXIS2_PLACEMENT_3D('',#9662,#7909,#7910);
#6646=AXIS2_PLACEMENT_3D('',#9663,#7911,#7912);
#6647=AXIS2_PLACEMENT_3D('',#9664,#7913,#7914);
#6648=AXIS2_PLACEMENT_3D('',#9665,#7915,#7916);
#6649=AXIS2_PLACEMENT_3D('',#9690,#7929,#7930);
#6650=AXIS2_PLACEMENT_3D('',#9691,#7931,#7932);
#6651=AXIS2_PLACEMENT_3D('',#9695,#7934,#7935);
#6652=AXIS2_PLACEMENT_3D('',#9696,#7936,#7937);
#6653=AXIS2_PLACEMENT_3D('',#9697,#7938,#7939);
#6654=AXIS2_PLACEMENT_3D('',#9699,#7940,#7941);
#6655=AXIS2_PLACEMENT_3D('',#9702,#7943,#7944);
#6656=AXIS2_PLACEMENT_3D('',#9703,#7945,#7946);
#6657=AXIS2_PLACEMENT_3D('',#9705,#7947,#7948);
#6658=AXIS2_PLACEMENT_3D('',#9707,#7949,#7950);
#6659=AXIS2_PLACEMENT_3D('',#9711,#7952,#7953);
#6660=AXIS2_PLACEMENT_3D('',#9715,#7955,#7956);
#6661=AXIS2_PLACEMENT_3D('',#9719,#7958,#7959);
#6662=AXIS2_PLACEMENT_3D('',#9722,#7961,#7962);
#6663=AXIS2_PLACEMENT_3D('',#9723,#7963,#7964);
#6664=AXIS2_PLACEMENT_3D('',#9725,#7965,#7966);
#6665=AXIS2_PLACEMENT_3D('',#9727,#7967,#7968);
#6666=AXIS2_PLACEMENT_3D('',#9731,#7970,#7971);
#6667=AXIS2_PLACEMENT_3D('',#9735,#7973,#7974);
#6668=AXIS2_PLACEMENT_3D('',#9739,#7976,#7977);
#6669=AXIS2_PLACEMENT_3D('',#9742,#7979,#7980);
#6670=AXIS2_PLACEMENT_3D('',#9743,#7981,#7982);
#6671=AXIS2_PLACEMENT_3D('',#9745,#7983,#7984);
#6672=AXIS2_PLACEMENT_3D('',#9746,#7985,#7986);
#6673=AXIS2_PLACEMENT_3D('',#9748,#7987,#7988);
#6674=AXIS2_PLACEMENT_3D('',#9751,#7991,#7992);
#6675=AXIS2_PLACEMENT_3D('',#9753,#7994,#7995);
#6676=AXIS2_PLACEMENT_3D('',#9755,#7997,#7998);
#6677=AXIS2_PLACEMENT_3D('',#9757,#8000,#8001);
#6678=AXIS2_PLACEMENT_3D('',#9758,#8002,#8003);
#6679=AXIS2_PLACEMENT_3D('',#9760,#8005,#8006);
#6680=AXIS2_PLACEMENT_3D('',#9761,#8007,#8008);
#6681=AXIS2_PLACEMENT_3D('',#9762,#8009,#8010);
#6682=AXIS2_PLACEMENT_3D('',#9763,#8011,#8012);
#6683=AXIS2_PLACEMENT_3D('',#9765,#8013,#8014);
#6684=AXIS2_PLACEMENT_3D('',#9766,#8015,#8016);
#6685=AXIS2_PLACEMENT_3D('',#9767,#8017,#8018);
#6686=AXIS2_PLACEMENT_3D('',#9769,#8019,#8020);
#6687=AXIS2_PLACEMENT_3D('',#9770,#8021,#8022);
#6688=AXIS2_PLACEMENT_3D('',#9776,#8026,#8027);
#6689=AXIS2_PLACEMENT_3D('',#9780,#8030,#8031);
#6690=AXIS2_PLACEMENT_3D('',#9784,#8034,#8035);
#6691=AXIS2_PLACEMENT_3D('',#9786,#8037,#8038);
#6692=AXIS2_PLACEMENT_3D('',#9787,#8039,#8040);
#6693=AXIS2_PLACEMENT_3D('',#9793,#8044,#8045);
#6694=AXIS2_PLACEMENT_3D('',#9797,#8048,#8049);
#6695=AXIS2_PLACEMENT_3D('',#9801,#8052,#8053);
#6696=AXIS2_PLACEMENT_3D('',#9803,#8055,#8056);
#6697=AXIS2_PLACEMENT_3D('',#9804,#8057,#8058);
#6698=AXIS2_PLACEMENT_3D('',#9805,#8059,#8060);
#6699=AXIS2_PLACEMENT_3D('',#9806,#8061,#8062);
#6700=AXIS2_PLACEMENT_3D('',#9808,#8063,#8064);
#6701=AXIS2_PLACEMENT_3D('',#9810,#8065,#8066);
#6702=AXIS2_PLACEMENT_3D('',#9811,#8067,#8068);
#6703=AXIS2_PLACEMENT_3D('',#9813,#8069,#8070);
#6704=AXIS2_PLACEMENT_3D('',#9815,#8071,#8072);
#6705=AXIS2_PLACEMENT_3D('',#9816,#8073,#8074);
#6706=AXIS2_PLACEMENT_3D('',#9818,#8075,#8076);
#6707=AXIS2_PLACEMENT_3D('',#9820,#8077,#8078);
#6708=AXIS2_PLACEMENT_3D('',#9821,#8079,#8080);
#6709=AXIS2_PLACEMENT_3D('',#9823,#8081,#8082);
#6710=AXIS2_PLACEMENT_3D('',#9824,#8083,#8084);
#6711=AXIS2_PLACEMENT_3D('',#9829,#8086,#8087);
#6712=AXIS2_PLACEMENT_3D('',#9832,#8089,#8090);
#6713=AXIS2_PLACEMENT_3D('',#9838,#8094,#8095);
#6714=AXIS2_PLACEMENT_3D('',#9844,#8099,#8100);
#6715=AXIS2_PLACEMENT_3D('',#9850,#8104,#8105);
#6716=AXIS2_PLACEMENT_3D('',#9875,#8110,#8111);
#6717=AXIS2_PLACEMENT_3D('',#9876,#8112,#8113);
#6718=AXIS2_PLACEMENT_3D('',#9878,#8114,#8115);
#6719=AXIS2_PLACEMENT_3D('',#9879,#8116,#8117);
#6720=AXIS2_PLACEMENT_3D('',#9883,#8119,#8120);
#6721=AXIS2_PLACEMENT_3D('',#9884,#8121,#8122);
#6722=AXIS2_PLACEMENT_3D('',#9888,#8124,#8125);
#6723=AXIS2_PLACEMENT_3D('',#9889,#8126,#8127);
#6724=AXIS2_PLACEMENT_3D('',#9890,#8128,#8129);
#6725=AXIS2_PLACEMENT_3D('',#9892,#8131,#8132);
#6726=AXIS2_PLACEMENT_3D('',#9894,#8134,#8135);
#6727=AXIS2_PLACEMENT_3D('',#9911,#8144,#8145);
#6728=AXIS2_PLACEMENT_3D('',#9920,#8150,#8151);
#6729=AXIS2_PLACEMENT_3D('',#9923,#8154,#8155);
#6730=AXIS2_PLACEMENT_3D('',#9925,#8157,#8158);
#6731=AXIS2_PLACEMENT_3D('',#9927,#8160,#8161);
#6732=AXIS2_PLACEMENT_3D('',#9928,#8162,#8163);
#6733=AXIS2_PLACEMENT_3D('',#9934,#8167,#8168);
#6734=AXIS2_PLACEMENT_3D('',#9938,#8171,#8172);
#6735=AXIS2_PLACEMENT_3D('',#9942,#8175,#8176);
#6736=AXIS2_PLACEMENT_3D('',#9944,#8178,#8179);
#6737=AXIS2_PLACEMENT_3D('',#9945,#8180,#8181);
#6738=AXIS2_PLACEMENT_3D('',#9946,#8182,#8183);
#6739=AXIS2_PLACEMENT_3D('',#9947,#8184,#8185);
#6740=AXIS2_PLACEMENT_3D('',#9948,#8186,#8187);
#6741=AXIS2_PLACEMENT_3D('',#9949,#8188,#8189);
#6742=AXIS2_PLACEMENT_3D('',#9950,#8190,#8191);
#6743=AXIS2_PLACEMENT_3D('',#9952,#8192,#8193);
#6744=AXIS2_PLACEMENT_3D('',#9954,#8194,#8195);
#6745=AXIS2_PLACEMENT_3D('',#9955,#8196,#8197);
#6746=AXIS2_PLACEMENT_3D('',#9957,#8198,#8199);
#6747=AXIS2_PLACEMENT_3D('',#9959,#8200,#8201);
#6748=AXIS2_PLACEMENT_3D('',#9960,#8202,#8203);
#6749=AXIS2_PLACEMENT_3D('',#9962,#8204,#8205);
#6750=AXIS2_PLACEMENT_3D('',#9964,#8206,#8207);
#6751=AXIS2_PLACEMENT_3D('',#9965,#8208,#8209);
#6752=AXIS2_PLACEMENT_3D('',#9967,#8210,#8211);
#6753=AXIS2_PLACEMENT_3D('',#9969,#8212,#8213);
#6754=AXIS2_PLACEMENT_3D('',#9970,#8214,#8215);
#6755=AXIS2_PLACEMENT_3D('',#9972,#8216,#8217);
#6756=AXIS2_PLACEMENT_3D('',#9974,#8218,#8219);
#6757=AXIS2_PLACEMENT_3D('',#9975,#8220,#8221);
#6758=AXIS2_PLACEMENT_3D('',#9977,#8222,#8223);
#6759=AXIS2_PLACEMENT_3D('',#9979,#8224,#8225);
#6760=AXIS2_PLACEMENT_3D('',#10024,#8248,#8249);
#6761=AXIS2_PLACEMENT_3D('',#10038,#8257,#8258);
#6762=AXIS2_PLACEMENT_3D('',#10042,#8261,#8262);
#6763=AXIS2_PLACEMENT_3D('',#10054,#8269,#8270);
#6764=AXIS2_PLACEMENT_3D('',#10057,#8273,#8274);
#6765=AXIS2_PLACEMENT_3D('',#10058,#8275,#8276);
#6766=AXIS2_PLACEMENT_3D('',#10062,#8279,#8280);
#6767=AXIS2_PLACEMENT_3D('',#10063,#8281,#8282);
#6768=AXIS2_PLACEMENT_3D('',#10065,#8283,#8284);
#6769=AXIS2_PLACEMENT_3D('',#10066,#8285,#8286);
#6770=AXIS2_PLACEMENT_3D('',#10068,#8288,#8289);
#6771=AXIS2_PLACEMENT_3D('',#10105,#8308,#8309);
#6772=AXIS2_PLACEMENT_3D('',#10106,#8310,#8311);
#6773=AXIS2_PLACEMENT_3D('',#10112,#8315,#8316);
#6774=AXIS2_PLACEMENT_3D('',#10116,#8319,#8320);
#6775=AXIS2_PLACEMENT_3D('',#10120,#8323,#8324);
#6776=AXIS2_PLACEMENT_3D('',#10124,#8327,#8328);
#6777=AXIS2_PLACEMENT_3D('',#10128,#8331,#8332);
#6778=AXIS2_PLACEMENT_3D('',#10130,#8334,#8335);
#6779=AXIS2_PLACEMENT_3D('',#10131,#8336,#8337);
#6780=AXIS2_PLACEMENT_3D('',#10137,#8341,#8342);
#6781=AXIS2_PLACEMENT_3D('',#10141,#8345,#8346);
#6782=AXIS2_PLACEMENT_3D('',#10145,#8349,#8350);
#6783=AXIS2_PLACEMENT_3D('',#10149,#8353,#8354);
#6784=AXIS2_PLACEMENT_3D('',#10153,#8357,#8358);
#6785=AXIS2_PLACEMENT_3D('',#10155,#8360,#8361);
#6786=AXIS2_PLACEMENT_3D('',#10156,#8362,#8363);
#6787=AXIS2_PLACEMENT_3D('',#10162,#8367,#8368);
#6788=AXIS2_PLACEMENT_3D('',#10166,#8371,#8372);
#6789=AXIS2_PLACEMENT_3D('',#10170,#8375,#8376);
#6790=AXIS2_PLACEMENT_3D('',#10174,#8379,#8380);
#6791=AXIS2_PLACEMENT_3D('',#10178,#8383,#8384);
#6792=AXIS2_PLACEMENT_3D('',#10180,#8386,#8387);
#6793=AXIS2_PLACEMENT_3D('',#10181,#8388,#8389);
#6794=AXIS2_PLACEMENT_3D('',#10187,#8393,#8394);
#6795=AXIS2_PLACEMENT_3D('',#10191,#8397,#8398);
#6796=AXIS2_PLACEMENT_3D('',#10195,#8401,#8402);
#6797=AXIS2_PLACEMENT_3D('',#10199,#8405,#8406);
#6798=AXIS2_PLACEMENT_3D('',#10203,#8409,#8410);
#6799=AXIS2_PLACEMENT_3D('',#10205,#8412,#8413);
#6800=AXIS2_PLACEMENT_3D('',#10206,#8414,#8415);
#6801=AXIS2_PLACEMENT_3D('',#10212,#8419,#8420);
#6802=AXIS2_PLACEMENT_3D('',#10216,#8423,#8424);
#6803=AXIS2_PLACEMENT_3D('',#10220,#8427,#8428);
#6804=AXIS2_PLACEMENT_3D('',#10224,#8431,#8432);
#6805=AXIS2_PLACEMENT_3D('',#10228,#8435,#8436);
#6806=AXIS2_PLACEMENT_3D('',#10230,#8438,#8439);
#6807=AXIS2_PLACEMENT_3D('',#10231,#8440,#8441);
#6808=AXIS2_PLACEMENT_3D('',#10237,#8445,#8446);
#6809=AXIS2_PLACEMENT_3D('',#10241,#8449,#8450);
#6810=AXIS2_PLACEMENT_3D('',#10245,#8453,#8454);
#6811=AXIS2_PLACEMENT_3D('',#10249,#8457,#8458);
#6812=AXIS2_PLACEMENT_3D('',#10253,#8461,#8462);
#6813=AXIS2_PLACEMENT_3D('',#10255,#8464,#8465);
#6814=AXIS2_PLACEMENT_3D('',#10256,#8466,#8467);
#6815=AXIS2_PLACEMENT_3D('',#10257,#8468,#8469);
#6816=AXIS2_PLACEMENT_3D('',#10258,#8470,#8471);
#6817=AXIS2_PLACEMENT_3D('',#10259,#8472,#8473);
#6818=AXIS2_PLACEMENT_3D('',#10260,#8474,#8475);
#6819=AXIS2_PLACEMENT_3D('',#10261,#8476,#8477);
#6820=AXIS2_PLACEMENT_3D('',#10262,#8478,#8479);
#6821=AXIS2_PLACEMENT_3D('',#10263,#8480,#8481);
#6822=AXIS2_PLACEMENT_3D('',#10264,#8482,#8483);
#6823=AXIS2_PLACEMENT_3D('',#10268,#8485,#8486);
#6824=AXIS2_PLACEMENT_3D('',#10279,#8488,#8489);
#6825=AXIS2_PLACEMENT_3D('',#10283,#8491,#8492);
#6826=AXIS2_PLACEMENT_3D('',#10294,#8494,#8495);
#6827=AXIS2_PLACEMENT_3D('',#10297,#8498,#8499);
#6828=AXIS2_PLACEMENT_3D('',#10299,#8501,#8502);
#6829=AXIS2_PLACEMENT_3D('',#10301,#8504,#8505);
#6830=AXIS2_PLACEMENT_3D('',#10302,#8506,#8507);
#6831=AXIS2_PLACEMENT_3D('',#10304,#8508,#8509);
#6832=AXIS2_PLACEMENT_3D('',#10305,#8510,#8511);
#6833=AXIS2_PLACEMENT_3D('',#10307,#8512,#8513);
#6834=AXIS2_PLACEMENT_3D('',#10308,#8514,#8515);
#6835=AXIS2_PLACEMENT_3D('',#10310,#8516,#8517);
#6836=AXIS2_PLACEMENT_3D('',#10311,#8518,#8519);
#6837=AXIS2_PLACEMENT_3D('',#10313,#8520,#8521);
#6838=AXIS2_PLACEMENT_3D('',#10314,#8522,#8523);
#6839=AXIS2_PLACEMENT_3D('',#10316,#8524,#8525);
#6840=AXIS2_PLACEMENT_3D('',#10318,#8526,#8527);
#6841=AXIS2_PLACEMENT_3D('',#10320,#8528,#8529);
#6842=AXIS2_PLACEMENT_3D('',#10322,#8530,#8531);
#6843=AXIS2_PLACEMENT_3D('',#10323,#8532,#8533);
#6844=AXIS2_PLACEMENT_3D('',#10325,#8534,#8535);
#6845=AXIS2_PLACEMENT_3D('',#10327,#8536,#8537);
#6846=AXIS2_PLACEMENT_3D('',#10328,#8538,#8539);
#6847=AXIS2_PLACEMENT_3D('',#10330,#8540,#8541);
#6848=AXIS2_PLACEMENT_3D('',#10332,#8542,#8543);
#6849=AXIS2_PLACEMENT_3D('',#10333,#8544,#8545);
#6850=AXIS2_PLACEMENT_3D('',#10335,#8546,#8547);
#6851=AXIS2_PLACEMENT_3D('',#10337,#8548,#8549);
#6852=AXIS2_PLACEMENT_3D('',#10338,#8550,#8551);
#6853=AXIS2_PLACEMENT_3D('',#10340,#8552,#8553);
#6854=AXIS2_PLACEMENT_3D('',#10342,#8554,#8555);
#6855=AXIS2_PLACEMENT_3D('',#10344,#8556,#8557);
#6856=AXIS2_PLACEMENT_3D('',#10346,#8558,#8559);
#6857=AXIS2_PLACEMENT_3D('',#10347,#8560,#8561);
#6858=AXIS2_PLACEMENT_3D('',#10349,#8562,#8563);
#6859=AXIS2_PLACEMENT_3D('',#10350,#8564,#8565);
#6860=AXIS2_PLACEMENT_3D('',#10351,#8566,#8567);
#6861=AXIS2_PLACEMENT_3D('',#10353,#8568,#8569);
#6862=AXIS2_PLACEMENT_3D('',#10354,#8570,#8571);
#6863=AXIS2_PLACEMENT_3D('',#10356,#8572,#8573);
#6864=AXIS2_PLACEMENT_3D('',#10357,#8574,#8575);
#6865=AXIS2_PLACEMENT_3D('',#10359,#8576,#8577);
#6866=AXIS2_PLACEMENT_3D('',#10360,#8578,#8579);
#6867=AXIS2_PLACEMENT_3D('',#10362,#8580,#8581);
#6868=AXIS2_PLACEMENT_3D('',#10363,#8582,#8583);
#6869=AXIS2_PLACEMENT_3D('',#10365,#8584,#8585);
#6870=AXIS2_PLACEMENT_3D('',#10366,#8586,#8587);
#6871=AXIS2_PLACEMENT_3D('',#10367,#8588,#8589);
#6872=AXIS2_PLACEMENT_3D('',#10369,#8590,#8591);
#6873=AXIS2_PLACEMENT_3D('',#10370,#8592,#8593);
#6874=AXIS2_PLACEMENT_3D('',#10371,#8594,#8595);
#6875=AXIS2_PLACEMENT_3D('',#10374,#8596,#8597);
#6876=AXIS2_PLACEMENT_3D('',#10375,#8598,#8599);
#6877=AXIS2_PLACEMENT_3D('',#10376,#8600,#8601);
#6878=AXIS2_PLACEMENT_3D('',#10379,#8602,#8603);
#6879=AXIS2_PLACEMENT_3D('',#10380,#8604,#8605);
#6880=AXIS2_PLACEMENT_3D('',#10381,#8606,#8607);
#6881=AXIS2_PLACEMENT_3D('',#10382,#8608,#8609);
#6882=AXIS2_PLACEMENT_3D('',#10383,#8610,#8611);
#6883=AXIS2_PLACEMENT_3D('',#10384,#8612,#8613);
#6884=AXIS2_PLACEMENT_3D('',#10385,#8614,#8615);
#6885=AXIS2_PLACEMENT_3D('',#10386,#8616,#8617);
#6886=AXIS2_PLACEMENT_3D('',#10387,#8618,#8619);
#6887=DIRECTION('',(0.,0.,1.));
#6888=DIRECTION('',(1.,0.,0.));
#6889=DIRECTION('',(0.,1.,0.));
#6890=DIRECTION('',(0.,0.,1.));
#6891=DIRECTION('',(0.,0.,-1.));
#6892=DIRECTION('',(0.,0.,-1.));
#6893=DIRECTION('',(-0.866025403784439,0.5,0.));
#6894=DIRECTION('',(-0.5,-0.866025403784439,0.));
#6895=DIRECTION('',(0.,0.,-1.));
#6896=DIRECTION('',(-0.866025403784438,-0.5,0.));
#6897=DIRECTION('',(0.5,-0.866025403784438,0.));
#6898=DIRECTION('',(0.,0.,-1.));
#6899=DIRECTION('',(0.,-1.,0.));
#6900=DIRECTION('',(0.,0.,-1.));
#6901=DIRECTION('',(0.,0.,-1.));
#6902=DIRECTION('',(0.866025403784439,-0.5,0.));
#6903=DIRECTION('',(0.5,0.866025403784439,0.));
#6904=DIRECTION('',(0.,0.,-1.));
#6905=DIRECTION('',(0.866025403784438,0.5,0.));
#6906=DIRECTION('',(-0.5,0.866025403784438,0.));
#6907=DIRECTION('',(0.,0.,1.));
#6908=DIRECTION('',(1.,0.,0.));
#6909=DIRECTION('',(0.,0.,1.));
#6910=DIRECTION('',(1.,0.,0.));
#6911=DIRECTION('',(0.,0.,1.));
#6912=DIRECTION('',(1.,0.,0.));
#6913=DIRECTION('',(0.,0.,1.));
#6914=DIRECTION('',(1.,0.,0.));
#6915=DIRECTION('',(0.,0.,1.));
#6916=DIRECTION('',(1.,0.,0.));
#6917=DIRECTION('',(0.,0.,1.));
#6918=DIRECTION('',(1.,0.,0.));
#6919=DIRECTION('',(0.,0.,1.));
#6920=DIRECTION('',(1.,0.,0.));
#6921=DIRECTION('',(0.,0.,1.));
#6922=DIRECTION('',(1.,0.,0.));
#6923=DIRECTION('',(0.,0.,-1.));
#6924=DIRECTION('',(-1.,0.,0.));
#6925=DIRECTION('',(0.,0.,1.));
#6926=DIRECTION('',(1.,0.,0.));
#6927=DIRECTION('',(0.,0.,1.));
#6928=DIRECTION('',(1.,0.,0.));
#6929=DIRECTION('',(0.,0.,1.));
#6930=DIRECTION('',(1.,0.,0.));
#6931=DIRECTION('',(0.,0.,1.));
#6932=DIRECTION('',(1.,0.,0.));
#6933=DIRECTION('',(0.,0.,1.));
#6934=DIRECTION('',(1.,0.,0.));
#6935=DIRECTION('',(0.,0.,1.));
#6936=DIRECTION('',(1.,0.,0.));
#6937=DIRECTION('',(0.,0.,1.));
#6938=DIRECTION('',(1.,0.,0.));
#6939=DIRECTION('',(0.,0.,1.));
#6940=DIRECTION('',(1.,0.,0.));
#6941=DIRECTION('',(0.,0.,1.));
#6942=DIRECTION('',(1.,0.,0.));
#6943=DIRECTION('',(0.,0.,1.));
#6944=DIRECTION('',(1.,0.,0.));
#6945=DIRECTION('',(0.,0.,-1.));
#6946=DIRECTION('',(-1.,0.,0.));
#6947=DIRECTION('',(0.,0.,1.));
#6948=DIRECTION('',(1.,0.,0.));
#6949=DIRECTION('',(0.,0.,-1.));
#6950=DIRECTION('',(-1.,0.,0.));
#6951=DIRECTION('',(0.,0.,-1.));
#6952=DIRECTION('',(-1.,0.,0.));
#6953=DIRECTION('',(0.,0.,-1.));
#6954=DIRECTION('',(-1.,0.,0.));
#6955=DIRECTION('',(0.,0.,-1.));
#6956=DIRECTION('',(-1.,0.,0.));
#6957=DIRECTION('',(0.,0.,-1.));
#6958=DIRECTION('',(-1.,0.,0.));
#6959=DIRECTION('',(0.,0.,-1.));
#6960=DIRECTION('',(-1.,0.,0.));
#6961=DIRECTION('',(0.,0.,1.));
#6962=DIRECTION('',(1.,0.,0.));
#6963=DIRECTION('',(0.,0.,1.));
#6964=DIRECTION('',(1.,0.,0.));
#6965=DIRECTION('',(0.,0.,1.));
#6966=DIRECTION('',(1.,0.,0.));
#6967=DIRECTION('',(0.,0.,1.));
#6968=DIRECTION('',(1.,0.,0.));
#6969=DIRECTION('',(0.,0.,1.));
#6970=DIRECTION('',(1.,0.,0.));
#6971=DIRECTION('',(0.,0.,1.));
#6972=DIRECTION('',(1.,0.,0.));
#6973=DIRECTION('',(0.,0.,1.));
#6974=DIRECTION('',(1.,0.,0.));
#6975=DIRECTION('',(0.,0.,1.));
#6976=DIRECTION('',(1.,0.,0.));
#6977=DIRECTION('',(0.,0.,1.));
#6978=DIRECTION('',(1.,0.,0.));
#6979=DIRECTION('',(-6.17145071317222E-17,0.,1.));
#6980=DIRECTION('',(1.,0.,6.17145071317222E-17));
#6981=DIRECTION('',(0.,-1.,0.));
#6982=DIRECTION('',(0.866025403784438,-0.5,0.));
#6983=DIRECTION('',(0.,0.,1.));
#6984=DIRECTION('',(1.,0.,0.));
#6985=DIRECTION('',(-6.17145071317222E-17,0.,1.));
#6986=DIRECTION('',(1.,0.,6.17145071317222E-17));
#6987=DIRECTION('',(0.866025403784438,-0.5,0.));
#6988=DIRECTION('',(0.866025403784437,0.5,0.));
#6989=DIRECTION('',(0.,0.,1.));
#6990=DIRECTION('',(1.,0.,0.));
#6991=DIRECTION('',(-6.17145071317222E-17,0.,1.));
#6992=DIRECTION('',(1.,0.,6.17145071317222E-17));
#6993=DIRECTION('',(0.866025403784437,0.5,0.));
#6994=DIRECTION('',(0.,1.,0.));
#6995=DIRECTION('',(0.,0.,1.));
#6996=DIRECTION('',(1.,0.,0.));
#6997=DIRECTION('',(-6.17145071317222E-17,0.,1.));
#6998=DIRECTION('',(1.,0.,6.17145071317222E-17));
#6999=DIRECTION('',(0.,1.,0.));
#7000=DIRECTION('',(-0.866025403784438,0.5,0.));
#7001=DIRECTION('',(0.,0.,1.));
#7002=DIRECTION('',(1.,0.,0.));
#7003=DIRECTION('',(-6.17145071317222E-17,0.,1.));
#7004=DIRECTION('',(1.,0.,6.17145071317222E-17));
#7005=DIRECTION('',(-0.866025403784438,0.5,0.));
#7006=DIRECTION('',(-0.866025403784437,-0.5,0.));
#7007=DIRECTION('',(0.,0.,1.));
#7008=DIRECTION('',(1.,0.,0.));
#7009=DIRECTION('',(0.,0.,-1.));
#7010=DIRECTION('',(-1.,0.,0.));
#7011=DIRECTION('',(0.866025403784437,0.5,0.));
#7012=DIRECTION('',(0.866025403784438,-0.5,0.));
#7013=DIRECTION('',(0.,-1.,0.));
#7014=DIRECTION('',(-0.866025403784437,-0.5,0.));
#7015=DIRECTION('',(-0.866025403784438,0.5,0.));
#7016=DIRECTION('',(0.,1.,0.));
#7017=DIRECTION('',(0.,0.,-1.));
#7018=DIRECTION('',(-1.,0.,0.));
#7019=DIRECTION('',(0.,0.,-1.));
#7020=DIRECTION('',(-1.,0.,0.));
#7021=DIRECTION('',(0.,0.,-1.));
#7022=DIRECTION('',(-1.,0.,0.));
#7023=DIRECTION('',(0.,0.,-1.));
#7024=DIRECTION('',(-1.,0.,0.));
#7025=DIRECTION('',(0.,0.,-1.));
#7026=DIRECTION('',(-1.,0.,0.));
#7027=DIRECTION('',(0.,0.,-1.));
#7028=DIRECTION('',(-1.,0.,0.));
#7029=DIRECTION('',(0.,0.,-1.));
#7030=DIRECTION('',(-1.,0.,0.));
#7031=DIRECTION('',(0.,0.,-1.));
#7032=DIRECTION('',(-1.,0.,0.));
#7033=DIRECTION('',(0.,0.,-1.));
#7034=DIRECTION('',(-1.,0.,0.));
#7035=DIRECTION('',(0.,0.,-1.));
#7036=DIRECTION('',(-1.,0.,0.));
#7037=DIRECTION('',(0.,0.,-1.));
#7038=DIRECTION('',(-1.,0.,0.));
#7039=DIRECTION('',(0.,0.,-1.));
#7040=DIRECTION('',(-1.,0.,0.));
#7041=DIRECTION('',(-0.5,-0.866025403784438,0.));
#7042=DIRECTION('',(0.866025403784438,-0.5,0.));
#7043=DIRECTION('',(0.,0.,1.));
#7044=DIRECTION('',(0.,0.,1.));
#7045=DIRECTION('',(0.5,-0.866025403784437,0.));
#7046=DIRECTION('',(0.866025403784437,0.5,0.));
#7047=DIRECTION('',(0.,0.,1.));
#7048=DIRECTION('',(1.,0.,0.));
#7049=DIRECTION('',(0.,0.,-1.));
#7050=DIRECTION('',(0.,0.,1.));
#7051=DIRECTION('',(0.5,0.866025403784438,0.));
#7052=DIRECTION('',(-0.866025403784438,0.5,0.));
#7053=DIRECTION('',(0.,0.,1.));
#7054=DIRECTION('',(-0.5,0.866025403784437,0.));
#7055=DIRECTION('',(-0.866025403784437,-0.5,0.));
#7056=DIRECTION('',(0.,0.,1.));
#7057=DIRECTION('',(-0.866025403784437,-0.5,0.));
#7058=DIRECTION('',(-1.,0.,0.));
#7059=DIRECTION('',(0.,0.,1.));
#7060=DIRECTION('',(0.,-1.,0.));
#7061=DIRECTION('',(0.,0.,1.));
#7062=DIRECTION('',(1.,0.,0.));
#7063=DIRECTION('',(-6.17145071317222E-17,0.,1.));
#7064=DIRECTION('',(1.,0.,6.17145071317222E-17));
#7065=DIRECTION('',(-6.17145071317222E-17,0.,1.));
#7066=DIRECTION('',(1.,0.,6.17145071317222E-17));
#7067=DIRECTION('',(0.,0.,1.));
#7068=DIRECTION('',(1.,0.,0.));
#7069=DIRECTION('',(6.24500451351651E-17,8.80914265144457E-20,-1.));
#7070=DIRECTION('',(1.,-1.31290106868495E-20,6.24500451351651E-17));
#7071=DIRECTION('',(0.,0.,1.));
#7072=DIRECTION('',(1.,0.,0.));
#7073=DIRECTION('',(1.,0.,0.));
#7074=DIRECTION('',(0.,0.,-1.));
#7075=DIRECTION('',(0.,0.,-1.));
#7076=DIRECTION('',(0.,1.,0.));
#7077=DIRECTION('',(0.,0.,-1.));
#7078=DIRECTION('',(0.,1.,0.));
#7079=DIRECTION('',(-2.7022469054997E-16,0.,1.));
#7080=DIRECTION('',(1.,0.,2.7022469054997E-16));
#7081=DIRECTION('',(-2.7022469054997E-16,0.,1.));
#7082=DIRECTION('',(1.,0.,2.7022469054997E-16));
#7083=DIRECTION('',(-2.7022469054997E-16,0.,1.));
#7084=DIRECTION('',(1.,0.,2.7022469054997E-16));
#7085=DIRECTION('',(1.,0.,2.7022469054997E-16));
#7086=DIRECTION('',(0.,1.,0.));
#7087=DIRECTION('',(1.,0.,2.7022469054997E-16));
#7088=DIRECTION('',(1.,0.,0.));
#7089=DIRECTION('',(0.,0.,-1.));
#7090=DIRECTION('',(0.,0.,-1.));
#7091=DIRECTION('',(0.,1.,0.));
#7092=DIRECTION('',(0.,0.,-1.));
#7093=DIRECTION('',(0.,0.,1.));
#7094=DIRECTION('',(1.,0.,0.));
#7095=DIRECTION('',(0.,0.,1.));
#7096=DIRECTION('',(1.,0.,0.));
#7097=DIRECTION('',(1.,0.,0.));
#7098=DIRECTION('',(0.,1.,0.));
#7099=DIRECTION('',(1.,0.,0.));
#7100=DIRECTION('',(1.,0.,-1.64155504152144E-16));
#7101=DIRECTION('',(-1.64155504152144E-16,0.,-1.));
#7102=DIRECTION('',(-1.64155504152144E-16,0.,-1.));
#7103=DIRECTION('',(0.,1.,0.));
#7104=DIRECTION('',(-1.64155504152144E-16,0.,-1.));
#7105=DIRECTION('',(0.,1.,0.));
#7106=DIRECTION('',(0.,0.,-1.));
#7107=DIRECTION('',(-1.,0.,0.));
#7108=DIRECTION('',(-1.,0.,0.));
#7109=DIRECTION('',(0.,1.,0.));
#7110=DIRECTION('',(-1.,0.,0.));
#7111=DIRECTION('',(0.,1.,0.));
#7112=DIRECTION('',(1.,0.,0.));
#7113=DIRECTION('',(0.,0.,-1.));
#7114=DIRECTION('',(0.,0.,-1.));
#7115=DIRECTION('',(0.,1.,0.));
#7116=DIRECTION('',(0.,0.,-1.));
#7117=DIRECTION('',(0.,1.,0.));
#7118=DIRECTION('',(0.,0.,1.));
#7119=DIRECTION('',(1.,0.,0.));
#7120=DIRECTION('',(1.,0.,0.));
#7121=DIRECTION('',(0.,1.,0.));
#7122=DIRECTION('',(1.,0.,0.));
#7123=DIRECTION('',(0.,1.,0.));
#7124=DIRECTION('',(0.,1.,0.));
#7125=DIRECTION('',(0.,0.,1.));
#7126=DIRECTION('',(0.,-1.,0.));
#7127=DIRECTION('',(0.,0.,-1.));
#7128=DIRECTION('',(0.,1.,0.));
#7129=DIRECTION('',(0.,-1.,0.));
#7130=DIRECTION('',(0.,0.,-1.));
#7131=DIRECTION('',(0.,1.,0.));
#7132=DIRECTION('',(0.,0.,-1.));
#7133=DIRECTION('',(-1.,0.,0.));
#7134=DIRECTION('',(-1.,0.,0.));
#7135=DIRECTION('',(0.,-1.,0.));
#7136=DIRECTION('',(-1.,0.,0.));
#7137=DIRECTION('',(0.,1.,0.));
#7138=DIRECTION('',(1.,0.,0.));
#7139=DIRECTION('',(0.,0.,-1.));
#7140=DIRECTION('',(0.,0.,-1.));
#7141=DIRECTION('',(0.,1.,0.));
#7142=DIRECTION('',(0.,0.,-1.));
#7143=DIRECTION('',(0.,1.,0.));
#7144=DIRECTION('',(0.,0.,1.));
#7145=DIRECTION('',(1.,0.,0.));
#7146=DIRECTION('',(1.,0.,0.));
#7147=DIRECTION('',(0.,1.,0.));
#7148=DIRECTION('',(1.,0.,0.));
#7149=DIRECTION('',(0.,1.,0.));
#7150=DIRECTION('',(1.,0.,-1.64155504152144E-16));
#7151=DIRECTION('',(-1.64155504152144E-16,0.,-1.));
#7152=DIRECTION('',(-1.64155504152144E-16,0.,-1.));
#7153=DIRECTION('',(0.,1.,0.));
#7154=DIRECTION('',(-1.64155504152144E-16,0.,-1.));
#7155=DIRECTION('',(0.,1.,0.));
#7156=DIRECTION('',(0.,0.,-1.));
#7157=DIRECTION('',(-1.,0.,0.));
#7158=DIRECTION('',(0.,0.,1.));
#7159=DIRECTION('',(1.,0.,0.));
#7160=DIRECTION('',(-1.,0.,0.));
#7161=DIRECTION('',(0.,1.,0.));
#7162=DIRECTION('',(-1.,0.,0.));
#7163=DIRECTION('',(0.,-1.,0.));
#7164=DIRECTION('',(1.,0.,0.));
#7165=DIRECTION('',(0.,-1.,0.));
#7166=DIRECTION('',(0.,0.,-1.));
#7167=DIRECTION('',(0.,-1.,0.));
#7168=DIRECTION('',(0.,0.,-1.));
#7169=DIRECTION('',(0.,-1.,0.));
#7170=DIRECTION('',(0.,0.,-1.));
#7171=DIRECTION('',(0.,-1.,0.));
#7172=DIRECTION('',(0.,0.,-1.));
#7173=DIRECTION('',(0.,-1.,0.));
#7174=DIRECTION('',(0.,0.,-1.));
#7175=DIRECTION('',(0.,-1.,0.));
#7176=DIRECTION('',(0.,0.,-1.));
#7177=DIRECTION('',(0.,-1.,0.));
#7178=DIRECTION('',(0.,0.,-1.));
#7179=DIRECTION('',(0.,-1.,0.));
#7180=DIRECTION('',(0.,0.,-1.));
#7181=DIRECTION('',(0.,-1.,0.));
#7182=DIRECTION('',(0.,0.,-1.));
#7183=DIRECTION('',(0.,-1.,0.));
#7184=DIRECTION('',(0.,0.,-1.));
#7185=DIRECTION('',(0.,-1.,0.));
#7186=DIRECTION('',(1.,0.,0.));
#7187=DIRECTION('',(0.,-1.,0.));
#7188=DIRECTION('',(0.,0.,-1.));
#7189=DIRECTION('',(0.,-1.,0.));
#7190=DIRECTION('',(0.,0.,-1.));
#7191=DIRECTION('',(0.,-1.,0.));
#7192=DIRECTION('',(0.,0.,-1.));
#7193=DIRECTION('',(0.,-1.,0.));
#7194=DIRECTION('',(0.,0.,-1.));
#7195=DIRECTION('',(0.,-1.,0.));
#7196=DIRECTION('',(0.,0.,-1.));
#7197=DIRECTION('',(0.,-1.,0.));
#7198=DIRECTION('',(0.,0.,-1.));
#7199=DIRECTION('',(0.,-1.,0.));
#7200=DIRECTION('',(0.,0.,-1.));
#7201=DIRECTION('',(0.,-1.,0.));
#7202=DIRECTION('',(0.,0.,-1.));
#7203=DIRECTION('',(0.,-1.,0.));
#7204=DIRECTION('',(0.,0.,-1.));
#7205=DIRECTION('',(0.,-1.,0.));
#7206=DIRECTION('',(0.,0.,-1.));
#7207=DIRECTION('',(0.,0.,1.));
#7208=DIRECTION('',(1.,0.,0.));
#7209=DIRECTION('',(0.,0.,1.));
#7210=DIRECTION('',(1.,0.,0.));
#7211=DIRECTION('',(0.,1.,0.));
#7212=DIRECTION('',(0.,0.,1.));
#7213=DIRECTION('',(0.,1.,0.));
#7214=DIRECTION('',(0.,0.,1.));
#7215=DIRECTION('',(0.,1.,0.));
#7216=DIRECTION('',(0.,0.,1.));
#7217=DIRECTION('',(0.,1.,0.));
#7218=DIRECTION('',(0.,0.,1.));
#7219=DIRECTION('',(0.,1.,0.));
#7220=DIRECTION('',(0.,0.,1.));
#7221=DIRECTION('',(0.,-1.,0.));
#7222=DIRECTION('',(0.,0.,-1.));
#7223=DIRECTION('',(0.,-1.,0.));
#7224=DIRECTION('',(0.,0.,-1.));
#7225=DIRECTION('',(0.,-1.,0.));
#7226=DIRECTION('',(0.,0.,-1.));
#7227=DIRECTION('',(0.,-1.,0.));
#7228=DIRECTION('',(0.,0.,-1.));
#7229=DIRECTION('',(0.,1.,0.));
#7230=DIRECTION('',(0.,0.,1.));
#7231=DIRECTION('',(0.,0.,1.));
#7232=DIRECTION('',(1.,0.,0.));
#7233=DIRECTION('',(0.,0.,1.));
#7234=DIRECTION('',(1.,0.,0.));
#7235=DIRECTION('',(-6.17145071317222E-17,0.,1.));
#7236=DIRECTION('',(1.,0.,6.17145071317222E-17));
#7237=DIRECTION('',(0.,-1.,0.));
#7238=DIRECTION('',(0.866025403784438,-0.5,0.));
#7239=DIRECTION('',(0.,0.,1.));
#7240=DIRECTION('',(1.,0.,0.));
#7241=DIRECTION('',(-6.17145071317222E-17,0.,1.));
#7242=DIRECTION('',(1.,0.,6.17145071317222E-17));
#7243=DIRECTION('',(0.866025403784438,-0.5,0.));
#7244=DIRECTION('',(0.866025403784437,0.5,0.));
#7245=DIRECTION('',(0.,0.,1.));
#7246=DIRECTION('',(1.,0.,0.));
#7247=DIRECTION('',(-6.17145071317222E-17,0.,1.));
#7248=DIRECTION('',(1.,0.,6.17145071317222E-17));
#7249=DIRECTION('',(0.866025403784437,0.5,0.));
#7250=DIRECTION('',(0.,1.,0.));
#7251=DIRECTION('',(0.,0.,1.));
#7252=DIRECTION('',(1.,0.,0.));
#7253=DIRECTION('',(-6.17145071317222E-17,0.,1.));
#7254=DIRECTION('',(1.,0.,6.17145071317222E-17));
#7255=DIRECTION('',(0.,1.,0.));
#7256=DIRECTION('',(-0.866025403784438,0.5,0.));
#7257=DIRECTION('',(0.,0.,1.));
#7258=DIRECTION('',(1.,0.,0.));
#7259=DIRECTION('',(-6.17145071317222E-17,0.,1.));
#7260=DIRECTION('',(1.,0.,6.17145071317222E-17));
#7261=DIRECTION('',(-0.866025403784438,0.5,0.));
#7262=DIRECTION('',(-0.866025403784437,-0.5,0.));
#7263=DIRECTION('',(0.,0.,1.));
#7264=DIRECTION('',(1.,0.,0.));
#7265=DIRECTION('',(0.,0.,-1.));
#7266=DIRECTION('',(-1.,0.,0.));
#7267=DIRECTION('',(0.866025403784437,0.5,0.));
#7268=DIRECTION('',(0.866025403784438,-0.5,0.));
#7269=DIRECTION('',(0.,-1.,0.));
#7270=DIRECTION('',(-0.866025403784437,-0.5,0.));
#7271=DIRECTION('',(-0.866025403784438,0.5,0.));
#7272=DIRECTION('',(0.,1.,0.));
#7273=DIRECTION('',(0.,0.,-1.));
#7274=DIRECTION('',(-1.,0.,0.));
#7275=DIRECTION('',(0.,0.,-1.));
#7276=DIRECTION('',(-1.,0.,0.));
#7277=DIRECTION('',(0.,0.,-1.));
#7278=DIRECTION('',(-1.,0.,0.));
#7279=DIRECTION('',(0.,0.,-1.));
#7280=DIRECTION('',(-1.,0.,0.));
#7281=DIRECTION('',(0.,0.,-1.));
#7282=DIRECTION('',(-1.,0.,0.));
#7283=DIRECTION('',(0.,0.,-1.));
#7284=DIRECTION('',(-1.,0.,0.));
#7285=DIRECTION('',(0.,0.,-1.));
#7286=DIRECTION('',(-1.,0.,0.));
#7287=DIRECTION('',(0.,0.,-1.));
#7288=DIRECTION('',(-1.,0.,0.));
#7289=DIRECTION('',(0.,0.,-1.));
#7290=DIRECTION('',(-1.,0.,0.));
#7291=DIRECTION('',(0.,0.,-1.));
#7292=DIRECTION('',(-1.,0.,0.));
#7293=DIRECTION('',(0.,0.,-1.));
#7294=DIRECTION('',(-1.,0.,0.));
#7295=DIRECTION('',(0.,0.,-1.));
#7296=DIRECTION('',(-1.,0.,0.));
#7297=DIRECTION('',(-0.5,-0.866025403784438,0.));
#7298=DIRECTION('',(0.866025403784438,-0.5,0.));
#7299=DIRECTION('',(0.,0.,1.));
#7300=DIRECTION('',(0.,0.,1.));
#7301=DIRECTION('',(0.5,-0.866025403784437,0.));
#7302=DIRECTION('',(0.866025403784437,0.5,0.));
#7303=DIRECTION('',(0.,0.,1.));
#7304=DIRECTION('',(1.,0.,0.));
#7305=DIRECTION('',(0.,0.,-1.));
#7306=DIRECTION('',(0.,0.,1.));
#7307=DIRECTION('',(0.5,0.866025403784438,0.));
#7308=DIRECTION('',(-0.866025403784438,0.5,0.));
#7309=DIRECTION('',(0.,0.,1.));
#7310=DIRECTION('',(-0.5,0.866025403784437,0.));
#7311=DIRECTION('',(-0.866025403784437,-0.5,0.));
#7312=DIRECTION('',(0.,0.,1.));
#7313=DIRECTION('',(-0.866025403784437,-0.5,0.));
#7314=DIRECTION('',(-1.,0.,0.));
#7315=DIRECTION('',(0.,0.,1.));
#7316=DIRECTION('',(0.,-1.,0.));
#7317=DIRECTION('',(0.,0.,1.));
#7318=DIRECTION('',(1.,0.,0.));
#7319=DIRECTION('',(-6.17145071317222E-17,0.,1.));
#7320=DIRECTION('',(1.,0.,6.17145071317222E-17));
#7321=DIRECTION('',(-6.17145071317222E-17,0.,1.));
#7322=DIRECTION('',(1.,0.,6.17145071317222E-17));
#7323=DIRECTION('',(0.,0.,1.));
#7324=DIRECTION('',(1.,0.,0.));
#7325=DIRECTION('',(6.24500451351651E-17,8.13151629363932E-20,-1.));
#7326=DIRECTION('',(1.,-1.31290106868369E-20,6.24500451351651E-17));
#7327=DIRECTION('',(-1.,0.,0.));
#7328=DIRECTION('',(0.,0.,1.));
#7329=DIRECTION('',(-1.,0.,0.));
#7330=DIRECTION('',(0.,0.,1.));
#7331=DIRECTION('',(-1.,0.,0.));
#7332=DIRECTION('',(0.,0.,1.));
#7333=DIRECTION('',(-1.,0.,0.));
#7334=DIRECTION('',(0.,0.,1.));
#7335=DIRECTION('',(-1.,0.,0.));
#7336=DIRECTION('',(0.,0.,1.));
#7337=DIRECTION('',(-1.,0.,0.));
#7338=DIRECTION('',(0.,0.,1.));
#7339=DIRECTION('',(-1.,0.,0.));
#7340=DIRECTION('',(0.,0.,1.));
#7341=DIRECTION('',(1.,0.,0.));
#7342=DIRECTION('',(0.,0.,-1.));
#7343=DIRECTION('',(-1.,0.,0.));
#7344=DIRECTION('',(0.,0.,1.));
#7345=DIRECTION('',(-1.,0.,0.));
#7346=DIRECTION('',(0.,0.,1.));
#7347=DIRECTION('',(-1.,0.,0.));
#7348=DIRECTION('',(0.,0.,1.));
#7349=DIRECTION('',(-1.,0.,0.));
#7350=DIRECTION('',(0.,0.,1.));
#7351=DIRECTION('',(-1.,0.,0.));
#7352=DIRECTION('',(0.,0.,1.));
#7353=DIRECTION('',(-1.,0.,0.));
#7354=DIRECTION('',(0.,0.,1.));
#7355=DIRECTION('',(-1.,0.,0.));
#7356=DIRECTION('',(0.,0.,1.));
#7357=DIRECTION('',(-1.,0.,0.));
#7358=DIRECTION('',(0.,0.,1.));
#7359=DIRECTION('',(-1.,0.,0.));
#7360=DIRECTION('',(0.,0.,1.));
#7361=DIRECTION('',(-1.,0.,0.));
#7362=DIRECTION('',(0.,0.,1.));
#7363=DIRECTION('',(-1.,0.,0.));
#7364=DIRECTION('',(0.,0.,1.));
#7365=DIRECTION('',(-1.,0.,0.));
#7366=DIRECTION('',(0.,0.,1.));
#7367=DIRECTION('',(-1.,0.,0.));
#7368=DIRECTION('',(0.,0.,1.));
#7369=DIRECTION('',(-1.,0.,0.));
#7370=DIRECTION('',(0.,0.,1.));
#7371=DIRECTION('',(-1.,0.,0.));
#7372=DIRECTION('',(0.,0.,1.));
#7373=DIRECTION('',(1.,0.,0.));
#7374=DIRECTION('',(0.,0.,-1.));
#7375=DIRECTION('',(-1.,0.,0.));
#7376=DIRECTION('',(0.,0.,1.));
#7377=DIRECTION('',(-1.,0.,0.));
#7378=DIRECTION('',(0.,0.,1.));
#7379=DIRECTION('',(-1.,0.,0.));
#7380=DIRECTION('',(0.,0.,1.));
#7381=DIRECTION('',(-1.,0.,0.));
#7382=DIRECTION('',(0.,0.,1.));
#7383=DIRECTION('',(-1.,0.,0.));
#7384=DIRECTION('',(0.,0.,1.));
#7385=DIRECTION('',(-1.,0.,0.));
#7386=DIRECTION('',(0.,0.,1.));
#7387=DIRECTION('',(-1.,0.,0.));
#7388=DIRECTION('',(0.,0.,1.));
#7389=DIRECTION('',(-1.,0.,0.));
#7390=DIRECTION('',(0.,0.,1.));
#7391=DIRECTION('',(-1.,0.,0.));
#7392=DIRECTION('',(0.,0.,1.));
#7393=DIRECTION('',(-1.,0.,0.));
#7394=DIRECTION('',(0.,0.,1.));
#7395=DIRECTION('',(-1.,0.,0.));
#7396=DIRECTION('',(0.,0.,1.));
#7397=DIRECTION('',(-1.,0.,0.));
#7398=DIRECTION('',(0.,0.,1.));
#7399=DIRECTION('',(-1.,0.,0.));
#7400=DIRECTION('',(0.,0.,1.));
#7401=DIRECTION('',(-1.,0.,0.));
#7402=DIRECTION('',(0.,0.,1.));
#7403=DIRECTION('',(-1.,0.,0.));
#7404=DIRECTION('',(0.,0.,1.));
#7405=DIRECTION('',(1.,0.,0.));
#7406=DIRECTION('',(0.,0.,-1.));
#7407=DIRECTION('',(-1.,1.45054392217133E-20,1.38777878078145E-16));
#7408=DIRECTION('',(-1.45054392217133E-20,-1.,-7.45388993583598E-20));
#7409=DIRECTION('',(6.24500451351651E-17,8.13151629363932E-20,-1.));
#7410=DIRECTION('',(1.,-1.31290106868369E-20,6.24500451351651E-17));
#7411=DIRECTION('',(6.24500451351651E-17,8.13151629363932E-20,-1.));
#7412=DIRECTION('',(1.,-1.31290106868369E-20,6.24500451351651E-17));
#7413=DIRECTION('',(1.,-4.55307998944044E-17,0.));
#7414=DIRECTION('',(4.55307998944044E-17,1.,0.));
#7415=DIRECTION('',(-4.55307998944044E-17,-1.,0.));
#7416=DIRECTION('',(0.,0.,-1.));
#7417=DIRECTION('',(-4.55307998944044E-17,-1.,0.));
#7418=DIRECTION('',(0.,0.,-1.));
#7419=DIRECTION('',(0.,-1.,0.));
#7420=DIRECTION('',(0.,0.,-1.));
#7421=DIRECTION('',(-1.,0.,0.));
#7422=DIRECTION('',(0.,0.,-1.));
#7423=DIRECTION('',(-1.,0.,0.));
#7424=DIRECTION('',(1.,-4.55307998944044E-17,0.));
#7425=DIRECTION('',(4.55307998944044E-17,1.,0.));
#7426=DIRECTION('',(-4.55307998944044E-17,-1.,0.));
#7427=DIRECTION('',(0.,0.,-1.));
#7428=DIRECTION('',(-4.55307998944044E-17,-1.,0.));
#7429=DIRECTION('',(0.,-1.,0.));
#7430=DIRECTION('',(0.,0.,-1.));
#7431=DIRECTION('',(-1.,0.,0.));
#7432=DIRECTION('',(-1.,0.,0.));
#7433=DIRECTION('',(0.,0.,1.));
#7434=DIRECTION('',(1.,0.,0.));
#7435=DIRECTION('',(0.,0.,1.));
#7436=DIRECTION('',(1.,0.,0.));
#7437=DIRECTION('',(0.,0.,1.));
#7438=DIRECTION('',(1.,0.,0.));
#7439=DIRECTION('',(0.,0.,1.));
#7440=DIRECTION('',(1.,0.,0.));
#7441=DIRECTION('',(0.,0.,1.));
#7442=DIRECTION('',(1.,0.,0.));
#7443=DIRECTION('',(0.,0.,1.));
#7444=DIRECTION('',(1.,0.,0.));
#7445=DIRECTION('',(0.,0.,1.));
#7446=DIRECTION('',(1.,0.,0.));
#7447=DIRECTION('',(0.,0.,1.));
#7448=DIRECTION('',(1.,0.,0.));
#7449=DIRECTION('',(0.,0.,1.));
#7450=DIRECTION('',(1.,0.,0.));
#7451=DIRECTION('',(0.,0.,1.));
#7452=DIRECTION('',(1.,0.,0.));
#7453=DIRECTION('',(0.,0.,1.));
#7454=DIRECTION('',(1.,0.,0.));
#7455=DIRECTION('',(0.,0.,1.));
#7456=DIRECTION('',(1.,0.,0.));
#7457=DIRECTION('',(0.,0.,1.));
#7458=DIRECTION('',(1.,0.,0.));
#7459=DIRECTION('',(0.,0.,1.));
#7460=DIRECTION('',(1.,0.,0.));
#7461=DIRECTION('',(0.,0.,1.));
#7462=DIRECTION('',(1.,0.,0.));
#7463=DIRECTION('',(0.,0.,1.));
#7464=DIRECTION('',(1.,0.,0.));
#7465=DIRECTION('',(0.,0.,1.));
#7466=DIRECTION('',(1.,0.,0.));
#7467=DIRECTION('',(0.,0.,1.));
#7468=DIRECTION('',(1.,0.,0.));
#7469=DIRECTION('',(1.,0.,0.));
#7470=DIRECTION('',(0.,0.,-1.));
#7471=DIRECTION('',(0.,0.,-1.));
#7472=DIRECTION('',(0.,1.,0.));
#7473=DIRECTION('',(0.,0.,-1.));
#7474=DIRECTION('',(0.,1.,0.));
#7475=DIRECTION('',(0.,0.,1.));
#7476=DIRECTION('',(1.,0.,0.));
#7477=DIRECTION('',(0.,0.,1.));
#7478=DIRECTION('',(1.,0.,0.));
#7479=DIRECTION('',(0.,0.,1.));
#7480=DIRECTION('',(1.,0.,0.));
#7481=DIRECTION('',(1.,0.,0.));
#7482=DIRECTION('',(0.,1.,0.));
#7483=DIRECTION('',(1.,0.,0.));
#7484=DIRECTION('',(1.,0.,0.));
#7485=DIRECTION('',(0.,0.,-1.));
#7486=DIRECTION('',(0.,0.,-1.));
#7487=DIRECTION('',(0.,1.,0.));
#7488=DIRECTION('',(0.,0.,-1.));
#7489=DIRECTION('',(0.,0.,1.));
#7490=DIRECTION('',(1.,0.,0.));
#7491=DIRECTION('',(0.,0.,1.));
#7492=DIRECTION('',(1.,0.,0.));
#7493=DIRECTION('',(1.,0.,0.));
#7494=DIRECTION('',(0.,1.,0.));
#7495=DIRECTION('',(1.,0.,0.));
#7496=DIRECTION('',(1.,0.,-1.70406148540068E-16));
#7497=DIRECTION('',(-1.70406148540068E-16,0.,-1.));
#7498=DIRECTION('',(-1.70406148540068E-16,0.,-1.));
#7499=DIRECTION('',(0.,1.,0.));
#7500=DIRECTION('',(-1.70406148540068E-16,0.,-1.));
#7501=DIRECTION('',(0.,1.,0.));
#7502=DIRECTION('',(0.,0.,-1.));
#7503=DIRECTION('',(-1.,0.,0.));
#7504=DIRECTION('',(-1.,0.,0.));
#7505=DIRECTION('',(0.,1.,0.));
#7506=DIRECTION('',(-1.,0.,0.));
#7507=DIRECTION('',(0.,1.,0.));
#7508=DIRECTION('',(1.,0.,-2.02112757647199E-16));
#7509=DIRECTION('',(-2.02112757647199E-16,0.,-1.));
#7510=DIRECTION('',(-2.02112757647199E-16,0.,-1.));
#7511=DIRECTION('',(0.,1.,0.));
#7512=DIRECTION('',(-2.02112757647199E-16,0.,-1.));
#7513=DIRECTION('',(0.,1.,0.));
#7514=DIRECTION('',(0.,0.,1.));
#7515=DIRECTION('',(1.,0.,0.));
#7516=DIRECTION('',(1.,0.,0.));
#7517=DIRECTION('',(0.,1.,0.));
#7518=DIRECTION('',(1.,0.,0.));
#7519=DIRECTION('',(0.,1.,0.));
#7520=DIRECTION('',(0.,1.,0.));
#7521=DIRECTION('',(0.,0.,1.));
#7522=DIRECTION('',(0.,-1.,0.));
#7523=DIRECTION('',(0.,0.,-1.));
#7524=DIRECTION('',(0.,1.,0.));
#7525=DIRECTION('',(0.,-1.,0.));
#7526=DIRECTION('',(0.,0.,-1.));
#7527=DIRECTION('',(0.,1.,0.));
#7528=DIRECTION('',(0.,0.,-1.));
#7529=DIRECTION('',(-1.,0.,0.));
#7530=DIRECTION('',(-1.,0.,0.));
#7531=DIRECTION('',(0.,-1.,0.));
#7532=DIRECTION('',(-1.,0.,0.));
#7533=DIRECTION('',(0.,1.,0.));
#7534=DIRECTION('',(1.,0.,2.02112757647199E-16));
#7535=DIRECTION('',(2.02112757647199E-16,0.,-1.));
#7536=DIRECTION('',(2.02112757647199E-16,0.,-1.));
#7537=DIRECTION('',(0.,1.,0.));
#7538=DIRECTION('',(2.02112757647199E-16,0.,-1.));
#7539=DIRECTION('',(0.,1.,0.));
#7540=DIRECTION('',(0.,0.,1.));
#7541=DIRECTION('',(1.,0.,0.));
#7542=DIRECTION('',(1.,0.,0.));
#7543=DIRECTION('',(0.,1.,0.));
#7544=DIRECTION('',(1.,0.,0.));
#7545=DIRECTION('',(0.,1.,0.));
#7546=DIRECTION('',(1.,0.,-1.70406148540068E-16));
#7547=DIRECTION('',(-1.70406148540068E-16,0.,-1.));
#7548=DIRECTION('',(-1.70406148540068E-16,0.,-1.));
#7549=DIRECTION('',(0.,1.,0.));
#7550=DIRECTION('',(-1.70406148540068E-16,0.,-1.));
#7551=DIRECTION('',(0.,1.,0.));
#7552=DIRECTION('',(0.,0.,-1.));
#7553=DIRECTION('',(-1.,0.,0.));
#7554=DIRECTION('',(0.,0.,1.));
#7555=DIRECTION('',(1.,0.,0.));
#7556=DIRECTION('',(-1.,0.,0.));
#7557=DIRECTION('',(0.,1.,0.));
#7558=DIRECTION('',(-1.,0.,0.));
#7559=DIRECTION('',(0.,-1.,0.));
#7560=DIRECTION('',(1.,0.,0.));
#7561=DIRECTION('',(0.,-1.,0.));
#7562=DIRECTION('',(0.,0.,-1.));
#7563=DIRECTION('',(0.,-1.,0.));
#7564=DIRECTION('',(0.,0.,-1.));
#7565=DIRECTION('',(0.,-1.,0.));
#7566=DIRECTION('',(0.,0.,-1.));
#7567=DIRECTION('',(0.,-1.,0.));
#7568=DIRECTION('',(0.,0.,-1.));
#7569=DIRECTION('',(0.,-1.,0.));
#7570=DIRECTION('',(0.,0.,-1.));
#7571=DIRECTION('',(0.,-1.,0.));
#7572=DIRECTION('',(0.,0.,-1.));
#7573=DIRECTION('',(0.,-1.,0.));
#7574=DIRECTION('',(0.,0.,-1.));
#7575=DIRECTION('',(0.,-1.,0.));
#7576=DIRECTION('',(0.,0.,-1.));
#7577=DIRECTION('',(0.,-1.,0.));
#7578=DIRECTION('',(0.,0.,-1.));
#7579=DIRECTION('',(0.,-1.,0.));
#7580=DIRECTION('',(0.,0.,-1.));
#7581=DIRECTION('',(0.,-1.,0.));
#7582=DIRECTION('',(1.,0.,0.));
#7583=DIRECTION('',(0.,-1.,0.));
#7584=DIRECTION('',(0.,0.,-1.));
#7585=DIRECTION('',(0.,-1.,0.));
#7586=DIRECTION('',(0.,0.,-1.));
#7587=DIRECTION('',(0.,-1.,0.));
#7588=DIRECTION('',(0.,0.,-1.));
#7589=DIRECTION('',(0.,-1.,0.));
#7590=DIRECTION('',(0.,0.,-1.));
#7591=DIRECTION('',(0.,-1.,0.));
#7592=DIRECTION('',(0.,0.,-1.));
#7593=DIRECTION('',(0.,-1.,0.));
#7594=DIRECTION('',(0.,0.,-1.));
#7595=DIRECTION('',(0.,-1.,0.));
#7596=DIRECTION('',(0.,0.,-1.));
#7597=DIRECTION('',(0.,-1.,0.));
#7598=DIRECTION('',(0.,0.,-1.));
#7599=DIRECTION('',(0.,-1.,0.));
#7600=DIRECTION('',(0.,0.,-1.));
#7601=DIRECTION('',(0.,-1.,0.));
#7602=DIRECTION('',(0.,0.,-1.));
#7603=DIRECTION('',(0.,0.,1.));
#7604=DIRECTION('',(1.,0.,0.));
#7605=DIRECTION('',(0.,0.,1.));
#7606=DIRECTION('',(1.,0.,0.));
#7607=DIRECTION('',(0.,1.,0.));
#7608=DIRECTION('',(0.,0.,1.));
#7609=DIRECTION('',(0.,1.,0.));
#7610=DIRECTION('',(0.,0.,1.));
#7611=DIRECTION('',(0.,1.,0.));
#7612=DIRECTION('',(0.,0.,1.));
#7613=DIRECTION('',(0.,1.,0.));
#7614=DIRECTION('',(0.,0.,1.));
#7615=DIRECTION('',(0.,1.,0.));
#7616=DIRECTION('',(0.,0.,1.));
#7617=DIRECTION('',(0.,-1.,0.));
#7618=DIRECTION('',(0.,0.,-1.));
#7619=DIRECTION('',(0.,-1.,0.));
#7620=DIRECTION('',(0.,0.,-1.));
#7621=DIRECTION('',(0.,-1.,0.));
#7622=DIRECTION('',(0.,0.,-1.));
#7623=DIRECTION('',(0.,-1.,0.));
#7624=DIRECTION('',(0.,0.,-1.));
#7625=DIRECTION('',(0.,1.,0.));
#7626=DIRECTION('',(0.,0.,1.));
#7627=DIRECTION('',(0.,0.,1.));
#7628=DIRECTION('',(1.,0.,0.));
#7629=DIRECTION('',(0.,0.,1.));
#7630=DIRECTION('',(1.,0.,0.));
#7631=DIRECTION('',(0.,0.,1.));
#7632=DIRECTION('',(1.,0.,0.));
#7633=DIRECTION('',(0.,0.,1.));
#7634=DIRECTION('',(1.,0.,0.));
#7635=DIRECTION('',(0.,0.,1.));
#7636=DIRECTION('',(1.,0.,0.));
#7637=DIRECTION('',(-1.31290106868413E-20,-1.,-9.48501045395401E-20));
#7638=DIRECTION('',(1.,-1.31290106868413E-20,6.24500451351651E-17));
#7639=DIRECTION('',(1.,-7.80527998189789E-17,0.));
#7640=DIRECTION('',(7.8052799818979E-17,1.,0.));
#7641=DIRECTION('',(-7.80527998189789E-17,-1.,0.));
#7642=DIRECTION('',(0.,0.,-1.));
#7643=DIRECTION('',(-7.80527998189789E-17,-1.,0.));
#7644=DIRECTION('',(0.,0.,-1.));
#7645=DIRECTION('',(7.80527998189789E-17,-1.,0.));
#7646=DIRECTION('',(1.,7.8052799818979E-17,0.));
#7647=DIRECTION('',(-1.,-7.80527998189789E-17,0.));
#7648=DIRECTION('',(0.,0.,-1.));
#7649=DIRECTION('',(-1.,-7.80527998189789E-17,0.));
#7650=DIRECTION('',(1.,-7.80527998189789E-17,0.));
#7651=DIRECTION('',(7.80527998189789E-17,1.,0.));
#7652=DIRECTION('',(-7.80527998189789E-17,-1.,0.));
#7653=DIRECTION('',(0.,0.,-1.));
#7654=DIRECTION('',(-7.80527998189789E-17,-1.,0.));
#7655=DIRECTION('',(0.,0.,-1.));
#7656=DIRECTION('',(-1.,0.,0.));
#7657=DIRECTION('',(0.,0.,1.));
#7658=DIRECTION('',(1.,0.,0.));
#7659=DIRECTION('',(0.,0.,1.));
#7660=DIRECTION('',(1.,0.,0.));
#7661=DIRECTION('',(0.,0.,-1.));
#7662=DIRECTION('',(-1.,0.,0.));
#7663=DIRECTION('',(0.,0.,1.));
#7664=DIRECTION('',(1.,0.,0.));
#7665=DIRECTION('',(0.,0.,1.));
#7666=DIRECTION('',(1.,0.,0.));
#7667=DIRECTION('',(1.56105599637958E-16,-1.,0.));
#7668=DIRECTION('',(1.,1.56105599637958E-16,0.));
#7669=DIRECTION('',(-1.,-1.56105599637958E-16,0.));
#7670=DIRECTION('',(-1.,-1.56105599637958E-16,0.));
#7671=DIRECTION('',(0.,0.,-1.));
#7672=DIRECTION('',(-1.,0.,0.));
#7673=DIRECTION('',(0.,0.,1.));
#7674=DIRECTION('',(1.,0.,0.));
#7675=DIRECTION('',(0.,0.,1.));
#7676=DIRECTION('',(1.,0.,0.));
#7677=DIRECTION('',(0.,0.,-1.));
#7678=DIRECTION('',(-1.,0.,0.));
#7679=DIRECTION('',(0.,0.,1.));
#7680=DIRECTION('',(1.,0.,0.));
#7681=DIRECTION('',(0.,0.,1.));
#7682=DIRECTION('',(1.,0.,0.));
#7683=DIRECTION('',(0.,0.,1.));
#7684=DIRECTION('',(1.,0.,0.));
#7685=DIRECTION('',(0.,0.,1.));
#7686=DIRECTION('',(1.,0.,0.));
#7687=DIRECTION('',(-6.24500451351651E-17,1.21972744520508E-19,1.));
#7688=DIRECTION('',(1.,-1.31290106868602E-20,6.24500451351651E-17));
#7689=DIRECTION('',(1.31290106868454E-20,1.,7.72476462343E-19));
#7690=DIRECTION('',(1.,-1.31290106868454E-20,6.24500451351651E-17));
#7691=DIRECTION('',(0.,1.,0.));
#7692=DIRECTION('',(0.,0.,1.));
#7693=DIRECTION('',(0.,-1.,0.));
#7694=DIRECTION('',(0.,0.,-1.));
#7695=DIRECTION('',(0.,-1.,0.));
#7696=DIRECTION('',(0.,0.,-1.));
#7697=DIRECTION('',(-1.,0.,0.));
#7698=DIRECTION('',(0.,0.,1.));
#7699=DIRECTION('',(0.,0.,1.));
#7700=DIRECTION('',(0.,1.,0.));
#7701=DIRECTION('',(0.,0.,1.));
#7702=DIRECTION('',(0.,1.,0.));
#7703=DIRECTION('',(0.,1.,0.));
#7704=DIRECTION('',(0.,0.,1.));
#7705=DIRECTION('',(0.,1.,0.));
#7706=DIRECTION('',(0.,0.,-1.));
#7707=DIRECTION('',(0.,1.,0.));
#7708=DIRECTION('',(0.,1.,0.));
#7709=DIRECTION('',(0.,0.,-1.));
#7710=DIRECTION('',(0.,1.,0.));
#7711=DIRECTION('',(0.,0.,1.));
#7712=DIRECTION('',(0.,1.,0.));
#7713=DIRECTION('',(0.,0.,-1.));
#7714=DIRECTION('',(0.,1.,0.));
#7715=DIRECTION('',(0.,1.,0.));
#7716=DIRECTION('',(0.,0.,-1.));
#7717=DIRECTION('',(0.,1.,0.));
#7718=DIRECTION('',(0.,0.,1.));
#7719=DIRECTION('',(0.,-1.,0.));
#7720=DIRECTION('',(0.,0.,-1.));
#7721=DIRECTION('',(0.,1.,0.));
#7722=DIRECTION('',(0.,-1.,0.));
#7723=DIRECTION('',(0.,0.,-1.));
#7724=DIRECTION('',(-1.,0.,0.));
#7725=DIRECTION('',(0.,0.,1.));
#7726=DIRECTION('',(0.,0.,1.));
#7727=DIRECTION('',(0.,1.,0.));
#7728=DIRECTION('',(0.,0.,1.));
#7729=DIRECTION('',(0.,1.,0.));
#7730=DIRECTION('',(0.,0.,1.));
#7731=DIRECTION('',(0.,1.,0.));
#7732=DIRECTION('',(0.,0.,-1.));
#7733=DIRECTION('',(0.,1.,0.));
#7734=DIRECTION('',(0.,1.,0.));
#7735=DIRECTION('',(0.,0.,-1.));
#7736=DIRECTION('',(0.,1.,0.));
#7737=DIRECTION('',(0.,0.,1.));
#7738=DIRECTION('',(0.,1.,0.));
#7739=DIRECTION('',(0.,0.,-1.));
#7740=DIRECTION('',(0.,1.,0.));
#7741=DIRECTION('',(0.,1.,0.));
#7742=DIRECTION('',(0.,0.,-1.));
#7743=DIRECTION('',(0.,1.,0.));
#7744=DIRECTION('',(0.,0.,1.));
#7745=DIRECTION('',(0.,-1.,0.));
#7746=DIRECTION('',(0.,0.,-1.));
#7747=DIRECTION('',(0.,-1.,0.));
#7748=DIRECTION('',(0.,0.,-1.));
#7749=DIRECTION('',(0.,1.,0.));
#7750=DIRECTION('',(0.,0.,1.));
#7751=DIRECTION('',(0.,-1.,0.));
#7752=DIRECTION('',(0.,0.,-1.));
#7753=DIRECTION('',(0.,-1.,0.));
#7754=DIRECTION('',(0.,0.,-1.));
#7755=DIRECTION('',(0.,-1.,0.));
#7756=DIRECTION('',(1.,0.,0.));
#7757=DIRECTION('',(0.,-1.,0.));
#7758=DIRECTION('',(1.,0.,0.));
#7759=DIRECTION('',(0.5,0.,0.866025403784439));
#7760=DIRECTION('',(-0.5,0.,0.866025403784439));
#7761=DIRECTION('',(-1.,0.,0.));
#7762=DIRECTION('',(-0.5,0.,-0.866025403784439));
#7763=DIRECTION('',(0.5,0.,-0.866025403784439));
#7764=DIRECTION('',(1.,0.,0.));
#7765=DIRECTION('',(-0.866025403784439,0.,-0.5));
#7766=DIRECTION('',(-0.5,0.,0.866025403784439));
#7767=DIRECTION('',(0.,1.,0.));
#7768=DIRECTION('',(-0.5,0.,0.866025403784439));
#7769=DIRECTION('',(0.,1.,0.));
#7770=DIRECTION('',(-0.866025403784439,0.,0.5));
#7771=DIRECTION('',(0.5,0.,0.866025403784439));
#7772=DIRECTION('',(0.,1.,0.));
#7773=DIRECTION('',(0.5,0.,0.866025403784439));
#7774=DIRECTION('',(0.,0.,1.));
#7775=DIRECTION('',(1.,0.,0.));
#7776=DIRECTION('',(0.,1.,0.));
#7777=DIRECTION('',(1.,0.,0.));
#7778=DIRECTION('',(0.866025403784439,0.,0.5));
#7779=DIRECTION('',(0.5,0.,-0.866025403784439));
#7780=DIRECTION('',(0.,1.,0.));
#7781=DIRECTION('',(0.5,0.,-0.866025403784439));
#7782=DIRECTION('',(0.866025403784439,0.,-0.5));
#7783=DIRECTION('',(-0.5,0.,-0.866025403784439));
#7784=DIRECTION('',(0.,1.,0.));
#7785=DIRECTION('',(-0.5,0.,-0.866025403784439));
#7786=DIRECTION('',(0.,0.,-1.));
#7787=DIRECTION('',(-1.,0.,0.));
#7788=DIRECTION('',(-1.,0.,0.));
#7789=DIRECTION('',(0.,1.,0.));
#7790=DIRECTION('',(-1.,0.,0.));
#7791=DIRECTION('',(0.0373011323095608,-3.38365476728201E-20,0.999304070605351));
#7792=DIRECTION('',(0.999304070605351,-5.64353548167845E-21,-0.0373011323095608));
#7793=DIRECTION('',(6.24500451351651E-17,6.77626357803425E-20,-1.));
#7794=DIRECTION('',(1.,-1.31290106868495E-20,6.24500451351651E-17));
#7795=DIRECTION('',(0.866025403784438,0.,0.5));
#7796=DIRECTION('',(0.5,0.,-0.866025403784438));
#7797=DIRECTION('',(0.,1.,0.));
#7798=DIRECTION('',(0.5,0.,-0.866025403784438));
#7799=DIRECTION('',(0.,1.,0.));
#7800=DIRECTION('',(0.5,0.,-0.866025403784438));
#7801=DIRECTION('',(0.866025403784439,0.,-0.5));
#7802=DIRECTION('',(-0.5,0.,-0.866025403784439));
#7803=DIRECTION('',(0.,1.,0.));
#7804=DIRECTION('',(-0.5,0.,-0.866025403784439));
#7805=DIRECTION('',(-0.5,0.,-0.866025403784439));
#7806=DIRECTION('',(0.,0.,-1.));
#7807=DIRECTION('',(-1.,0.,0.));
#7808=DIRECTION('',(0.,1.,0.));
#7809=DIRECTION('',(-1.,0.,0.));
#7810=DIRECTION('',(-1.,0.,0.));
#7811=DIRECTION('',(-0.866025403784438,0.,-0.5));
#7812=DIRECTION('',(-0.5,0.,0.866025403784438));
#7813=DIRECTION('',(0.,1.,0.));
#7814=DIRECTION('',(-0.5,0.,0.866025403784438));
#7815=DIRECTION('',(-0.5,0.,0.866025403784438));
#7816=DIRECTION('',(-0.866025403784439,0.,0.5));
#7817=DIRECTION('',(0.5,0.,0.866025403784439));
#7818=DIRECTION('',(0.,1.,0.));
#7819=DIRECTION('',(0.5,0.,0.866025403784439));
#7820=DIRECTION('',(0.5,0.,0.866025403784439));
#7821=DIRECTION('',(-6.22592042576527E-16,0.,1.));
#7822=DIRECTION('',(1.,0.,6.22592042576527E-16));
#7823=DIRECTION('',(1.,0.,6.22592042576527E-16));
#7824=DIRECTION('',(1.,0.,6.22592042576527E-16));
#7825=DIRECTION('',(0.,1.,0.));
#7826=DIRECTION('',(0.,0.,1.));
#7827=DIRECTION('',(0.,-1.,0.));
#7828=DIRECTION('',(0.,0.,-1.));
#7829=DIRECTION('',(0.,1.,0.));
#7830=DIRECTION('',(0.,-1.,0.));
#7831=DIRECTION('',(0.,0.,-1.));
#7832=DIRECTION('',(0.,1.,0.));
#7833=DIRECTION('',(-0.999874232961444,0.,-0.0158593272166178));
#7834=DIRECTION('',(-0.0158593272166178,0.,0.999874232961444));
#7835=DIRECTION('',(-0.0158593272166178,0.,0.999874232961444));
#7836=DIRECTION('',(0.,1.,0.));
#7837=DIRECTION('',(-0.0158593272166178,0.,0.999874232961444));
#7838=DIRECTION('',(0.,1.,0.));
#7839=DIRECTION('',(0.,0.,1.));
#7840=DIRECTION('',(0.,-1.,0.));
#7841=DIRECTION('',(0.,0.,-1.));
#7842=DIRECTION('',(0.,1.,0.));
#7843=DIRECTION('',(0.,-1.,0.));
#7844=DIRECTION('',(0.,0.,-1.));
#7845=DIRECTION('',(-0.999874232961444,0.,0.0158593272166176));
#7846=DIRECTION('',(0.0158593272166176,0.,0.999874232961444));
#7847=DIRECTION('',(0.0158593272166176,0.,0.999874232961444));
#7848=DIRECTION('',(0.,1.,0.));
#7849=DIRECTION('',(0.0158593272166176,0.,0.999874232961444));
#7850=DIRECTION('',(0.,1.,0.));
#7851=DIRECTION('',(0.,0.,1.));
#7852=DIRECTION('',(0.,-1.,0.));
#7853=DIRECTION('',(0.,0.,-1.));
#7854=DIRECTION('',(0.,1.,0.));
#7855=DIRECTION('',(0.,-1.,0.));
#7856=DIRECTION('',(0.,0.,-1.));
#7857=DIRECTION('',(-0.780036741671415,0.,-0.62573371464437));
#7858=DIRECTION('',(-0.62573371464437,0.,0.780036741671415));
#7859=DIRECTION('',(-0.62573371464437,0.,0.780036741671415));
#7860=DIRECTION('',(0.,1.,0.));
#7861=DIRECTION('',(-0.62573371464437,0.,0.780036741671415));
#7862=DIRECTION('',(0.,1.,0.));
#7863=DIRECTION('',(0.,0.,1.));
#7864=DIRECTION('',(0.,-1.,0.));
#7865=DIRECTION('',(0.,0.,-1.));
#7866=DIRECTION('',(0.,1.,0.));
#7867=DIRECTION('',(0.,-1.,0.));
#7868=DIRECTION('',(0.,0.,-1.));
#7869=DIRECTION('',(-0.934150229060163,0.,-0.356880021221201));
#7870=DIRECTION('',(-0.356880021221201,0.,0.934150229060163));
#7871=DIRECTION('',(-0.356880021221201,0.,0.934150229060163));
#7872=DIRECTION('',(-0.356880021221201,0.,0.934150229060163));
#7873=DIRECTION('',(0.,1.,0.));
#7874=DIRECTION('',(0.,0.,1.));
#7875=DIRECTION('',(0.,-1.,0.));
#7876=DIRECTION('',(0.,0.,-1.));
#7877=DIRECTION('',(0.,-1.,0.));
#7878=DIRECTION('',(0.,0.,-1.));
#7879=DIRECTION('',(0.,-1.,0.));
#7880=DIRECTION('',(1.,0.,0.));
#7881=DIRECTION('',(0.,-1.,0.));
#7882=DIRECTION('',(0.,0.,-1.));
#7883=DIRECTION('',(0.,-1.,0.));
#7884=DIRECTION('',(1.,0.,0.));
#7885=DIRECTION('',(0.,1.,0.));
#7886=DIRECTION('',(0.,0.,1.));
#7887=DIRECTION('',(0.,-1.,0.));
#7888=DIRECTION('',(0.,0.,-1.));
#7889=DIRECTION('',(0.,-1.,0.));
#7890=DIRECTION('',(1.,0.,0.));
#7891=DIRECTION('',(0.,1.,0.));
#7892=DIRECTION('',(0.,0.,1.));
#7893=DIRECTION('',(0.,-1.,0.));
#7894=DIRECTION('',(1.,0.,0.));
#7895=DIRECTION('',(0.,-1.,0.));
#7896=DIRECTION('',(1.,0.,0.));
#7897=DIRECTION('',(0.,-1.,0.));
#7898=DIRECTION('',(0.,0.,-1.));
#7899=DIRECTION('',(0.,-1.,0.));
#7900=DIRECTION('',(0.,0.,-1.));
#7901=DIRECTION('',(0.,-1.,0.));
#7902=DIRECTION('',(0.,0.,-1.));
#7903=DIRECTION('',(0.968355640195425,-1.54408332852525E-20,0.249574345840492));
#7904=DIRECTION('',(-0.249574345840492,-3.08225821878808E-20,0.968355640195425));
#7905=DIRECTION('',(7.42033071199141E-16,-1.,-2.10031711895146E-16));
#7906=DIRECTION('',(-0.249574345840492,-3.88577811170102E-16,0.968355640195425));
#7907=DIRECTION('',(4.81600796221106E-18,1.,2.2201944951457E-16));
#7908=DIRECTION('',(0.999304070605351,3.46892050093318E-18,-0.0373011323095591));
#7909=DIRECTION('',(0.,0.,1.));
#7910=DIRECTION('',(1.,0.,0.));
#7911=DIRECTION('',(-1.32980047244433E-15,-1.,-8.39159118649158E-16));
#7912=DIRECTION('',(0.999304070605351,-1.29757343989303E-15,-0.0373011323095606));
#7913=DIRECTION('',(6.24500451351651E-17,6.77626357803425E-20,-1.));
#7914=DIRECTION('',(1.,-1.31290106868495E-20,6.24500451351651E-17));
#7915=DIRECTION('',(0.,0.,-1.));
#7916=DIRECTION('',(1.,0.,0.));
#7917=DIRECTION('',(1.,0.,0.));
#7918=DIRECTION('',(0.,1.,0.));
#7919=DIRECTION('',(1.,0.,0.));
#7920=DIRECTION('',(0.,1.,0.));
#7921=DIRECTION('',(0.,1.,0.));
#7922=DIRECTION('',(1.,0.,0.));
#7923=DIRECTION('',(0.,1.,0.));
#7924=DIRECTION('',(1.,0.,0.));
#7925=DIRECTION('',(0.,1.,0.));
#7926=DIRECTION('',(1.,0.,0.));
#7927=DIRECTION('',(0.,1.,0.));
#7928=DIRECTION('',(1.,0.,0.));
#7929=DIRECTION('',(0.,1.,0.));
#7930=DIRECTION('',(0.,0.,1.));
#7931=DIRECTION('',(0.,-1.,0.));
#7932=DIRECTION('',(0.,0.,-1.));
#7933=DIRECTION('',(0.,1.,0.));
#7934=DIRECTION('',(0.,-1.,0.));
#7935=DIRECTION('',(0.,0.,-1.));
#7936=DIRECTION('',(0.,1.,0.));
#7937=DIRECTION('',(0.,0.,1.));
#7938=DIRECTION('',(0.,-1.,0.));
#7939=DIRECTION('',(0.,0.,-1.));
#7940=DIRECTION('',(0.,-1.,0.));
#7941=DIRECTION('',(0.,0.,-1.));
#7942=DIRECTION('',(0.,1.,0.));
#7943=DIRECTION('',(0.,-1.,0.));
#7944=DIRECTION('',(1.,0.,0.));
#7945=DIRECTION('',(0.,-1.,0.));
#7946=DIRECTION('',(0.,0.,-1.));
#7947=DIRECTION('',(0.,-1.,0.));
#7948=DIRECTION('',(0.,0.,-1.));
#7949=DIRECTION('',(0.,-1.,0.));
#7950=DIRECTION('',(0.,0.,-1.));
#7951=DIRECTION('',(1.,0.,0.));
#7952=DIRECTION('',(0.,-1.,0.));
#7953=DIRECTION('',(0.,0.,-1.));
#7954=DIRECTION('',(0.,0.,1.));
#7955=DIRECTION('',(0.,-1.,0.));
#7956=DIRECTION('',(0.,0.,-1.));
#7957=DIRECTION('',(-1.,0.,0.));
#7958=DIRECTION('',(0.,-1.,0.));
#7959=DIRECTION('',(0.,0.,-1.));
#7960=DIRECTION('',(0.804072068442829,0.,0.594531839980056));
#7961=DIRECTION('',(0.,-1.,0.));
#7962=DIRECTION('',(1.,0.,0.));
#7963=DIRECTION('',(0.,-1.,0.));
#7964=DIRECTION('',(0.,0.,-1.));
#7965=DIRECTION('',(0.,-1.,0.));
#7966=DIRECTION('',(0.,0.,-1.));
#7967=DIRECTION('',(0.,-1.,0.));
#7968=DIRECTION('',(0.,0.,-1.));
#7969=DIRECTION('',(0.804072068442829,0.,0.594531839980056));
#7970=DIRECTION('',(0.,-1.,0.));
#7971=DIRECTION('',(0.,0.,-1.));
#7972=DIRECTION('',(-1.,0.,0.));
#7973=DIRECTION('',(0.,-1.,0.));
#7974=DIRECTION('',(0.,0.,-1.));
#7975=DIRECTION('',(0.,0.,1.));
#7976=DIRECTION('',(0.,-1.,0.));
#7977=DIRECTION('',(0.,0.,-1.));
#7978=DIRECTION('',(1.,0.,0.));
#7979=DIRECTION('',(0.,1.,0.));
#7980=DIRECTION('',(0.,0.,1.));
#7981=DIRECTION('',(0.,-1.,0.));
#7982=DIRECTION('',(0.,0.,-1.));
#7983=DIRECTION('',(0.,1.,0.));
#7984=DIRECTION('',(0.,0.,1.));
#7985=DIRECTION('',(0.,-1.,0.));
#7986=DIRECTION('',(0.,0.,-1.));
#7987=DIRECTION('',(-1.,0.,0.));
#7988=DIRECTION('',(0.,0.,1.));
#7989=DIRECTION('',(0.,1.,0.));
#7990=DIRECTION('',(0.,1.,0.));
#7991=DIRECTION('',(0.,1.,0.));
#7992=DIRECTION('',(0.,0.,1.));
#7993=DIRECTION('',(0.,1.,0.));
#7994=DIRECTION('',(0.,0.,-1.));
#7995=DIRECTION('',(-1.,0.,0.));
#7996=DIRECTION('',(0.,1.,0.));
#7997=DIRECTION('',(0.,1.,0.));
#7998=DIRECTION('',(0.,0.,1.));
#7999=DIRECTION('',(0.,1.,0.));
#8000=DIRECTION('',(-0.594531839980056,0.,0.804072068442829));
#8001=DIRECTION('',(0.804072068442829,0.,0.594531839980056));
#8002=DIRECTION('',(0.,0.,1.));
#8003=DIRECTION('',(1.,0.,0.));
#8004=DIRECTION('',(0.,1.,0.));
#8005=DIRECTION('',(0.,1.,0.));
#8006=DIRECTION('',(0.,0.,1.));
#8007=DIRECTION('',(0.,1.,0.));
#8008=DIRECTION('',(0.,0.,1.));
#8009=DIRECTION('',(0.,-1.,0.));
#8010=DIRECTION('',(0.,0.,-1.));
#8011=DIRECTION('',(0.,-1.,0.));
#8012=DIRECTION('',(0.,0.,-1.));
#8013=DIRECTION('',(0.,-1.,0.));
#8014=DIRECTION('',(1.,0.,0.));
#8015=DIRECTION('',(0.,-1.,0.));
#8016=DIRECTION('',(0.,0.,-1.));
#8017=DIRECTION('',(0.,-1.,0.));
#8018=DIRECTION('',(0.,0.,-1.));
#8019=DIRECTION('',(0.,-1.,0.));
#8020=DIRECTION('',(1.,0.,0.));
#8021=DIRECTION('',(0.,-1.,0.));
#8022=DIRECTION('',(0.,0.,-1.));
#8023=DIRECTION('',(0.,0.,1.));
#8024=DIRECTION('',(1.,0.,0.));
#8025=DIRECTION('',(0.,0.,1.));
#8026=DIRECTION('',(1.,0.,0.));
#8027=DIRECTION('',(0.,0.,-1.));
#8028=DIRECTION('',(0.,0.,1.));
#8029=DIRECTION('',(0.,1.,0.));
#8030=DIRECTION('',(0.,-1.,0.));
#8031=DIRECTION('',(0.,0.,-1.));
#8032=DIRECTION('',(0.,0.,1.));
#8033=DIRECTION('',(1.,0.,0.));
#8034=DIRECTION('',(1.,0.,0.));
#8035=DIRECTION('',(0.,0.,-1.));
#8036=DIRECTION('',(0.,1.,0.));
#8037=DIRECTION('',(0.,0.,-1.));
#8038=DIRECTION('',(1.,0.,0.));
#8039=DIRECTION('',(0.,-1.,0.));
#8040=DIRECTION('',(0.,0.,-1.));
#8041=DIRECTION('',(0.,0.,1.));
#8042=DIRECTION('',(1.,0.,0.));
#8043=DIRECTION('',(0.,0.,1.));
#8044=DIRECTION('',(1.,0.,0.));
#8045=DIRECTION('',(0.,0.,-1.));
#8046=DIRECTION('',(0.,0.,1.));
#8047=DIRECTION('',(0.,1.,0.));
#8048=DIRECTION('',(0.,-1.,0.));
#8049=DIRECTION('',(0.,0.,-1.));
#8050=DIRECTION('',(0.,0.,1.));
#8051=DIRECTION('',(1.,0.,0.));
#8052=DIRECTION('',(1.,0.,0.));
#8053=DIRECTION('',(0.,0.,-1.));
#8054=DIRECTION('',(0.,1.,0.));
#8055=DIRECTION('',(0.,0.,-1.));
#8056=DIRECTION('',(1.,0.,0.));
#8057=DIRECTION('',(0.,0.,1.));
#8058=DIRECTION('',(1.,0.,0.));
#8059=DIRECTION('',(0.,0.,1.));
#8060=DIRECTION('',(1.,0.,0.));
#8061=DIRECTION('',(0.,0.,1.));
#8062=DIRECTION('',(1.,0.,0.));
#8063=DIRECTION('',(0.,0.,1.));
#8064=DIRECTION('',(1.,0.,0.));
#8065=DIRECTION('',(0.,0.,1.));
#8066=DIRECTION('',(1.,0.,0.));
#8067=DIRECTION('',(0.,0.,1.));
#8068=DIRECTION('',(1.,0.,0.));
#8069=DIRECTION('',(0.,0.,1.));
#8070=DIRECTION('',(1.,0.,0.));
#8071=DIRECTION('',(0.,1.,0.));
#8072=DIRECTION('',(-1.,0.,0.));
#8073=DIRECTION('',(0.,1.,0.));
#8074=DIRECTION('',(0.,0.,1.));
#8075=DIRECTION('',(0.,1.,0.));
#8076=DIRECTION('',(0.,0.,1.));
#8077=DIRECTION('',(0.,1.,0.));
#8078=DIRECTION('',(0.,0.,1.));
#8079=DIRECTION('',(0.,-1.,0.));
#8080=DIRECTION('',(0.,0.,-1.));
#8081=DIRECTION('',(0.,1.,0.));
#8082=DIRECTION('',(0.,0.,1.));
#8083=DIRECTION('',(0.,-1.,0.));
#8084=DIRECTION('',(0.,0.,-1.));
#8085=DIRECTION('',(0.,1.,0.));
#8086=DIRECTION('',(0.,-1.,0.));
#8087=DIRECTION('',(0.,0.,-1.));
#8088=DIRECTION('',(0.,1.,0.));
#8089=DIRECTION('',(0.,0.,1.));
#8090=DIRECTION('',(1.,0.,0.));
#8091=DIRECTION('',(1.,0.,0.));
#8092=DIRECTION('',(0.,1.,0.));
#8093=DIRECTION('',(1.,0.,0.));
#8094=DIRECTION('',(1.,0.,0.));
#8095=DIRECTION('',(0.,0.,-1.));
#8096=DIRECTION('',(0.,0.,-1.));
#8097=DIRECTION('',(0.,1.,0.));
#8098=DIRECTION('',(0.,0.,-1.));
#8099=DIRECTION('',(0.,0.,1.));
#8100=DIRECTION('',(1.,0.,0.));
#8101=DIRECTION('',(1.,0.,0.));
#8102=DIRECTION('',(0.,1.,0.));
#8103=DIRECTION('',(1.,0.,0.));
#8104=DIRECTION('',(-1.,0.,0.));
#8105=DIRECTION('',(0.,0.,1.));
#8106=DIRECTION('',(0.,0.,1.));
#8107=DIRECTION('',(0.,1.,0.));
#8108=DIRECTION('',(0.,0.,1.));
#8109=DIRECTION('',(0.,1.,0.));
#8110=DIRECTION('',(0.,1.,0.));
#8111=DIRECTION('',(0.,0.,1.));
#8112=DIRECTION('',(0.,1.,0.));
#8113=DIRECTION('',(0.,0.,1.));
#8114=DIRECTION('',(0.,-1.,0.));
#8115=DIRECTION('',(1.,0.,0.));
#8116=DIRECTION('',(0.,-1.,0.));
#8117=DIRECTION('',(0.,0.,-1.));
#8118=DIRECTION('',(1.,0.,0.));
#8119=DIRECTION('',(0.,-1.,0.));
#8120=DIRECTION('',(0.,0.,-1.));
#8121=DIRECTION('',(0.,-1.,0.));
#8122=DIRECTION('',(1.,0.,0.));
#8123=DIRECTION('',(1.,0.,0.));
#8124=DIRECTION('',(0.,-1.,0.));
#8125=DIRECTION('',(0.,0.,-1.));
#8126=DIRECTION('',(0.,-1.,0.));
#8127=DIRECTION('',(0.,0.,-1.));
#8128=DIRECTION('',(0.,1.,0.));
#8129=DIRECTION('',(0.,0.,1.));
#8130=DIRECTION('',(0.,1.,0.));
#8131=DIRECTION('',(0.,1.,0.));
#8132=DIRECTION('',(0.,0.,1.));
#8133=DIRECTION('',(0.,1.,0.));
#8134=DIRECTION('',(0.,0.,-1.));
#8135=DIRECTION('',(1.,0.,0.));
#8136=DIRECTION('',(0.,1.,0.));
#8137=DIRECTION('',(1.,0.,0.));
#8138=DIRECTION('',(0.,1.,0.));
#8139=DIRECTION('',(1.,0.,0.));
#8140=DIRECTION('',(0.,1.,0.));
#8141=DIRECTION('',(1.,0.,0.));
#8142=DIRECTION('',(0.,1.,0.));
#8143=DIRECTION('',(1.,0.,0.));
#8144=DIRECTION('',(0.,0.,-1.));
#8145=DIRECTION('',(1.,0.,0.));
#8146=DIRECTION('',(1.,0.,0.));
#8147=DIRECTION('',(0.,1.,0.));
#8148=DIRECTION('',(1.,0.,0.));
#8149=DIRECTION('',(0.,1.,0.));
#8150=DIRECTION('',(1.,0.,0.));
#8151=DIRECTION('',(0.,0.,-1.));
#8152=DIRECTION('',(0.,0.,1.));
#8153=DIRECTION('',(0.,0.,1.));
#8154=DIRECTION('',(0.,-1.,0.));
#8155=DIRECTION('',(0.,0.,-1.));
#8156=DIRECTION('',(0.,0.,1.));
#8157=DIRECTION('',(1.,0.,0.));
#8158=DIRECTION('',(0.,0.,-1.));
#8159=DIRECTION('',(0.,0.,1.));
#8160=DIRECTION('',(0.,-1.,0.));
#8161=DIRECTION('',(0.,0.,-1.));
#8162=DIRECTION('',(0.,-1.,0.));
#8163=DIRECTION('',(0.,0.,-1.));
#8164=DIRECTION('',(0.,0.,1.));
#8165=DIRECTION('',(1.,0.,0.));
#8166=DIRECTION('',(0.,0.,1.));
#8167=DIRECTION('',(1.,0.,0.));
#8168=DIRECTION('',(0.,0.,-1.));
#8169=DIRECTION('',(0.,1.,0.));
#8170=DIRECTION('',(0.,0.,1.));
#8171=DIRECTION('',(0.,-1.,0.));
#8172=DIRECTION('',(0.,0.,-1.));
#8173=DIRECTION('',(1.,0.,0.));
#8174=DIRECTION('',(0.,0.,1.));
#8175=DIRECTION('',(1.,0.,0.));
#8176=DIRECTION('',(0.,0.,-1.));
#8177=DIRECTION('',(0.,1.,0.));
#8178=DIRECTION('',(0.,0.,-1.));
#8179=DIRECTION('',(1.,0.,0.));
#8180=DIRECTION('',(0.,0.,1.));
#8181=DIRECTION('',(1.,0.,0.));
#8182=DIRECTION('',(0.,0.,1.));
#8183=DIRECTION('',(1.,0.,0.));
#8184=DIRECTION('',(-1.31290106868413E-20,-1.,-9.48501045395401E-20));
#8185=DIRECTION('',(1.,-1.31290106868413E-20,6.24500451351651E-17));
#8186=DIRECTION('',(9.01634579731682E-16,-1.,6.04030706805419E-17));
#8187=DIRECTION('',(-0.249574345840492,-1.66533206245075E-16,0.968355640195425));
#8188=DIRECTION('',(0.,0.,-1.));
#8189=DIRECTION('',(-1.,0.,0.));
#8190=DIRECTION('',(0.,0.,1.));
#8191=DIRECTION('',(1.,0.,0.));
#8192=DIRECTION('',(0.,0.,1.));
#8193=DIRECTION('',(1.,0.,0.));
#8194=DIRECTION('',(0.,0.,-1.));
#8195=DIRECTION('',(-1.,0.,0.));
#8196=DIRECTION('',(0.,0.,1.));
#8197=DIRECTION('',(1.,0.,0.));
#8198=DIRECTION('',(0.,0.,1.));
#8199=DIRECTION('',(1.,0.,0.));
#8200=DIRECTION('',(0.,0.,-1.));
#8201=DIRECTION('',(-1.,0.,0.));
#8202=DIRECTION('',(0.,0.,1.));
#8203=DIRECTION('',(1.,0.,0.));
#8204=DIRECTION('',(0.,0.,1.));
#8205=DIRECTION('',(1.,0.,0.));
#8206=DIRECTION('',(0.,0.,-1.));
#8207=DIRECTION('',(-1.,0.,0.));
#8208=DIRECTION('',(0.,0.,1.));
#8209=DIRECTION('',(1.,0.,0.));
#8210=DIRECTION('',(0.,0.,1.));
#8211=DIRECTION('',(1.,0.,0.));
#8212=DIRECTION('',(0.,0.,-1.));
#8213=DIRECTION('',(-1.,0.,0.));
#8214=DIRECTION('',(0.,0.,1.));
#8215=DIRECTION('',(1.,0.,0.));
#8216=DIRECTION('',(0.,0.,1.));
#8217=DIRECTION('',(1.,0.,0.));
#8218=DIRECTION('',(0.,0.,-1.));
#8219=DIRECTION('',(-1.,0.,0.));
#8220=DIRECTION('',(0.,0.,1.));
#8221=DIRECTION('',(1.,0.,0.));
#8222=DIRECTION('',(0.,0.,1.));
#8223=DIRECTION('',(1.,0.,0.));
#8224=DIRECTION('',(0.,0.,1.));
#8225=DIRECTION('',(1.,0.,0.));
#8226=DIRECTION('',(1.,0.,0.));
#8227=DIRECTION('',(0.5,-0.866025403784439,0.));
#8228=DIRECTION('',(-0.5,-0.866025403784439,0.));
#8229=DIRECTION('',(-1.,0.,0.));
#8230=DIRECTION('',(-0.5,0.866025403784439,0.));
#8231=DIRECTION('',(0.5,0.866025403784439,0.));
#8232=DIRECTION('',(6.07077331925392E-17,-1.,0.));
#8233=DIRECTION('',(1.,0.,0.));
#8234=DIRECTION('',(6.07077331925392E-17,-1.,0.));
#8235=DIRECTION('',(-1.,0.,0.));
#8236=DIRECTION('',(0.5,-0.866025403784439,0.));
#8237=DIRECTION('',(-0.5,-0.866025403784439,0.));
#8238=DIRECTION('',(-1.,3.11296021288263E-16,0.));
#8239=DIRECTION('',(-0.5,0.866025403784439,0.));
#8240=DIRECTION('',(0.5,0.866025403784439,0.));
#8241=DIRECTION('',(1.,0.,0.));
#8242=DIRECTION('',(-0.5,-0.866025403784438,0.));
#8243=DIRECTION('',(-1.,0.,0.));
#8244=DIRECTION('',(-0.5,0.866025403784439,0.));
#8245=DIRECTION('',(0.5,0.866025403784439,0.));
#8246=DIRECTION('',(1.,0.,0.));
#8247=DIRECTION('',(0.5,-0.866025403784439,0.));
#8248=DIRECTION('',(1.,6.07077331925392E-17,0.));
#8249=DIRECTION('',(-6.07077331925392E-17,1.,0.));
#8250=DIRECTION('',(0.,0.,1.));
#8251=DIRECTION('',(6.07077331925392E-17,-1.,0.));
#8252=DIRECTION('',(0.,0.,-1.));
#8253=DIRECTION('',(6.07077331925392E-17,-1.,0.));
#8254=DIRECTION('',(0.,0.,-1.));
#8255=DIRECTION('',(0.,0.,1.));
#8256=DIRECTION('',(6.07077331925392E-17,-1.,0.));
#8257=DIRECTION('',(0.,-1.,0.));
#8258=DIRECTION('',(0.,0.,-1.));
#8259=DIRECTION('',(-1.,0.,0.));
#8260=DIRECTION('',(0.,0.,-1.));
#8261=DIRECTION('',(1.,6.07077331925392E-17,0.));
#8262=DIRECTION('',(-6.07077331925392E-17,1.,0.));
#8263=DIRECTION('',(6.07077331925392E-17,-1.,0.));
#8264=DIRECTION('',(0.,0.,1.));
#8265=DIRECTION('',(6.07077331925392E-17,-1.,0.));
#8266=DIRECTION('',(0.,0.,1.));
#8267=DIRECTION('',(6.07077331925392E-17,-1.,0.));
#8268=DIRECTION('',(0.,0.,-1.));
#8269=DIRECTION('',(0.,-1.,0.));
#8270=DIRECTION('',(0.,0.,-1.));
#8271=DIRECTION('',(-1.,0.,0.));
#8272=DIRECTION('',(-1.,0.,0.));
#8273=DIRECTION('',(0.,0.,1.));
#8274=DIRECTION('',(1.,0.,0.));
#8275=DIRECTION('',(0.,0.,1.));
#8276=DIRECTION('',(1.,0.,0.));
#8277=DIRECTION('',(1.,0.,0.));
#8278=DIRECTION('',(1.,0.,0.));
#8279=DIRECTION('',(0.,0.,-1.));
#8280=DIRECTION('',(-1.,0.,0.));
#8281=DIRECTION('',(0.,0.,1.));
#8282=DIRECTION('',(1.,0.,0.));
#8283=DIRECTION('',(0.,0.,1.));
#8284=DIRECTION('',(1.,0.,0.));
#8285=DIRECTION('',(0.,-1.,0.));
#8286=DIRECTION('',(0.,0.,-1.));
#8287=DIRECTION('',(1.,0.,0.));
#8288=DIRECTION('',(0.,0.,1.));
#8289=DIRECTION('',(1.,0.,0.));
#8290=DIRECTION('',(1.,0.,0.));
#8291=DIRECTION('',(0.5,-0.866025403784439,0.));
#8292=DIRECTION('',(-0.5,-0.866025403784439,0.));
#8293=DIRECTION('',(-1.,0.,0.));
#8294=DIRECTION('',(-0.5,0.866025403784438,0.));
#8295=DIRECTION('',(0.5,0.866025403784439,0.));
#8296=DIRECTION('',(1.,0.,0.));
#8297=DIRECTION('',(0.5,-0.866025403784439,0.));
#8298=DIRECTION('',(-0.5,-0.866025403784439,0.));
#8299=DIRECTION('',(-1.,0.,0.));
#8300=DIRECTION('',(-0.5,0.866025403784439,0.));
#8301=DIRECTION('',(0.5,0.866025403784439,0.));
#8302=DIRECTION('',(0.5,0.866025403784439,0.));
#8303=DIRECTION('',(1.,0.,0.));
#8304=DIRECTION('',(0.5,-0.866025403784439,0.));
#8305=DIRECTION('',(-0.5,-0.866025403784439,0.));
#8306=DIRECTION('',(-1.,-3.11296021288263E-16,0.));
#8307=DIRECTION('',(-0.5,0.866025403784439,0.));
#8308=DIRECTION('',(0.,-1.,0.));
#8309=DIRECTION('',(0.,0.,-1.));
#8310=DIRECTION('',(-0.866025403784439,0.5,0.));
#8311=DIRECTION('',(-0.5,-0.866025403784439,0.));
#8312=DIRECTION('',(0.,0.,1.));
#8313=DIRECTION('',(-0.5,-0.866025403784439,0.));
#8314=DIRECTION('',(0.,0.,1.));
#8315=DIRECTION('',(-0.866025403784439,-0.5,0.));
#8316=DIRECTION('',(0.5,-0.866025403784439,0.));
#8317=DIRECTION('',(0.,0.,1.));
#8318=DIRECTION('',(0.5,-0.866025403784439,0.));
#8319=DIRECTION('',(0.,-1.,0.));
#8320=DIRECTION('',(0.,0.,-1.));
#8321=DIRECTION('',(0.,0.,1.));
#8322=DIRECTION('',(1.,0.,0.));
#8323=DIRECTION('',(0.866025403784439,-0.5,0.));
#8324=DIRECTION('',(0.5,0.866025403784439,0.));
#8325=DIRECTION('',(0.,0.,1.));
#8326=DIRECTION('',(0.5,0.866025403784439,0.));
#8327=DIRECTION('',(0.866025403784439,0.5,0.));
#8328=DIRECTION('',(-0.5,0.866025403784439,0.));
#8329=DIRECTION('',(0.,0.,1.));
#8330=DIRECTION('',(-0.5,0.866025403784439,0.));
#8331=DIRECTION('',(3.11296021288264E-16,1.,0.));
#8332=DIRECTION('',(-1.,3.11296021288264E-16,0.));
#8333=DIRECTION('',(-1.,3.11296021288263E-16,0.));
#8334=DIRECTION('',(0.,0.,1.));
#8335=DIRECTION('',(1.,0.,0.));
#8336=DIRECTION('',(-0.866025403784439,-0.5,0.));
#8337=DIRECTION('',(0.5,-0.866025403784439,0.));
#8338=DIRECTION('',(0.,0.,1.));
#8339=DIRECTION('',(0.5,-0.866025403784439,0.));
#8340=DIRECTION('',(0.,0.,1.));
#8341=DIRECTION('',(0.,-1.,0.));
#8342=DIRECTION('',(0.,0.,-1.));
#8343=DIRECTION('',(0.,0.,1.));
#8344=DIRECTION('',(1.,0.,0.));
#8345=DIRECTION('',(0.866025403784439,-0.5,0.));
#8346=DIRECTION('',(0.5,0.866025403784439,0.));
#8347=DIRECTION('',(0.,0.,1.));
#8348=DIRECTION('',(0.5,0.866025403784439,0.));
#8349=DIRECTION('',(0.866025403784439,0.5,0.));
#8350=DIRECTION('',(-0.5,0.866025403784439,0.));
#8351=DIRECTION('',(0.,0.,1.));
#8352=DIRECTION('',(-0.5,0.866025403784439,0.));
#8353=DIRECTION('',(0.,1.,0.));
#8354=DIRECTION('',(0.,0.,1.));
#8355=DIRECTION('',(0.,0.,1.));
#8356=DIRECTION('',(-1.,0.,0.));
#8357=DIRECTION('',(-0.866025403784439,0.5,0.));
#8358=DIRECTION('',(-0.5,-0.866025403784439,0.));
#8359=DIRECTION('',(-0.5,-0.866025403784439,0.));
#8360=DIRECTION('',(0.,0.,1.));
#8361=DIRECTION('',(1.,0.,0.));
#8362=DIRECTION('',(0.,1.,0.));
#8363=DIRECTION('',(0.,0.,1.));
#8364=DIRECTION('',(0.,0.,1.));
#8365=DIRECTION('',(-1.,0.,0.));
#8366=DIRECTION('',(0.,0.,1.));
#8367=DIRECTION('',(-0.866025403784439,0.5,0.));
#8368=DIRECTION('',(-0.5,-0.866025403784439,0.));
#8369=DIRECTION('',(0.,0.,1.));
#8370=DIRECTION('',(-0.5,-0.866025403784438,0.));
#8371=DIRECTION('',(-0.866025403784439,-0.5,0.));
#8372=DIRECTION('',(0.5,-0.866025403784439,0.));
#8373=DIRECTION('',(0.,0.,1.));
#8374=DIRECTION('',(0.5,-0.866025403784439,0.));
#8375=DIRECTION('',(0.,-1.,0.));
#8376=DIRECTION('',(0.,0.,-1.));
#8377=DIRECTION('',(0.,0.,1.));
#8378=DIRECTION('',(1.,0.,0.));
#8379=DIRECTION('',(0.866025403784439,-0.5,0.));
#8380=DIRECTION('',(0.5,0.866025403784439,0.));
#8381=DIRECTION('',(0.,0.,1.));
#8382=DIRECTION('',(0.5,0.866025403784439,0.));
#8383=DIRECTION('',(0.866025403784439,0.5,0.));
#8384=DIRECTION('',(-0.5,0.866025403784439,0.));
#8385=DIRECTION('',(-0.5,0.866025403784439,0.));
#8386=DIRECTION('',(0.,0.,1.));
#8387=DIRECTION('',(1.,0.,0.));
#8388=DIRECTION('',(0.866025403784439,-0.5,0.));
#8389=DIRECTION('',(0.5,0.866025403784439,0.));
#8390=DIRECTION('',(0.,0.,1.));
#8391=DIRECTION('',(0.5,0.866025403784439,0.));
#8392=DIRECTION('',(0.,0.,1.));
#8393=DIRECTION('',(0.866025403784439,0.5,0.));
#8394=DIRECTION('',(-0.5,0.866025403784439,0.));
#8395=DIRECTION('',(0.,0.,1.));
#8396=DIRECTION('',(-0.5,0.866025403784439,0.));
#8397=DIRECTION('',(-3.11296021288264E-16,1.,0.));
#8398=DIRECTION('',(-1.,-3.11296021288264E-16,0.));
#8399=DIRECTION('',(0.,0.,1.));
#8400=DIRECTION('',(-1.,-3.11296021288263E-16,0.));
#8401=DIRECTION('',(-0.866025403784439,0.5,0.));
#8402=DIRECTION('',(-0.5,-0.866025403784439,0.));
#8403=DIRECTION('',(0.,0.,1.));
#8404=DIRECTION('',(-0.5,-0.866025403784439,0.));
#8405=DIRECTION('',(-0.866025403784439,-0.5,0.));
#8406=DIRECTION('',(0.5,-0.866025403784439,0.));
#8407=DIRECTION('',(0.,0.,1.));
#8408=DIRECTION('',(0.5,-0.866025403784439,0.));
#8409=DIRECTION('',(0.,-1.,0.));
#8410=DIRECTION('',(0.,0.,-1.));
#8411=DIRECTION('',(1.,0.,0.));
#8412=DIRECTION('',(0.,0.,1.));
#8413=DIRECTION('',(1.,0.,0.));
#8414=DIRECTION('',(0.,-1.,0.));
#8415=DIRECTION('',(0.,0.,-1.));
#8416=DIRECTION('',(0.,0.,1.));
#8417=DIRECTION('',(1.,0.,0.));
#8418=DIRECTION('',(0.,0.,1.));
#8419=DIRECTION('',(0.866025403784439,-0.5,0.));
#8420=DIRECTION('',(0.5,0.866025403784439,0.));
#8421=DIRECTION('',(0.,0.,1.));
#8422=DIRECTION('',(0.5,0.866025403784439,0.));
#8423=DIRECTION('',(0.866025403784439,0.5,0.));
#8424=DIRECTION('',(-0.5,0.866025403784439,0.));
#8425=DIRECTION('',(0.,0.,1.));
#8426=DIRECTION('',(-0.5,0.866025403784439,0.));
#8427=DIRECTION('',(0.,1.,0.));
#8428=DIRECTION('',(0.,0.,1.));
#8429=DIRECTION('',(0.,0.,1.));
#8430=DIRECTION('',(-1.,0.,0.));
#8431=DIRECTION('',(-0.866025403784439,0.5,0.));
#8432=DIRECTION('',(-0.5,-0.866025403784439,0.));
#8433=DIRECTION('',(0.,0.,1.));
#8434=DIRECTION('',(-0.5,-0.866025403784439,0.));
#8435=DIRECTION('',(-0.866025403784439,-0.5,0.));
#8436=DIRECTION('',(0.5,-0.866025403784439,0.));
#8437=DIRECTION('',(0.5,-0.866025403784439,0.));
#8438=DIRECTION('',(0.,0.,1.));
#8439=DIRECTION('',(1.,0.,0.));
#8440=DIRECTION('',(0.,-1.,0.));
#8441=DIRECTION('',(0.,0.,-1.));
#8442=DIRECTION('',(0.,0.,1.));
#8443=DIRECTION('',(1.,0.,0.));
#8444=DIRECTION('',(0.,0.,1.));
#8445=DIRECTION('',(0.866025403784439,-0.5,0.));
#8446=DIRECTION('',(0.5,0.866025403784439,0.));
#8447=DIRECTION('',(0.,0.,1.));
#8448=DIRECTION('',(0.5,0.866025403784439,0.));
#8449=DIRECTION('',(0.866025403784439,0.5,0.));
#8450=DIRECTION('',(-0.5,0.866025403784439,0.));
#8451=DIRECTION('',(0.,0.,1.));
#8452=DIRECTION('',(-0.5,0.866025403784438,0.));
#8453=DIRECTION('',(0.,1.,0.));
#8454=DIRECTION('',(0.,0.,1.));
#8455=DIRECTION('',(0.,0.,1.));
#8456=DIRECTION('',(-1.,0.,0.));
#8457=DIRECTION('',(-0.866025403784439,0.5,0.));
#8458=DIRECTION('',(-0.5,-0.866025403784439,0.));
#8459=DIRECTION('',(0.,0.,1.));
#8460=DIRECTION('',(-0.5,-0.866025403784439,0.));
#8461=DIRECTION('',(-0.866025403784439,-0.5,0.));
#8462=DIRECTION('',(0.5,-0.866025403784439,0.));
#8463=DIRECTION('',(0.5,-0.866025403784439,0.));
#8464=DIRECTION('',(0.,0.,1.));
#8465=DIRECTION('',(1.,0.,0.));
#8466=DIRECTION('',(1.10646178713129E-18,1.,3.32224766913134E-16));
#8467=DIRECTION('',(-0.999922130066231,-3.03956855814271E-18,0.0124793350709219));
#8468=DIRECTION('',(-4.49747480328552E-17,1.,6.6588694284881E-16));
#8469=DIRECTION('',(-0.999922130066231,-5.32810721313671E-17,0.0124793350709225));
#8470=DIRECTION('',(-4.49747480328552E-17,1.,6.6588694284881E-16));
#8471=DIRECTION('',(-0.999922130066231,-5.32810721313671E-17,0.0124793350709225));
#8472=DIRECTION('',(-4.49747480328552E-17,1.,6.6588694284881E-16));
#8473=DIRECTION('',(-0.999922130066231,-5.32810721313671E-17,0.0124793350709225));
#8474=DIRECTION('',(-4.49747480328552E-17,1.,6.6588694284881E-16));
#8475=DIRECTION('',(-0.999922130066231,-5.32810721313671E-17,0.0124793350709225));
#8476=DIRECTION('',(-4.49747480328552E-17,1.,6.6588694284881E-16));
#8477=DIRECTION('',(-0.999922130066231,-5.32810721313671E-17,0.0124793350709225));
#8478=DIRECTION('',(-4.49747480328552E-17,1.,6.6588694284881E-16));
#8479=DIRECTION('',(-0.999922130066231,-5.32810721313671E-17,0.0124793350709225));
#8480=DIRECTION('',(0.,0.,1.));
#8481=DIRECTION('',(1.,0.,0.));
#8482=DIRECTION('',(-1.,0.,0.));
#8483=DIRECTION('',(0.,0.,1.));
#8484=DIRECTION('',(1.,0.,0.));
#8485=DIRECTION('',(1.,0.,0.));
#8486=DIRECTION('',(0.,0.,-1.));
#8487=DIRECTION('',(-1.,0.,0.));
#8488=DIRECTION('',(1.,0.,0.));
#8489=DIRECTION('',(0.,0.,-1.));
#8490=DIRECTION('',(1.,0.,0.));
#8491=DIRECTION('',(1.,0.,0.));
#8492=DIRECTION('',(0.,0.,-1.));
#8493=DIRECTION('',(-1.,0.,0.));
#8494=DIRECTION('',(1.,0.,0.));
#8495=DIRECTION('',(0.,0.,-1.));
#8496=DIRECTION('',(0.,0.,1.));
#8497=DIRECTION('',(0.,0.,1.));
#8498=DIRECTION('',(0.,1.,0.));
#8499=DIRECTION('',(0.,0.,1.));
#8500=DIRECTION('',(0.,0.,-1.));
#8501=DIRECTION('',(0.,1.,0.));
#8502=DIRECTION('',(0.,0.,1.));
#8503=DIRECTION('',(0.,0.,-1.));
#8504=DIRECTION('',(0.,0.,-1.));
#8505=DIRECTION('',(-1.,0.,0.));
#8506=DIRECTION('',(0.,0.,1.));
#8507=DIRECTION('',(1.,0.,0.));
#8508=DIRECTION('',(0.,0.,-1.));
#8509=DIRECTION('',(-1.,0.,0.));
#8510=DIRECTION('',(0.,0.,1.));
#8511=DIRECTION('',(1.,0.,0.));
#8512=DIRECTION('',(0.,0.,-1.));
#8513=DIRECTION('',(-1.,0.,0.));
#8514=DIRECTION('',(0.,0.,-1.));
#8515=DIRECTION('',(-1.,0.,0.));
#8516=DIRECTION('',(0.,0.,1.));
#8517=DIRECTION('',(1.,0.,0.));
#8518=DIRECTION('',(0.,0.,1.));
#8519=DIRECTION('',(1.,0.,0.));
#8520=DIRECTION('',(0.,0.,1.));
#8521=DIRECTION('',(1.,0.,0.));
#8522=DIRECTION('',(0.,0.,1.));
#8523=DIRECTION('',(1.,0.,0.));
#8524=DIRECTION('',(0.,0.,1.));
#8525=DIRECTION('',(1.,0.,0.));
#8526=DIRECTION('',(0.,0.,1.));
#8527=DIRECTION('',(1.,0.,0.));
#8528=DIRECTION('',(0.,0.,1.));
#8529=DIRECTION('',(1.,0.,0.));
#8530=DIRECTION('',(0.,0.,1.));
#8531=DIRECTION('',(1.,0.,0.));
#8532=DIRECTION('',(0.,0.,1.));
#8533=DIRECTION('',(1.,0.,0.));
#8534=DIRECTION('',(0.,0.,-1.));
#8535=DIRECTION('',(-1.,0.,0.));
#8536=DIRECTION('',(0.,0.,1.));
#8537=DIRECTION('',(1.,0.,0.));
#8538=DIRECTION('',(0.,0.,1.));
#8539=DIRECTION('',(1.,0.,0.));
#8540=DIRECTION('',(0.,0.,1.));
#8541=DIRECTION('',(1.,0.,0.));
#8542=DIRECTION('',(0.,0.,-1.));
#8543=DIRECTION('',(-1.,0.,0.));
#8544=DIRECTION('',(0.,0.,-1.));
#8545=DIRECTION('',(-1.,0.,0.));
#8546=DIRECTION('',(0.,0.,-1.));
#8547=DIRECTION('',(-1.,0.,0.));
#8548=DIRECTION('',(0.,0.,-1.));
#8549=DIRECTION('',(-1.,0.,0.));
#8550=DIRECTION('',(0.,0.,-1.));
#8551=DIRECTION('',(-1.,0.,0.));
#8552=DIRECTION('',(0.,0.,-1.));
#8553=DIRECTION('',(-1.,0.,0.));
#8554=DIRECTION('',(0.,0.,-1.));
#8555=DIRECTION('',(-1.,0.,0.));
#8556=DIRECTION('',(0.,0.,-1.));
#8557=DIRECTION('',(-1.,0.,0.));
#8558=DIRECTION('',(0.,0.,-1.));
#8559=DIRECTION('',(-1.,0.,0.));
#8560=DIRECTION('',(0.,0.,-1.));
#8561=DIRECTION('',(1.,0.,0.));
#8562=DIRECTION('',(0.,0.,-1.));
#8563=DIRECTION('',(-1.,0.,0.));
#8564=DIRECTION('',(0.,0.,-1.));
#8565=DIRECTION('',(-1.,0.,0.));
#8566=DIRECTION('',(0.,0.,-1.));
#8567=DIRECTION('',(1.,0.,0.));
#8568=DIRECTION('',(0.,0.,-1.));
#8569=DIRECTION('',(-1.,0.,0.));
#8570=DIRECTION('',(0.,0.,-1.));
#8571=DIRECTION('',(1.,0.,0.));
#8572=DIRECTION('',(0.,0.,-1.));
#8573=DIRECTION('',(-1.,0.,0.));
#8574=DIRECTION('',(0.,0.,1.));
#8575=DIRECTION('',(-1.,0.,0.));
#8576=DIRECTION('',(0.,0.,1.));
#8577=DIRECTION('',(1.,0.,0.));
#8578=DIRECTION('',(0.,0.,1.));
#8579=DIRECTION('',(-1.,0.,0.));
#8580=DIRECTION('',(0.,0.,1.));
#8581=DIRECTION('',(1.,0.,0.));
#8582=DIRECTION('',(0.,0.,1.));
#8583=DIRECTION('',(1.,0.,0.));
#8584=DIRECTION('',(0.,0.,1.));
#8585=DIRECTION('',(1.,0.,0.));
#8586=DIRECTION('',(0.,0.,1.));
#8587=DIRECTION('',(1.,0.,0.));
#8588=DIRECTION('',(0.,0.,1.));
#8589=DIRECTION('',(1.,0.,0.));
#8590=DIRECTION('',(0.,0.,1.));
#8591=DIRECTION('',(1.,0.,0.));
#8592=DIRECTION('',(0.,0.,1.));
#8593=DIRECTION('',(1.,0.,0.));
#8594=DIRECTION('',(0.,0.,1.));
#8595=DIRECTION('',(1.,0.,0.));
#8596=DIRECTION('',(0.,0.,1.));
#8597=DIRECTION('',(1.,0.,0.));
#8598=DIRECTION('',(0.,0.,1.));
#8599=DIRECTION('',(1.,0.,0.));
#8600=DIRECTION('',(0.,0.,1.));
#8601=DIRECTION('',(1.,0.,0.));
#8602=DIRECTION('',(0.,0.,1.));
#8603=DIRECTION('',(1.,0.,0.));
#8604=DIRECTION('',(0.,0.,-1.));
#8605=DIRECTION('',(-1.,0.,0.));
#8606=DIRECTION('',(0.,0.,1.));
#8607=DIRECTION('',(1.,0.,0.));
#8608=DIRECTION('',(0.,0.,-1.));
#8609=DIRECTION('',(-1.,0.,0.));
#8610=DIRECTION('',(0.,0.,1.));
#8611=DIRECTION('',(1.,0.,0.));
#8612=DIRECTION('',(0.,0.,-1.));
#8613=DIRECTION('',(-1.,0.,0.));
#8614=DIRECTION('',(-1.31290106868413E-20,-1.,-9.48501045395401E-20));
#8615=DIRECTION('',(1.,-1.31290106868413E-20,6.24500451351651E-17));
#8616=DIRECTION('',(0.,0.,1.));
#8617=DIRECTION('',(1.,0.,0.));
#8618=DIRECTION('',(6.24500451351651E-17,8.80914265144457E-20,-1.));
#8619=DIRECTION('',(1.,-1.31290106868495E-20,6.24500451351651E-17));
#8620=CARTESIAN_POINT('',(0.,0.,0.));
#8621=CARTESIAN_POINT('',(0.,0.0047625,0.0015875));
#8622=CARTESIAN_POINT('',(-0.0027496306570156,0.0047625,-0.00116213065701561));
#8623=CARTESIAN_POINT('',(-0.00185522035727554,0.0047625,-0.00142032467067606));
#8624=CARTESIAN_POINT('',(-0.000929284723011523,0.0047625,-0.0015875));
#8625=CARTESIAN_POINT('',(-2.27501799139748E-18,0.0047625,-0.0015875));
#8626=CARTESIAN_POINT('',(-0.0027496306570156,0.0047625,-0.00116213065701559));
#8627=CARTESIAN_POINT('',(0.,0.0047625,-0.0015875));
#8628=CARTESIAN_POINT('',(-0.0027496306570156,0.0047625,0.0015875));
#8629=CARTESIAN_POINT('',(-0.0027496306570156,0.0047625,0.00116213065701559));
#8630=CARTESIAN_POINT('',(-0.0027496306570156,0.0047625,0.00116213065701561));
#8631=CARTESIAN_POINT('',(-0.00185522035727554,0.0047625,0.00142032467067606));
#8632=CARTESIAN_POINT('',(-0.000929284723011523,0.0047625,0.0015875));
#8633=CARTESIAN_POINT('',(-2.69852350488151E-18,0.0047625,0.0015875));
#8634=CARTESIAN_POINT('',(0.,0.0047625,0.0015875));
#8635=CARTESIAN_POINT('',(-8.03565801433395E-20,0.0047625,0.0015875));
#8636=CARTESIAN_POINT('',(0.000929836843837645,0.0047625,0.0015875));
#8637=CARTESIAN_POINT('',(0.00186043076126006,0.0047625,0.00141882055660452));
#8638=CARTESIAN_POINT('',(0.00274963065701559,0.0047625,0.00116213065701559));
#8639=CARTESIAN_POINT('',(0.00274963065701559,0.0047625,0.00116213065701559));
#8640=CARTESIAN_POINT('',(0.00274963065701559,0.0047625,0.0015875));
#8641=CARTESIAN_POINT('',(0.00274963065701559,0.0047625,-0.00116213065701559));
#8642=CARTESIAN_POINT('',(3.43167958494774E-19,0.0047625,-0.0015875));
#8643=CARTESIAN_POINT('',(0.000929836843837646,0.0047625,-0.0015875));
#8644=CARTESIAN_POINT('',(0.00186043076126006,0.0047625,-0.00141882055660452));
#8645=CARTESIAN_POINT('',(0.00274963065701559,0.0047625,-0.00116213065701559));
#8646=CARTESIAN_POINT('',(-0.00412444598552339,0.00238125,0.0015875));
#8647=CARTESIAN_POINT('',(-0.00549926131403124,-9.40399072924427E-17,-0.00116213065701632));
#8648=CARTESIAN_POINT('',(-0.0050494585492244,0.000779081242030302,-0.00142182440435979));
#8649=CARTESIAN_POINT('',(-0.00459290248493403,0.00156985954188491,-0.0015875));
#8650=CARTESIAN_POINT('',(-0.00412444598552339,0.00238125,-0.0015875));
#8651=CARTESIAN_POINT('',(-0.00549926131403119,-1.7347234759768E-18,-0.00116213065701559));
#8652=CARTESIAN_POINT('',(-0.00412444598552339,0.00238125,-0.0015875));
#8653=CARTESIAN_POINT('',(-0.00549926131403119,-1.49077798716757E-19,0.0015875));
#8654=CARTESIAN_POINT('',(-0.00549926131403119,-1.7347234759768E-18,0.00116213065701559));
#8655=CARTESIAN_POINT('',(-0.00549926131403124,-9.3926775454425E-17,0.00116213065701632));
#8656=CARTESIAN_POINT('',(-0.0050494585492244,0.000779081242030302,0.00142182440435979));
#8657=CARTESIAN_POINT('',(-0.00459290248493403,0.00156985954188491,0.0015875));
#8658=CARTESIAN_POINT('',(-0.00412444598552339,0.00238125,0.0015875));
#8659=CARTESIAN_POINT('',(-0.00412444598552339,0.00238125,0.0015875));
#8660=CARTESIAN_POINT('',(-0.00412444598552339,0.00238125,0.0015875));
#8661=CARTESIAN_POINT('',(-0.00365774038815815,0.00318960780681338,0.0015875));
#8662=CARTESIAN_POINT('',(-0.0031983107357089,0.00398536330735919,0.00142117622122959));
#8663=CARTESIAN_POINT('',(-0.00274963065701556,0.00476250000000005,0.00116213065701596));
#8664=CARTESIAN_POINT('',(-0.00412444598552339,0.00238125,-0.0015875));
#8665=CARTESIAN_POINT('',(-0.00365774038815815,0.00318960780681338,-0.0015875));
#8666=CARTESIAN_POINT('',(-0.0031983107357089,0.00398536330735919,-0.00142117622122959));
#8667=CARTESIAN_POINT('',(-0.00274963065701556,0.00476250000000005,-0.00116213065701596));
#8668=CARTESIAN_POINT('',(-0.00412444598552339,-0.00238125,0.0015875));
#8669=CARTESIAN_POINT('',(-0.00274963065701554,-0.00476250000000009,-0.00116213065701632));
#8670=CARTESIAN_POINT('',(-0.00319943342182238,-0.0039834187579697,-0.0014218244043598));
#8671=CARTESIAN_POINT('',(-0.00365598948611275,-0.00319264045811509,-0.0015875));
#8672=CARTESIAN_POINT('',(-0.00412444598552339,-0.00238125,-0.0015875));
#8673=CARTESIAN_POINT('',(-0.0027496306570156,-0.0047625,-0.00116213065701559));
#8674=CARTESIAN_POINT('',(-0.00412444598552339,-0.00238125,-0.0015875));
#8675=CARTESIAN_POINT('',(-0.00274963065701559,-0.0047625,0.0015875));
#8676=CARTESIAN_POINT('',(-0.0027496306570156,-0.0047625,0.00116213065701559));
#8677=CARTESIAN_POINT('',(-0.00274963065701554,-0.00476250000000009,0.00116213065701632));
#8678=CARTESIAN_POINT('',(-0.00319943342182238,-0.0039834187579697,0.0014218244043598));
#8679=CARTESIAN_POINT('',(-0.00365598948611275,-0.00319264045811509,0.0015875));
#8680=CARTESIAN_POINT('',(-0.00412444598552339,-0.00238125,0.0015875));
#8681=CARTESIAN_POINT('',(-0.00412444598552339,-0.00238125,0.0015875));
#8682=CARTESIAN_POINT('',(-0.00412444598552339,-0.00238125,0.0015875));
#8683=CARTESIAN_POINT('',(-0.00459115158288863,-0.00157289219318662,0.0015875));
#8684=CARTESIAN_POINT('',(-0.00505058123533788,-0.000777136692640811,0.00142117622122959));
#8685=CARTESIAN_POINT('',(-0.00549926131403122,5.2548005402226E-17,0.00116213065701596));
#8686=CARTESIAN_POINT('',(-0.00412444598552339,-0.00238125,-0.0015875));
#8687=CARTESIAN_POINT('',(-0.00459115158288863,-0.00157289219318662,-0.0015875));
#8688=CARTESIAN_POINT('',(-0.00505058123533788,-0.00077713669264081,-0.00142117622122959));
#8689=CARTESIAN_POINT('',(-0.00549926131403122,5.37668163301535E-17,-0.00116213065701596));
#8690=CARTESIAN_POINT('',(3.03576608295941E-18,-0.0047625,0.0015875));
#8691=CARTESIAN_POINT('',(-8.52017942851688E-19,-0.0047625,-0.0015875));
#8692=CARTESIAN_POINT('',(0.000929836843837645,-0.0047625,-0.0015875));
#8693=CARTESIAN_POINT('',(0.00186043076126006,-0.0047625,-0.00141882055660452));
#8694=CARTESIAN_POINT('',(0.00274963065701559,-0.0047625,-0.00116213065701559));
#8695=CARTESIAN_POINT('',(0.00274963065701559,-0.0047625,-0.00116213065701559));
#8696=CARTESIAN_POINT('',(0.,-0.0047625,-0.0015875));
#8697=CARTESIAN_POINT('',(0.0027496306570156,-0.0047625,0.0015875));
#8698=CARTESIAN_POINT('',(0.00274963065701559,-0.0047625,0.00116213065701559));
#8699=CARTESIAN_POINT('',(4.625776837713E-19,-0.0047625,0.0015875));
#8700=CARTESIAN_POINT('',(0.000929836843837646,-0.0047625,0.0015875));
#8701=CARTESIAN_POINT('',(0.00186043076126006,-0.0047625,0.00141882055660452));
#8702=CARTESIAN_POINT('',(0.00274963065701559,-0.0047625,0.00116213065701559));
#8703=CARTESIAN_POINT('',(0.,-0.0047625,0.0015875));
#8704=CARTESIAN_POINT('',(-0.0027496306570156,-0.0047625,0.00116213065701561));
#8705=CARTESIAN_POINT('',(-0.00185522035727554,-0.0047625,0.00142032467067606));
#8706=CARTESIAN_POINT('',(-0.000929284723011522,-0.0047625,0.0015875));
#8707=CARTESIAN_POINT('',(-1.72190837197267E-18,-0.0047625,0.0015875));
#8708=CARTESIAN_POINT('',(-0.0027496306570156,-0.0047625,-0.00116213065701561));
#8709=CARTESIAN_POINT('',(-0.00185522035727554,-0.0047625,-0.00142032467067606));
#8710=CARTESIAN_POINT('',(-0.000929284723011524,-0.0047625,-0.0015875));
#8711=CARTESIAN_POINT('',(-3.03735335529673E-18,-0.0047625,-0.0015875));
#8712=CARTESIAN_POINT('',(0.00412444598552339,-0.00238125,0.0015875));
#8713=CARTESIAN_POINT('',(0.00549926131403124,9.69445784832022E-17,-0.00116213065701632));
#8714=CARTESIAN_POINT('',(0.0050494585492244,-0.0007790812420303,-0.00142182440435979));
#8715=CARTESIAN_POINT('',(0.00459290248493403,-0.00156985954188491,-0.0015875));
#8716=CARTESIAN_POINT('',(0.00412444598552339,-0.00238125,-0.0015875));
#8717=CARTESIAN_POINT('',(0.00549926131403119,5.63785129692462E-18,-0.00116213065701559));
#8718=CARTESIAN_POINT('',(0.00412444598552339,-0.00238125,-0.0015875));
#8719=CARTESIAN_POINT('',(0.00549926131403119,2.31748214368776E-18,0.0015875));
#8720=CARTESIAN_POINT('',(0.00549926131403119,2.31748214368776E-18,0.00116213065701559));
#8721=CARTESIAN_POINT('',(0.00549926131403124,9.41631778832284E-17,0.00116213065701632));
#8722=CARTESIAN_POINT('',(0.0050494585492244,-0.000779081242030301,0.00142182440435979));
#8723=CARTESIAN_POINT('',(0.00459290248493403,-0.00156985954188491,0.0015875));
#8724=CARTESIAN_POINT('',(0.00412444598552339,-0.00238125,0.0015875));
#8725=CARTESIAN_POINT('',(0.00412444598552339,-0.00238125,0.0015875));
#8726=CARTESIAN_POINT('',(0.00412444598552339,-0.00238125,0.0015875));
#8727=CARTESIAN_POINT('',(0.00365774038815815,-0.00318960780681338,0.0015875));
#8728=CARTESIAN_POINT('',(0.0031983107357089,-0.00398536330735919,0.00142117622122959));
#8729=CARTESIAN_POINT('',(0.00274963065701556,-0.00476250000000005,0.00116213065701596));
#8730=CARTESIAN_POINT('',(0.00412444598552339,-0.00238125,-0.0015875));
#8731=CARTESIAN_POINT('',(0.00365774038815815,-0.00318960780681338,-0.0015875));
#8732=CARTESIAN_POINT('',(0.0031983107357089,-0.00398536330735919,-0.00142117622122959));
#8733=CARTESIAN_POINT('',(0.00274963065701556,-0.00476250000000005,-0.00116213065701596));
#8734=CARTESIAN_POINT('',(0.00412444598552339,0.00238125,0.0015875));
#8735=CARTESIAN_POINT('',(0.00274963065701554,0.00476250000000009,-0.00116213065701632));
#8736=CARTESIAN_POINT('',(0.00319943342182238,0.0039834187579697,-0.00142182440435979));
#8737=CARTESIAN_POINT('',(0.00365598948611275,0.00319264045811509,-0.0015875));
#8738=CARTESIAN_POINT('',(0.00412444598552339,0.00238125,-0.0015875));
#8739=CARTESIAN_POINT('',(0.00412444598552339,0.00238125,-0.0015875));
#8740=CARTESIAN_POINT('',(0.00274963065701554,0.00476250000000009,0.00116213065701632));
#8741=CARTESIAN_POINT('',(0.00319943342182238,0.0039834187579697,0.00142182440435979));
#8742=CARTESIAN_POINT('',(0.00365598948611275,0.00319264045811509,0.0015875));
#8743=CARTESIAN_POINT('',(0.00412444598552339,0.00238125,0.0015875));
#8744=CARTESIAN_POINT('',(0.00412444598552339,0.00238125,0.0015875));
#8745=CARTESIAN_POINT('',(0.00412444598552339,0.00238125,0.0015875));
#8746=CARTESIAN_POINT('',(0.00459115158288863,0.00157289219318662,0.0015875));
#8747=CARTESIAN_POINT('',(0.00505058123533788,0.000777136692640811,0.00142117622122959));
#8748=CARTESIAN_POINT('',(0.00549926131403122,-5.3294862641397E-17,0.00116213065701596));
#8749=CARTESIAN_POINT('',(0.00412444598552339,0.00238125,-0.0015875));
#8750=CARTESIAN_POINT('',(0.00459115158288863,0.00157289219318662,-0.0015875));
#8751=CARTESIAN_POINT('',(0.00505058123533788,0.00077713669264081,-0.00142117622122959));
#8752=CARTESIAN_POINT('',(0.00549926131403122,-5.29191845041357E-17,-0.00116213065701596));
#8753=CARTESIAN_POINT('',(0.,0.,0.0015875));
#8754=CARTESIAN_POINT('',(0.,1.21313511923537E-19,0.0015875));
#8755=CARTESIAN_POINT('',(0.002413,1.21313511923537E-19,0.0015875));
#8756=CARTESIAN_POINT('',(0.,0.,0.0015875));
#8757=CARTESIAN_POINT('',(0.,0.,0.0015875));
#8758=CARTESIAN_POINT('',(0.,0.,0.0015875));
#8759=CARTESIAN_POINT('',(0.,0.,0.0015875));
#8760=CARTESIAN_POINT('',(0.,0.,0.0015875));
#8761=CARTESIAN_POINT('',(0.,0.,0.0015875));
#8762=CARTESIAN_POINT('',(0.,1.21313511923537E-19,0.0015875));
#8763=CARTESIAN_POINT('',(0.,1.21313511923537E-19,-0.0011557));
#8764=CARTESIAN_POINT('',(0.0019812,1.21313511923537E-19,-0.0011557));
#8765=CARTESIAN_POINT('',(0.,1.21313511923537E-19,0.0011557));
#8766=CARTESIAN_POINT('',(0.0019812,1.21313511923537E-19,0.0011557));
#8767=CARTESIAN_POINT('',(0.,0.,-0.0015875));
#8768=CARTESIAN_POINT('',(0.,0.,-0.0015875));
#8769=CARTESIAN_POINT('',(0.,0.,-0.0015875));
#8770=CARTESIAN_POINT('',(0.,0.,-0.0015875));
#8771=CARTESIAN_POINT('',(0.,0.,-0.0015875));
#8772=CARTESIAN_POINT('',(0.,0.,-0.0015875));
#8773=CARTESIAN_POINT('',(0.,0.,-0.0015875));
#8774=CARTESIAN_POINT('',(0.,1.21313511923537E-19,-0.0015875));
#8775=CARTESIAN_POINT('',(0.002413,1.21313511923537E-19,-0.0015875));
#8776=CARTESIAN_POINT('',(0.,1.21313511923537E-19,-0.0015875));
#8777=CARTESIAN_POINT('',(0.,1.21313511923537E-19,0.0011557));
#8778=CARTESIAN_POINT('',(0.,0.,0.0015875));
#8779=CARTESIAN_POINT('',(0.,0.,0.0015875));
#8780=CARTESIAN_POINT('',(0.,0.,0.0015875));
#8781=CARTESIAN_POINT('',(0.,0.,0.0015875));
#8782=CARTESIAN_POINT('',(0.,0.,0.0015875));
#8783=CARTESIAN_POINT('',(0.,0.,0.0015875));
#8784=CARTESIAN_POINT('',(0.,0.,-0.0015875));
#8785=CARTESIAN_POINT('',(0.,0.,-0.0015875));
#8786=CARTESIAN_POINT('',(0.,0.,-0.0015875));
#8787=CARTESIAN_POINT('',(0.,0.,-0.0015875));
#8788=CARTESIAN_POINT('',(0.,0.,-0.0015875));
#8789=CARTESIAN_POINT('',(0.,0.,-0.0015875));
#8790=CARTESIAN_POINT('',(0.0722351153163292,0.0696763654107106,0.00977900000000013));
#8791=CARTESIAN_POINT('',(0.0722351153163292,-0.0573236345892894,0.017399));
#8792=CARTESIAN_POINT('',(0.,0.,-0.001778));
#8793=CARTESIAN_POINT('',(7.83774240572872E-20,0.,-0.001778));
#8794=CARTESIAN_POINT('',(0.0015875,0.,-0.001778));
#8795=CARTESIAN_POINT('',(0.00079375,0.0013748153285078,-0.001778));
#8796=CARTESIAN_POINT('',(0.0015875,0.,-0.001778));
#8797=CARTESIAN_POINT('',(0.0015875,0.000916543552338531,-0.001778));
#8798=CARTESIAN_POINT('',(0.00079375,0.0013748153285078,-0.001778));
#8799=CARTESIAN_POINT('',(0.,0.,-0.001778));
#8800=CARTESIAN_POINT('',(7.83774240572872E-20,0.,-0.001778));
#8801=CARTESIAN_POINT('',(-0.00079375,0.00137481532850779,-0.001778));
#8802=CARTESIAN_POINT('',(0.00079375,0.0013748153285078,-0.001778));
#8803=CARTESIAN_POINT('',(9.75781955236954E-19,0.00183308710467706,-0.001778));
#8804=CARTESIAN_POINT('',(-0.00079375,0.00137481532850779,-0.001778));
#8805=CARTESIAN_POINT('',(0.,0.,-0.001778));
#8806=CARTESIAN_POINT('',(7.83774240572872E-20,0.,-0.001778));
#8807=CARTESIAN_POINT('',(-0.0015875,0.,-0.001778));
#8808=CARTESIAN_POINT('',(-0.00079375,0.00137481532850779,-0.001778));
#8809=CARTESIAN_POINT('',(-0.0015875,0.000916543552338527,-0.001778));
#8810=CARTESIAN_POINT('',(-0.0015875,-2.35592258403614E-19,-0.001778));
#8811=CARTESIAN_POINT('',(0.,0.,-0.001778));
#8812=CARTESIAN_POINT('',(7.83774240572872E-20,0.,-0.001778));
#8813=CARTESIAN_POINT('',(-0.00079375,-0.0013748153285078,-0.001778));
#8814=CARTESIAN_POINT('',(-0.0015875,-2.35592258403614E-19,-0.001778));
#8815=CARTESIAN_POINT('',(-0.0015875,-0.000916543552338531,-0.001778));
#8816=CARTESIAN_POINT('',(-0.00079375,-0.0013748153285078,-0.001778));
#8817=CARTESIAN_POINT('',(0.,0.,-0.001778));
#8818=CARTESIAN_POINT('',(7.83774240572872E-20,0.,-0.001778));
#8819=CARTESIAN_POINT('',(0.00079375,-0.00137481532850779,-0.001778));
#8820=CARTESIAN_POINT('',(-0.00079375,-0.0013748153285078,-0.001778));
#8821=CARTESIAN_POINT('',(2.71050543121376E-18,-0.00183308710467706,-0.001778));
#8822=CARTESIAN_POINT('',(0.00079375,-0.00137481532850779,-0.001778));
#8823=CARTESIAN_POINT('',(-0.001146175,0.,0.));
#8824=CARTESIAN_POINT('',(0.,0.,0.));
#8825=CARTESIAN_POINT('',(-0.00229235,0.,0.));
#8826=CARTESIAN_POINT('',(-0.00079375,0.00137481532850779,0.));
#8827=CARTESIAN_POINT('',(-0.0015875,0.000916543552338527,0.));
#8828=CARTESIAN_POINT('',(9.75781955236954E-19,0.00183308710467706,0.));
#8829=CARTESIAN_POINT('',(0.00079375,0.0013748153285078,0.));
#8830=CARTESIAN_POINT('',(0.0015875,0.000916543552338531,0.));
#8831=CARTESIAN_POINT('',(0.0015875,0.,0.));
#8832=CARTESIAN_POINT('',(0.0015875,-0.000916543552338531,0.));
#8833=CARTESIAN_POINT('',(0.00079375,-0.00137481532850779,0.));
#8834=CARTESIAN_POINT('',(2.71050543121376E-18,-0.00183308710467706,0.));
#8835=CARTESIAN_POINT('',(-0.00079375,-0.0013748153285078,0.));
#8836=CARTESIAN_POINT('',(-0.0015875,-0.000916543552338531,0.));
#8837=CARTESIAN_POINT('',(-0.0015875,-2.35592258403614E-19,0.));
#8838=CARTESIAN_POINT('',(0.,0.,0.00148381805047393));
#8839=CARTESIAN_POINT('',(0.,0.,-0.0020574));
#8840=CARTESIAN_POINT('',(-0.0045847,0.,-0.0020574));
#8841=CARTESIAN_POINT('',(0.,0.,-0.0025654));
#8842=CARTESIAN_POINT('',(-0.0045847,0.,-0.0025654));
#8843=CARTESIAN_POINT('',(-0.00368935,0.,-0.0025654));
#8844=CARTESIAN_POINT('',(0.,0.,-0.0025654));
#8845=CARTESIAN_POINT('',(-0.002794,0.,-0.0025654));
#8846=CARTESIAN_POINT('',(0.,0.,-0.0029464));
#8847=CARTESIAN_POINT('',(0.,0.,-0.0029464));
#8848=CARTESIAN_POINT('',(-0.002413,0.,-0.0029464));
#8849=CARTESIAN_POINT('',(0.,0.,0.00148381805047393));
#8850=CARTESIAN_POINT('',(0.,0.,-0.02753645761938));
#8851=CARTESIAN_POINT('',(-0.002413,0.,-0.02753645761938));
#8852=CARTESIAN_POINT('',(-0.0012065,0.,-0.0279654));
#8853=CARTESIAN_POINT('',(0.,0.,-0.0279654));
#8854=CARTESIAN_POINT('',(-0.00198405761938,0.,-0.0279654));
#8855=CARTESIAN_POINT('',(6.50521303491303E-19,0.,-0.00485989606481481));
#8856=CARTESIAN_POINT('',(0.00079375,0.0013748153285078,-0.001778));
#8857=CARTESIAN_POINT('',(9.75781955236954E-19,0.00183308710467706,-0.001778));
#8858=CARTESIAN_POINT('',(0.0015875,0.000916543552338531,-0.001778));
#8859=CARTESIAN_POINT('',(-0.00079375,0.00137481532850779,-0.001778));
#8860=CARTESIAN_POINT('',(-0.0015875,0.000916543552338527,-0.001778));
#8861=CARTESIAN_POINT('',(-0.0015875,-2.35592258403614E-19,-0.001778));
#8862=CARTESIAN_POINT('',(-0.0015875,-0.000916543552338531,-0.001778));
#8863=CARTESIAN_POINT('',(-0.00079375,-0.0013748153285078,-0.001778));
#8864=CARTESIAN_POINT('',(2.71050543121376E-18,-0.00183308710467706,-0.001778));
#8865=CARTESIAN_POINT('',(0.00079375,-0.00137481532850779,-0.001778));
#8866=CARTESIAN_POINT('',(0.0015875,-0.000916543552338531,-0.001778));
#8867=CARTESIAN_POINT('',(0.0015875,-0.000916543552338531,-0.001778));
#8868=CARTESIAN_POINT('',(0.00079375,-0.00137481532850779,-0.001778));
#8869=CARTESIAN_POINT('',(0.0015875,0.,-0.001778));
#8870=CARTESIAN_POINT('',(0.0015875,0.,-0.001778));
#8871=CARTESIAN_POINT('',(0.,0.,-0.001778));
#8872=CARTESIAN_POINT('',(7.83774240572872E-20,0.,-0.001778));
#8873=CARTESIAN_POINT('',(7.83774240572872E-20,0.,-0.001778));
#8874=CARTESIAN_POINT('',(1.34941457654617E-19,0.,-0.00269454355233854));
#8875=CARTESIAN_POINT('',(0.,0.,-0.0279654));
#8876=CARTESIAN_POINT('',(0.0722351153163292,-0.0573236345892894,-0.0025654));
#8877=CARTESIAN_POINT('',(0.0816397955163292,0.18451636941071,0.017399));
#8878=CARTESIAN_POINT('',(-0.0513564759,-0.00508,-0.0686816));
#8879=CARTESIAN_POINT('',(-0.0513564759,0.00508,-0.0686816));
#8880=CARTESIAN_POINT('',(-0.0513564759,0.00508,-0.0648716));
#8881=CARTESIAN_POINT('',(-0.0513564759,0.00508,-0.0724916));
#8882=CARTESIAN_POINT('',(-0.0513564759,-0.00508,-0.0724916));
#8883=CARTESIAN_POINT('',(-0.0513564759,-0.00508,-0.0724916));
#8884=CARTESIAN_POINT('',(-0.0513564759,-0.00508,-0.0686816));
#8885=CARTESIAN_POINT('',(-0.0513564759,-0.00508,-0.0648716));
#8886=CARTESIAN_POINT('',(-0.0513564759,-0.00508,-0.0648716));
#8887=CARTESIAN_POINT('',(-0.02567823795,-0.00508,-0.0724916));
#8888=CARTESIAN_POINT('',(0.0450064759,1.30727129388516E-18,-0.0724916));
#8889=CARTESIAN_POINT('',(0.0475464759,1.30727129388516E-18,-0.0724916));
#8890=CARTESIAN_POINT('',(-0.0450064759,1.55530143491714E-19,-0.0724916));
#8891=CARTESIAN_POINT('',(-0.0424664759,1.55530143491714E-19,-0.0724916));
#8892=CARTESIAN_POINT('',(-0.02567823795,0.00508,-0.0724916));
#8893=CARTESIAN_POINT('',(0.0513564759,0.00508,-0.0724916));
#8894=CARTESIAN_POINT('',(0.0513564759,-0.00508,-0.0724916));
#8895=CARTESIAN_POINT('',(0.0513564759,-0.00508,-0.0724916));
#8896=CARTESIAN_POINT('',(-0.02567823795,-0.00508,-0.0724916));
#8897=CARTESIAN_POINT('',(0.0513564759,-0.00508,-0.0686816));
#8898=CARTESIAN_POINT('',(0.0513564759,0.00508,-0.0686816));
#8899=CARTESIAN_POINT('',(0.0513564759,0.00508,-0.0648716));
#8900=CARTESIAN_POINT('',(0.0513564759,-0.00508,-0.0648716));
#8901=CARTESIAN_POINT('',(0.0513564759,-0.00508,-0.0648716));
#8902=CARTESIAN_POINT('',(0.0513564759,-0.00508,-0.0686816));
#8903=CARTESIAN_POINT('',(0.03202823795,-0.00508,-0.0648716));
#8904=CARTESIAN_POINT('',(0.0450064759,1.30727129388516E-18,-0.0648716));
#8905=CARTESIAN_POINT('',(0.0475464759,1.30727129388516E-18,-0.0648716));
#8906=CARTESIAN_POINT('',(0.03202823795,0.00508,-0.0648716));
#8907=CARTESIAN_POINT('',(0.01524,0.00508,-0.0648716));
#8908=CARTESIAN_POINT('',(0.01524,-0.00508,-0.0648716));
#8909=CARTESIAN_POINT('',(0.01524,-0.00508,-0.0648716));
#8910=CARTESIAN_POINT('',(0.03202823795,-0.00508,-0.0648716));
#8911=CARTESIAN_POINT('',(0.0127,-0.00508,-0.05430403795));
#8912=CARTESIAN_POINT('',(0.0127,-0.00508,-0.05430403795));
#8913=CARTESIAN_POINT('',(0.0127,-0.00508,-0.0462764759));
#8914=CARTESIAN_POINT('',(0.0127,-0.00508,-0.0623316));
#8915=CARTESIAN_POINT('',(0.0127,0.00508,-0.0623316));
#8916=CARTESIAN_POINT('',(0.0127,0.00508,-0.0623316));
#8917=CARTESIAN_POINT('',(0.0127,0.00508,-0.05430403795));
#8918=CARTESIAN_POINT('',(0.0127,0.00508,-0.0462764759));
#8919=CARTESIAN_POINT('',(0.0127,-0.00508,-0.0462764759));
#8920=CARTESIAN_POINT('',(0.02567823795,-0.00508,-0.0437364759));
#8921=CARTESIAN_POINT('',(0.02567823795,-0.00508,-0.0437364759));
#8922=CARTESIAN_POINT('',(0.0361164759,-0.00508,-0.0437364759));
#8923=CARTESIAN_POINT('',(0.01524,-0.00508,-0.0437364759));
#8924=CARTESIAN_POINT('',(0.01524,0.00508,-0.0437364759));
#8925=CARTESIAN_POINT('',(0.01524,0.00508,-0.0437364759));
#8926=CARTESIAN_POINT('',(0.02567823795,0.00508,-0.0437364759));
#8927=CARTESIAN_POINT('',(0.0361164759,0.00508,-0.0437364759));
#8928=CARTESIAN_POINT('',(0.0361164759,-0.00508,-0.0437364759));
#8929=CARTESIAN_POINT('',(0.0386564759,-0.00508,-0.02186823795));
#8930=CARTESIAN_POINT('',(0.0386564759,0.00508,-0.02186823795));
#8931=CARTESIAN_POINT('',(0.0386564759,0.00508,-0.00254));
#8932=CARTESIAN_POINT('',(0.0386564759,0.00508,-0.0411964759));
#8933=CARTESIAN_POINT('',(0.0386564759,-0.00508,-0.00254));
#8934=CARTESIAN_POINT('',(0.0386564759,-0.00508,-0.00254));
#8935=CARTESIAN_POINT('',(0.0386564759,-0.00508,-0.02186823795));
#8936=CARTESIAN_POINT('',(0.0386564759,-0.00508,-0.0411964759));
#8937=CARTESIAN_POINT('',(0.0386564759,-0.00508,-0.0411964759));
#8938=CARTESIAN_POINT('',(0.0348464759,-0.00508,0.));
#8939=CARTESIAN_POINT('',(0.0348464759,-0.00508,0.));
#8940=CARTESIAN_POINT('',(0.0334802648415941,-0.00508,0.));
#8941=CARTESIAN_POINT('',(0.0361164759,-0.00508,0.));
#8942=CARTESIAN_POINT('',(0.0361164759,-0.00508,0.));
#8943=CARTESIAN_POINT('',(0.0361164759,0.00508,0.));
#8944=CARTESIAN_POINT('',(0.0348464759,0.00508,0.));
#8945=CARTESIAN_POINT('',(0.0334802648415941,0.00508,0.));
#8946=CARTESIAN_POINT('',(0.0334802648415941,-0.00508,0.));
#8947=CARTESIAN_POINT('',(0.,-0.00508,-1.90043604338745E-18));
#8948=CARTESIAN_POINT('',(0.,-0.00508,-1.90043604338745E-18));
#8949=CARTESIAN_POINT('',(-0.0309475430350853,-0.00508,-0.00234785356929016));
#8950=CARTESIAN_POINT('',(0.0309475430350853,-0.00508,-0.00234785356929016));
#8951=CARTESIAN_POINT('',(0.0309475430350853,-0.00508,-0.00234785356929016));
#8952=CARTESIAN_POINT('',(0.0309475430350853,0.00508,-0.00234785356929016));
#8953=CARTESIAN_POINT('',(0.,0.00508,-1.90043604338745E-18));
#8954=CARTESIAN_POINT('',(-0.0309475430350853,0.00508,-0.00234785356929016));
#8955=CARTESIAN_POINT('',(-0.0309475430350853,-0.00508,-0.00234785356929016));
#8956=CARTESIAN_POINT('',(-0.0348464759,-0.00508,0.));
#8957=CARTESIAN_POINT('',(-0.0348464759,-0.00508,0.));
#8958=CARTESIAN_POINT('',(-0.0334802648415941,-0.00508,0.));
#8959=CARTESIAN_POINT('',(-0.0361164759,-0.00508,0.));
#8960=CARTESIAN_POINT('',(-0.0334802648415941,0.00508,0.));
#8961=CARTESIAN_POINT('',(-0.0334802648415941,0.00508,0.));
#8962=CARTESIAN_POINT('',(-0.0348464759,0.00508,0.));
#8963=CARTESIAN_POINT('',(-0.0361164759,0.00508,0.));
#8964=CARTESIAN_POINT('',(-0.0361164759,-0.00508,0.));
#8965=CARTESIAN_POINT('',(-0.0386564759,-0.00508,-0.02186823795));
#8966=CARTESIAN_POINT('',(-0.0386564759,-0.00508,-0.02186823795));
#8967=CARTESIAN_POINT('',(-0.0386564759,-0.00508,-0.00254));
#8968=CARTESIAN_POINT('',(-0.0386564759,-0.00508,-0.0411964759));
#8969=CARTESIAN_POINT('',(-0.0386564759,-0.00508,-0.00254));
#8970=CARTESIAN_POINT('',(-0.0386564759,0.00508,-0.00254));
#8971=CARTESIAN_POINT('',(-0.0386564759,0.00508,-0.02186823795));
#8972=CARTESIAN_POINT('',(-0.0386564759,0.00508,-0.0411964759));
#8973=CARTESIAN_POINT('',(-0.0386564759,-0.00508,-0.0411964759));
#8974=CARTESIAN_POINT('',(-0.02567823795,-0.00508,-0.0437364759));
#8975=CARTESIAN_POINT('',(-0.02567823795,-0.00508,-0.0437364759));
#8976=CARTESIAN_POINT('',(-0.0361164759,-0.00508,-0.0437364759));
#8977=CARTESIAN_POINT('',(-0.01524,-0.00508,-0.0437364759));
#8978=CARTESIAN_POINT('',(-0.0361164759,-0.00508,-0.0437364759));
#8979=CARTESIAN_POINT('',(-0.0361164759,0.00508,-0.0437364759));
#8980=CARTESIAN_POINT('',(-0.02567823795,0.00508,-0.0437364759));
#8981=CARTESIAN_POINT('',(-0.01524,0.00508,-0.0437364759));
#8982=CARTESIAN_POINT('',(-0.01524,-0.00508,-0.0437364759));
#8983=CARTESIAN_POINT('',(-0.0127,-0.00508,-0.05430403795));
#8984=CARTESIAN_POINT('',(-0.0127,-0.00508,-0.05430403795));
#8985=CARTESIAN_POINT('',(-0.0127,-0.00508,-0.0462764759));
#8986=CARTESIAN_POINT('',(-0.0127,-0.00508,-0.0623316));
#8987=CARTESIAN_POINT('',(-0.0127,0.00508,-0.0462764759));
#8988=CARTESIAN_POINT('',(-0.0127,0.00508,-0.0462764759));
#8989=CARTESIAN_POINT('',(-0.0127,0.00508,-0.05430403795));
#8990=CARTESIAN_POINT('',(-0.0127,0.00508,-0.0623316));
#8991=CARTESIAN_POINT('',(-0.0127,-0.00508,-0.0623316));
#8992=CARTESIAN_POINT('',(-0.03202823795,-0.00508,-0.0648716));
#8993=CARTESIAN_POINT('',(-0.0450064759,1.55530143491714E-19,-0.0648716));
#8994=CARTESIAN_POINT('',(-0.0424664759,1.55530143491714E-19,-0.0648716));
#8995=CARTESIAN_POINT('',(-0.03202823795,-0.00508,-0.0648716));
#8996=CARTESIAN_POINT('',(-0.01524,-0.00508,-0.0648716));
#8997=CARTESIAN_POINT('',(-0.01524,0.00508,-0.0648716));
#8998=CARTESIAN_POINT('',(-0.01524,0.00508,-0.0648716));
#8999=CARTESIAN_POINT('',(-0.03202823795,0.00508,-0.0648716));
#9000=CARTESIAN_POINT('',(0.,-0.00508,-1.38777878078145E-17));
#9001=CARTESIAN_POINT('',(0.0361164759,-0.00508,-0.00254));
#9002=CARTESIAN_POINT('',(0.0334802648415941,-0.00508,-0.00254));
#9003=CARTESIAN_POINT('',(-0.0334802648415941,-0.00508,-0.00254));
#9004=CARTESIAN_POINT('',(-0.0361164759,-0.00508,-0.00254));
#9005=CARTESIAN_POINT('',(-0.0361164759,-0.00508,-0.0411964759));
#9006=CARTESIAN_POINT('',(-0.01524,-0.00508,-0.0462764759));
#9007=CARTESIAN_POINT('',(-0.01524,-0.00508,-0.0623316));
#9008=CARTESIAN_POINT('',(0.01524,-0.00508,-0.0623316));
#9009=CARTESIAN_POINT('',(0.01524,-0.00508,-0.0462764759));
#9010=CARTESIAN_POINT('',(0.0361164759,-0.00508,-0.0411964759));
#9011=CARTESIAN_POINT('',(0.,0.00508,-1.38777878078145E-17));
#9012=CARTESIAN_POINT('',(0.0361164759,0.00508,-0.00254));
#9013=CARTESIAN_POINT('',(0.0361164759,0.00508,-0.0411964759));
#9014=CARTESIAN_POINT('',(0.01524,0.00508,-0.0462764759));
#9015=CARTESIAN_POINT('',(0.01524,0.00508,-0.0623316));
#9016=CARTESIAN_POINT('',(-0.01524,0.00508,-0.0623316));
#9017=CARTESIAN_POINT('',(-0.01524,0.00508,-0.0462764759));
#9018=CARTESIAN_POINT('',(-0.0361164759,0.00508,-0.0411964759));
#9019=CARTESIAN_POINT('',(-0.0361164759,0.00508,-0.00254));
#9020=CARTESIAN_POINT('',(-0.0334802648415941,0.00508,-0.00254));
#9021=CARTESIAN_POINT('',(0.0334802648415941,0.00508,-0.00254));
#9022=CARTESIAN_POINT('',(-0.0450064759,1.55530143491714E-19,-0.0724936));
#9023=CARTESIAN_POINT('',(0.0450064759,1.30727129388516E-18,-0.0724936));
#9024=CARTESIAN_POINT('',(0.0361164759,-0.00508,-0.00254));
#9025=CARTESIAN_POINT('',(0.0334802648415941,-0.00508,-0.00254));
#9026=CARTESIAN_POINT('',(-0.0334802648415941,-0.00508,-0.00254));
#9027=CARTESIAN_POINT('',(-0.0361164759,-0.00508,-0.00254));
#9028=CARTESIAN_POINT('',(-0.0361164759,-0.00508,-0.0411964759));
#9029=CARTESIAN_POINT('',(-0.01524,-0.00508,-0.0462764759));
#9030=CARTESIAN_POINT('',(-0.01524,-0.00508,-0.0623316));
#9031=CARTESIAN_POINT('',(0.01524,-0.00508,-0.0623316));
#9032=CARTESIAN_POINT('',(0.01524,-0.00508,-0.0462764759));
#9033=CARTESIAN_POINT('',(0.0361164759,-0.00508,-0.0411964759));
#9034=CARTESIAN_POINT('',(0.117241591216329,-0.0573236345892894,0.0806831));
#9035=CARTESIAN_POINT('',(0.,0.,-0.001778));
#9036=CARTESIAN_POINT('',(7.83774240572872E-20,0.,-0.001778));
#9037=CARTESIAN_POINT('',(0.0015875,0.,-0.001778));
#9038=CARTESIAN_POINT('',(0.00079375,0.0013748153285078,-0.001778));
#9039=CARTESIAN_POINT('',(0.0015875,0.,-0.001778));
#9040=CARTESIAN_POINT('',(0.0015875,0.000916543552338531,-0.001778));
#9041=CARTESIAN_POINT('',(0.00079375,0.0013748153285078,-0.001778));
#9042=CARTESIAN_POINT('',(0.,0.,-0.001778));
#9043=CARTESIAN_POINT('',(7.83774240572872E-20,0.,-0.001778));
#9044=CARTESIAN_POINT('',(-0.00079375,0.00137481532850779,-0.001778));
#9045=CARTESIAN_POINT('',(0.00079375,0.0013748153285078,-0.001778));
#9046=CARTESIAN_POINT('',(9.75781955236954E-19,0.00183308710467706,-0.001778));
#9047=CARTESIAN_POINT('',(-0.00079375,0.00137481532850779,-0.001778));
#9048=CARTESIAN_POINT('',(0.,0.,-0.001778));
#9049=CARTESIAN_POINT('',(7.83774240572872E-20,0.,-0.001778));
#9050=CARTESIAN_POINT('',(-0.0015875,0.,-0.001778));
#9051=CARTESIAN_POINT('',(-0.00079375,0.00137481532850779,-0.001778));
#9052=CARTESIAN_POINT('',(-0.0015875,0.000916543552338527,-0.001778));
#9053=CARTESIAN_POINT('',(-0.0015875,-2.35592258403614E-19,-0.001778));
#9054=CARTESIAN_POINT('',(0.,0.,-0.001778));
#9055=CARTESIAN_POINT('',(7.83774240572872E-20,0.,-0.001778));
#9056=CARTESIAN_POINT('',(-0.00079375,-0.0013748153285078,-0.001778));
#9057=CARTESIAN_POINT('',(-0.0015875,-2.35592258403614E-19,-0.001778));
#9058=CARTESIAN_POINT('',(-0.0015875,-0.000916543552338531,-0.001778));
#9059=CARTESIAN_POINT('',(-0.00079375,-0.0013748153285078,-0.001778));
#9060=CARTESIAN_POINT('',(0.,0.,-0.001778));
#9061=CARTESIAN_POINT('',(7.83774240572872E-20,0.,-0.001778));
#9062=CARTESIAN_POINT('',(0.00079375,-0.00137481532850779,-0.001778));
#9063=CARTESIAN_POINT('',(-0.00079375,-0.0013748153285078,-0.001778));
#9064=CARTESIAN_POINT('',(2.71050543121376E-18,-0.00183308710467706,-0.001778));
#9065=CARTESIAN_POINT('',(0.00079375,-0.00137481532850779,-0.001778));
#9066=CARTESIAN_POINT('',(-0.001146175,0.,0.));
#9067=CARTESIAN_POINT('',(0.,0.,0.));
#9068=CARTESIAN_POINT('',(-0.00229235,0.,0.));
#9069=CARTESIAN_POINT('',(-0.00079375,0.00137481532850779,0.));
#9070=CARTESIAN_POINT('',(-0.0015875,0.000916543552338527,0.));
#9071=CARTESIAN_POINT('',(9.75781955236954E-19,0.00183308710467706,0.));
#9072=CARTESIAN_POINT('',(0.00079375,0.0013748153285078,0.));
#9073=CARTESIAN_POINT('',(0.0015875,0.000916543552338531,0.));
#9074=CARTESIAN_POINT('',(0.0015875,0.,0.));
#9075=CARTESIAN_POINT('',(0.0015875,-0.000916543552338531,0.));
#9076=CARTESIAN_POINT('',(0.00079375,-0.00137481532850779,0.));
#9077=CARTESIAN_POINT('',(2.71050543121376E-18,-0.00183308710467706,0.));
#9078=CARTESIAN_POINT('',(-0.00079375,-0.0013748153285078,0.));
#9079=CARTESIAN_POINT('',(-0.0015875,-0.000916543552338531,0.));
#9080=CARTESIAN_POINT('',(-0.0015875,-2.35592258403614E-19,0.));
#9081=CARTESIAN_POINT('',(0.,0.,0.00148381805047393));
#9082=CARTESIAN_POINT('',(0.,0.,-0.0020574));
#9083=CARTESIAN_POINT('',(-0.0045847,0.,-0.0020574));
#9084=CARTESIAN_POINT('',(0.,0.,-0.0025654));
#9085=CARTESIAN_POINT('',(-0.0045847,0.,-0.0025654));
#9086=CARTESIAN_POINT('',(-0.00368935,0.,-0.0025654));
#9087=CARTESIAN_POINT('',(0.,0.,-0.0025654));
#9088=CARTESIAN_POINT('',(-0.002794,0.,-0.0025654));
#9089=CARTESIAN_POINT('',(0.,0.,-0.0029464));
#9090=CARTESIAN_POINT('',(0.,0.,-0.0029464));
#9091=CARTESIAN_POINT('',(-0.002413,0.,-0.0029464));
#9092=CARTESIAN_POINT('',(0.,0.,0.00148381805047393));
#9093=CARTESIAN_POINT('',(0.,0.,-0.01483645761938));
#9094=CARTESIAN_POINT('',(-0.002413,0.,-0.01483645761938));
#9095=CARTESIAN_POINT('',(-0.0012065,0.,-0.0152654));
#9096=CARTESIAN_POINT('',(0.,0.,-0.0152654));
#9097=CARTESIAN_POINT('',(-0.00198405761938,0.,-0.0152654));
#9098=CARTESIAN_POINT('',(6.50521303491303E-19,0.,-0.00485989606481481));
#9099=CARTESIAN_POINT('',(0.00079375,0.0013748153285078,-0.001778));
#9100=CARTESIAN_POINT('',(9.75781955236954E-19,0.00183308710467706,-0.001778));
#9101=CARTESIAN_POINT('',(0.0015875,0.000916543552338531,-0.001778));
#9102=CARTESIAN_POINT('',(-0.00079375,0.00137481532850779,-0.001778));
#9103=CARTESIAN_POINT('',(-0.0015875,0.000916543552338527,-0.001778));
#9104=CARTESIAN_POINT('',(-0.0015875,-2.35592258403614E-19,-0.001778));
#9105=CARTESIAN_POINT('',(-0.0015875,-0.000916543552338531,-0.001778));
#9106=CARTESIAN_POINT('',(-0.00079375,-0.0013748153285078,-0.001778));
#9107=CARTESIAN_POINT('',(2.71050543121376E-18,-0.00183308710467706,-0.001778));
#9108=CARTESIAN_POINT('',(0.00079375,-0.00137481532850779,-0.001778));
#9109=CARTESIAN_POINT('',(0.0015875,-0.000916543552338531,-0.001778));
#9110=CARTESIAN_POINT('',(0.0015875,-0.000916543552338531,-0.001778));
#9111=CARTESIAN_POINT('',(0.00079375,-0.00137481532850779,-0.001778));
#9112=CARTESIAN_POINT('',(0.0015875,0.,-0.001778));
#9113=CARTESIAN_POINT('',(0.0015875,0.,-0.001778));
#9114=CARTESIAN_POINT('',(0.,0.,-0.001778));
#9115=CARTESIAN_POINT('',(7.83774240572872E-20,0.,-0.001778));
#9116=CARTESIAN_POINT('',(7.83774240572872E-20,0.,-0.001778));
#9117=CARTESIAN_POINT('',(1.34941457654617E-19,0.,-0.00269454355233854));
#9118=CARTESIAN_POINT('',(0.,0.,-0.0152654));
#9119=CARTESIAN_POINT('',(0.162248067116329,-0.0573236345892894,0.0040386000000001));
#9120=CARTESIAN_POINT('',(0.0894088337512289,0.128065077571287,0.));
#9121=CARTESIAN_POINT('',(0.0894088337512289,0.128065077571287,0.));
#9122=CARTESIAN_POINT('',(0.0894088337512289,0.128065077571287,0.0216318019245966));
#9123=CARTESIAN_POINT('',(0.100961541883657,0.128065077571287,0.));
#9124=CARTESIAN_POINT('',(0.100961541883657,0.128065077571287,0.0216318019245966));
#9125=CARTESIAN_POINT('',(0.0894088337512289,0.148696879495884,0.));
#9126=CARTESIAN_POINT('',(0.0894088337512289,0.128065077571287,0.));
#9127=CARTESIAN_POINT('',(0.0894088337512289,0.128065077571287,0.0206318019245966));
#9128=CARTESIAN_POINT('',(0.0894088337512289,0.128065077571287,0.));
#9129=CARTESIAN_POINT('',(0.101408833751229,0.128065077571287,0.));
#9130=CARTESIAN_POINT('',(0.101408833751229,0.128065077571287,0.0206318019245966));
#9131=CARTESIAN_POINT('',(0.12478557118692,0.128065077571287,0.));
#9132=CARTESIAN_POINT('',(0.12478557118692,0.128065077571287,0.));
#9133=CARTESIAN_POINT('',(0.12478557118692,0.128065077571287,0.0467746512707569));
#9134=CARTESIAN_POINT('',(0.136407094788336,0.128065077571287,0.));
#9135=CARTESIAN_POINT('',(0.130255883950574,0.128065077571287,0.));
#9136=CARTESIAN_POINT('',(0.130255883950574,0.128065077571287,0.0507080496364509));
#9137=CARTESIAN_POINT('',(0.210267891764796,0.128065077571287,0.));
#9138=CARTESIAN_POINT('',(0.290279899579019,0.128065077571287,0.));
#9139=CARTESIAN_POINT('',(0.290279899579019,0.128065077571287,0.0507080496364508));
#9140=CARTESIAN_POINT('',(0.245027313550606,0.128065077571287,0.));
#9141=CARTESIAN_POINT('',(0.309311560143608,0.128065077571287,0.));
#9142=CARTESIAN_POINT('',(0.309311560143608,0.128065077571287,0.0438985374143721));
#9143=CARTESIAN_POINT('',(0.300002773818619,0.128065077571287,0.));
#9144=CARTESIAN_POINT('',(0.31421169555714,0.128065077571287,0.));
#9145=CARTESIAN_POINT('',(0.31421169555714,0.128065077571287,0.039654975048328));
#9146=CARTESIAN_POINT('',(0.325076594988343,0.128065077571287,0.));
#9147=CARTESIAN_POINT('',(0.320438705271264,0.128065077571287,0.));
#9148=CARTESIAN_POINT('',(0.320438705271264,0.128065077571287,0.0334908716285348));
#9149=CARTESIAN_POINT('',(0.339197320145727,0.128065077571287,0.));
#9150=CARTESIAN_POINT('',(0.330408833751229,0.128065077571287,0.));
#9151=CARTESIAN_POINT('',(0.330408833751229,0.128065077571287,0.0300364807898637));
#9152=CARTESIAN_POINT('',(0.0894088337512289,0.128065077571287,0.));
#9153=CARTESIAN_POINT('',(0.341408833751229,0.128065077571287,0.));
#9154=CARTESIAN_POINT('',(0.341408833751229,0.128065077571287,0.0300364807898636));
#9155=CARTESIAN_POINT('',(0.341408833751229,0.159101558361151,0.));
#9156=CARTESIAN_POINT('',(0.341408833751229,0.128065077571287,0.));
#9157=CARTESIAN_POINT('',(0.341408833751229,0.128065077571287,0.0310364807898636));
#9158=CARTESIAN_POINT('',(0.0894088337512289,0.128065077571287,0.));
#9159=CARTESIAN_POINT('',(0.330514237665461,0.128065077571287,0.));
#9160=CARTESIAN_POINT('',(0.330514237665461,0.128065077571287,0.0310364807898636));
#9161=CARTESIAN_POINT('',(0.339197320145727,0.128065077571287,0.));
#9162=CARTESIAN_POINT('',(0.320855409200527,0.128065077571287,0.));
#9163=CARTESIAN_POINT('',(0.320855409200527,0.128065077571287,0.0344003765716232));
#9164=CARTESIAN_POINT('',(0.325076594988343,0.128065077571287,0.));
#9165=CARTESIAN_POINT('',(0.315076915711164,0.128065077571287,0.));
#9166=CARTESIAN_POINT('',(0.315076915711164,0.128065077571287,0.0401742669554752));
#9167=CARTESIAN_POINT('',(0.300002773818619,0.128065077571287,0.));
#9168=CARTESIAN_POINT('',(0.309765081996199,0.128065077571287,0.));
#9169=CARTESIAN_POINT('',(0.309765081996199,0.128065077571287,0.0447920687076781));
#9170=CARTESIAN_POINT('',(0.245027313550606,0.128065077571287,0.));
#9171=CARTESIAN_POINT('',(0.290587559327471,0.128065077571287,0.));
#9172=CARTESIAN_POINT('',(0.290587559327471,0.128065077571287,0.0516600500637515));
#9173=CARTESIAN_POINT('',(0.210267891764796,0.128065077571287,0.));
#9174=CARTESIAN_POINT('',(0.129890234867335,0.128065077571287,0.));
#9175=CARTESIAN_POINT('',(0.129890234867335,0.128065077571287,0.0516393015950879));
#9176=CARTESIAN_POINT('',(0.136407094788336,0.128065077571287,0.));
#9177=CARTESIAN_POINT('',(0.124040128234331,0.128065077571287,0.));
#9178=CARTESIAN_POINT('',(0.124040128234331,0.128065077571287,0.0474412207003254));
#9179=CARTESIAN_POINT('',(0.124040128234331,0.128065077571287,0.));
#9180=CARTESIAN_POINT('',(0.117241591216329,0.279005199161939,-0.0471279775712875));
#9181=CARTESIAN_POINT('',(0.0816397955163292,0.18451636941071,0.0040386000000001));
#9182=CARTESIAN_POINT('',(0.152843386916329,0.18451636941071,0.0040386000000001));
#9183=CARTESIAN_POINT('',(0.0714375,0.,0.00079375));
#9184=CARTESIAN_POINT('',(0.0714375,0.,-0.00079375));
#9185=CARTESIAN_POINT('',(0.0714375,0.1524,-0.00079375));
#9186=CARTESIAN_POINT('',(0.0714375,-0.1524,-0.00079375));
#9187=CARTESIAN_POINT('',(0.0714375,0.1524,0.00079375));
#9188=CARTESIAN_POINT('',(0.0714375,0.1524,0.00079375));
#9189=CARTESIAN_POINT('',(0.0714375,0.,0.00079375));
#9190=CARTESIAN_POINT('',(0.0714375,-0.1524,0.00079375));
#9191=CARTESIAN_POINT('',(0.0714375,-0.1524,0.00079375));
#9192=CARTESIAN_POINT('',(1.38777878078145E-17,0.1524,0.00079375));
#9193=CARTESIAN_POINT('',(1.38777878078145E-17,0.1524,-0.00079375));
#9194=CARTESIAN_POINT('',(-0.0714375,0.1524,-0.00079375));
#9195=CARTESIAN_POINT('',(-0.0714375,0.1524,0.00079375));
#9196=CARTESIAN_POINT('',(-0.0714375,0.1524,0.00079375));
#9197=CARTESIAN_POINT('',(1.38777878078145E-17,0.1524,0.00079375));
#9198=CARTESIAN_POINT('',(-0.0714375,0.,0.00079375));
#9199=CARTESIAN_POINT('',(-0.0714375,0.,-0.00079375));
#9200=CARTESIAN_POINT('',(-0.0714375,-0.1524,-0.00079375));
#9201=CARTESIAN_POINT('',(-0.0714375,-0.1524,0.00079375));
#9202=CARTESIAN_POINT('',(-0.0714375,-0.1524,0.00079375));
#9203=CARTESIAN_POINT('',(-0.0714375,0.,0.00079375));
#9204=CARTESIAN_POINT('',(-1.38777878078145E-17,-0.1524,0.00079375));
#9205=CARTESIAN_POINT('',(-1.38777878078145E-17,-0.1524,-0.00079375));
#9206=CARTESIAN_POINT('',(-1.38777878078145E-17,-0.1524,0.00079375));
#9207=CARTESIAN_POINT('',(0.,0.,0.00079375));
#9208=CARTESIAN_POINT('',(0.0450064759,-0.120920002,0.00079375));
#9209=CARTESIAN_POINT('',(0.0475464759,-0.120920002,0.00079375));
#9210=CARTESIAN_POINT('',(-0.0356017957,0.120920002,0.00079375));
#9211=CARTESIAN_POINT('',(-0.0330617957,0.120920002,0.00079375));
#9212=CARTESIAN_POINT('',(0.0356017957,0.120920002,0.00079375));
#9213=CARTESIAN_POINT('',(0.0381417957,0.120920002,0.00079375));
#9214=CARTESIAN_POINT('',(-0.0450064759,0.006079998,0.00079375));
#9215=CARTESIAN_POINT('',(-0.0424664759,0.006079998,0.00079375));
#9216=CARTESIAN_POINT('',(-0.0450064759,-0.120920002,0.00079375));
#9217=CARTESIAN_POINT('',(-0.0424664759,-0.120920002,0.00079375));
#9218=CARTESIAN_POINT('',(0.,0.,-0.00079375));
#9219=CARTESIAN_POINT('',(0.0450064759,-0.120920002,-0.00079375));
#9220=CARTESIAN_POINT('',(0.0475464759,-0.120920002,-0.00079375));
#9221=CARTESIAN_POINT('',(-0.0356017957,0.120920002,-0.00079375));
#9222=CARTESIAN_POINT('',(-0.0330617957,0.120920002,-0.00079375));
#9223=CARTESIAN_POINT('',(0.0356017957,0.120920002,-0.00079375));
#9224=CARTESIAN_POINT('',(0.0381417957,0.120920002,-0.00079375));
#9225=CARTESIAN_POINT('',(-0.0450064759,0.006079998,-0.00079375));
#9226=CARTESIAN_POINT('',(-0.0424664759,0.006079998,-0.00079375));
#9227=CARTESIAN_POINT('',(-0.0450064759,-0.120920002,-0.00079375));
#9228=CARTESIAN_POINT('',(-0.0424664759,-0.120920002,-0.00079375));
#9229=CARTESIAN_POINT('',(-0.0450064759,-0.120920002,-0.00079575));
#9230=CARTESIAN_POINT('',(-0.0450064759,0.006079998,-0.00079575));
#9231=CARTESIAN_POINT('',(0.0356017957,0.120920002,-0.00079575));
#9232=CARTESIAN_POINT('',(-0.0356017957,0.120920002,-0.00079575));
#9233=CARTESIAN_POINT('',(0.0450064759,-0.120920002,-0.00079575));
#9234=CARTESIAN_POINT('',(0.117241591216329,0.0635963674107106,0.00739775000000013));
#9235=CARTESIAN_POINT('',(-0.0419517957,-0.00508,-0.0686816));
#9236=CARTESIAN_POINT('',(-0.0419517957,0.00508,-0.0686816));
#9237=CARTESIAN_POINT('',(-0.0419517957,0.00508,-0.0648716));
#9238=CARTESIAN_POINT('',(-0.0419517957,0.00508,-0.0724916));
#9239=CARTESIAN_POINT('',(-0.0419517957,-0.00508,-0.0724916));
#9240=CARTESIAN_POINT('',(-0.0419517957,-0.00508,-0.0724916));
#9241=CARTESIAN_POINT('',(-0.0419517957,-0.00508,-0.0686816));
#9242=CARTESIAN_POINT('',(-0.0419517957,-0.00508,-0.0648716));
#9243=CARTESIAN_POINT('',(-0.0419517957,-0.00508,-0.0648716));
#9244=CARTESIAN_POINT('',(-0.02097589785,-0.00508,-0.0724916));
#9245=CARTESIAN_POINT('',(0.0356017957,1.55530143491714E-19,-0.0724916));
#9246=CARTESIAN_POINT('',(0.0381417957,1.55530143491714E-19,-0.0724916));
#9247=CARTESIAN_POINT('',(-0.0356017957,1.55530143491714E-19,-0.0724916));
#9248=CARTESIAN_POINT('',(-0.0330617957,1.55530143491714E-19,-0.0724916));
#9249=CARTESIAN_POINT('',(-0.02097589785,0.00508,-0.0724916));
#9250=CARTESIAN_POINT('',(0.0419517957,0.00508,-0.0724916));
#9251=CARTESIAN_POINT('',(0.0419517957,-0.00508,-0.0724916));
#9252=CARTESIAN_POINT('',(0.0419517957,-0.00508,-0.0724916));
#9253=CARTESIAN_POINT('',(-0.02097589785,-0.00508,-0.0724916));
#9254=CARTESIAN_POINT('',(0.0419517957,-0.00508,-0.0686816));
#9255=CARTESIAN_POINT('',(0.0419517957,0.00508,-0.0686816));
#9256=CARTESIAN_POINT('',(0.0419517957,0.00508,-0.0648716));
#9257=CARTESIAN_POINT('',(0.0419517957,-0.00508,-0.0648716));
#9258=CARTESIAN_POINT('',(0.0419517957,-0.00508,-0.0648716));
#9259=CARTESIAN_POINT('',(0.0419517957,-0.00508,-0.0686816));
#9260=CARTESIAN_POINT('',(0.02732589785,-0.00508,-0.0648716));
#9261=CARTESIAN_POINT('',(0.0356017957,1.55530143491714E-19,-0.0648716));
#9262=CARTESIAN_POINT('',(0.0381417957,1.55530143491714E-19,-0.0648716));
#9263=CARTESIAN_POINT('',(0.02732589785,0.00508,-0.0648716));
#9264=CARTESIAN_POINT('',(0.01524,0.00508,-0.0648716));
#9265=CARTESIAN_POINT('',(0.01524,-0.00508,-0.0648716));
#9266=CARTESIAN_POINT('',(0.01524,-0.00508,-0.0648716));
#9267=CARTESIAN_POINT('',(0.02732589785,-0.00508,-0.0648716));
#9268=CARTESIAN_POINT('',(0.0127,-0.00508,-0.04960169785));
#9269=CARTESIAN_POINT('',(0.0127,-0.00508,-0.04960169785));
#9270=CARTESIAN_POINT('',(0.0127,-0.00508,-0.0368717957));
#9271=CARTESIAN_POINT('',(0.0127,-0.00508,-0.0623316));
#9272=CARTESIAN_POINT('',(0.0127,0.00508,-0.0623316));
#9273=CARTESIAN_POINT('',(0.0127,0.00508,-0.0623316));
#9274=CARTESIAN_POINT('',(0.0127,0.00508,-0.04960169785));
#9275=CARTESIAN_POINT('',(0.0127,0.00508,-0.0368717957));
#9276=CARTESIAN_POINT('',(0.0127,-0.00508,-0.0368717957));
#9277=CARTESIAN_POINT('',(0.02097589785,-0.00508,-0.0343317957));
#9278=CARTESIAN_POINT('',(0.02097589785,-0.00508,-0.0343317957));
#9279=CARTESIAN_POINT('',(0.0267117957,-0.00508,-0.0343317957));
#9280=CARTESIAN_POINT('',(0.01524,-0.00508,-0.0343317957));
#9281=CARTESIAN_POINT('',(0.01524,0.00508,-0.0343317957));
#9282=CARTESIAN_POINT('',(0.01524,0.00508,-0.0343317957));
#9283=CARTESIAN_POINT('',(0.02097589785,0.00508,-0.0343317957));
#9284=CARTESIAN_POINT('',(0.0267117957,0.00508,-0.0343317957));
#9285=CARTESIAN_POINT('',(0.0267117957,-0.00508,-0.0343317957));
#9286=CARTESIAN_POINT('',(0.0292517957,-0.00508,-0.01716589785));
#9287=CARTESIAN_POINT('',(0.0292517957,0.00508,-0.01716589785));
#9288=CARTESIAN_POINT('',(0.0292517957,0.00508,-0.00254));
#9289=CARTESIAN_POINT('',(0.0292517957,0.00508,-0.0317917957));
#9290=CARTESIAN_POINT('',(0.0292517957,-0.00508,-0.00254));
#9291=CARTESIAN_POINT('',(0.0292517957,-0.00508,-0.00254));
#9292=CARTESIAN_POINT('',(0.0292517957,-0.00508,-0.01716589785));
#9293=CARTESIAN_POINT('',(0.0292517957,-0.00508,-0.0317917957));
#9294=CARTESIAN_POINT('',(0.0292517957,-0.00508,-0.0317917957));
#9295=CARTESIAN_POINT('',(0.0254417957,-0.00508,0.));
#9296=CARTESIAN_POINT('',(0.0254417957,-0.00508,0.));
#9297=CARTESIAN_POINT('',(0.0240379721973909,-0.00508,0.));
#9298=CARTESIAN_POINT('',(0.0267117957,-0.00508,0.));
#9299=CARTESIAN_POINT('',(0.0267117957,-0.00508,0.));
#9300=CARTESIAN_POINT('',(0.0267117957,0.00508,0.));
#9301=CARTESIAN_POINT('',(0.0254417957,0.00508,0.));
#9302=CARTESIAN_POINT('',(0.0240379721973909,0.00508,0.));
#9303=CARTESIAN_POINT('',(0.0240379721973909,-0.00508,0.));
#9304=CARTESIAN_POINT('',(0.,-0.00508,-1.32456546819072E-18));
#9305=CARTESIAN_POINT('',(0.,-0.00508,-1.32456546819072E-18));
#9306=CARTESIAN_POINT('',(-0.0215120345244454,-0.00508,-0.00227309388842799));
#9307=CARTESIAN_POINT('',(0.0215120345244454,-0.00508,-0.00227309388842799));
#9308=CARTESIAN_POINT('',(0.0215120345244454,-0.00508,-0.00227309388842799));
#9309=CARTESIAN_POINT('',(0.0215120345244454,0.00508,-0.00227309388842799));
#9310=CARTESIAN_POINT('',(0.,0.00508,-1.32456546819072E-18));
#9311=CARTESIAN_POINT('',(-0.0215120345244454,0.00508,-0.00227309388842799));
#9312=CARTESIAN_POINT('',(-0.0215120345244454,-0.00508,-0.00227309388842799));
#9313=CARTESIAN_POINT('',(-0.0254417957,-0.00508,0.));
#9314=CARTESIAN_POINT('',(-0.0254417957,-0.00508,0.));
#9315=CARTESIAN_POINT('',(-0.0240379721973909,-0.00508,0.));
#9316=CARTESIAN_POINT('',(-0.0267117957,-0.00508,0.));
#9317=CARTESIAN_POINT('',(-0.0240379721973909,0.00508,0.));
#9318=CARTESIAN_POINT('',(-0.0240379721973909,0.00508,0.));
#9319=CARTESIAN_POINT('',(-0.0254417957,0.00508,0.));
#9320=CARTESIAN_POINT('',(-0.0267117957,0.00508,0.));
#9321=CARTESIAN_POINT('',(-0.0267117957,-0.00508,0.));
#9322=CARTESIAN_POINT('',(-0.0292517957,-0.00508,-0.01716589785));
#9323=CARTESIAN_POINT('',(-0.0292517957,-0.00508,-0.01716589785));
#9324=CARTESIAN_POINT('',(-0.0292517957,-0.00508,-0.00254));
#9325=CARTESIAN_POINT('',(-0.0292517957,-0.00508,-0.0317917957));
#9326=CARTESIAN_POINT('',(-0.0292517957,-0.00508,-0.00254));
#9327=CARTESIAN_POINT('',(-0.0292517957,0.00508,-0.00254));
#9328=CARTESIAN_POINT('',(-0.0292517957,0.00508,-0.01716589785));
#9329=CARTESIAN_POINT('',(-0.0292517957,0.00508,-0.0317917957));
#9330=CARTESIAN_POINT('',(-0.0292517957,-0.00508,-0.0317917957));
#9331=CARTESIAN_POINT('',(-0.02097589785,-0.00508,-0.0343317957));
#9332=CARTESIAN_POINT('',(-0.02097589785,-0.00508,-0.0343317957));
#9333=CARTESIAN_POINT('',(-0.0267117957,-0.00508,-0.0343317957));
#9334=CARTESIAN_POINT('',(-0.01524,-0.00508,-0.0343317957));
#9335=CARTESIAN_POINT('',(-0.0267117957,-0.00508,-0.0343317957));
#9336=CARTESIAN_POINT('',(-0.0267117957,0.00508,-0.0343317957));
#9337=CARTESIAN_POINT('',(-0.02097589785,0.00508,-0.0343317957));
#9338=CARTESIAN_POINT('',(-0.01524,0.00508,-0.0343317957));
#9339=CARTESIAN_POINT('',(-0.01524,-0.00508,-0.0343317957));
#9340=CARTESIAN_POINT('',(-0.0127,-0.00508,-0.04960169785));
#9341=CARTESIAN_POINT('',(-0.0127,-0.00508,-0.04960169785));
#9342=CARTESIAN_POINT('',(-0.0127,-0.00508,-0.0368717957));
#9343=CARTESIAN_POINT('',(-0.0127,-0.00508,-0.0623316));
#9344=CARTESIAN_POINT('',(-0.0127,0.00508,-0.0368717957));
#9345=CARTESIAN_POINT('',(-0.0127,0.00508,-0.0368717957));
#9346=CARTESIAN_POINT('',(-0.0127,0.00508,-0.04960169785));
#9347=CARTESIAN_POINT('',(-0.0127,0.00508,-0.0623316));
#9348=CARTESIAN_POINT('',(-0.0127,-0.00508,-0.0623316));
#9349=CARTESIAN_POINT('',(-0.02732589785,-0.00508,-0.0648716));
#9350=CARTESIAN_POINT('',(-0.0356017957,1.55530143491714E-19,-0.0648716));
#9351=CARTESIAN_POINT('',(-0.0330617957,1.55530143491714E-19,-0.0648716));
#9352=CARTESIAN_POINT('',(-0.02732589785,-0.00508,-0.0648716));
#9353=CARTESIAN_POINT('',(-0.01524,-0.00508,-0.0648716));
#9354=CARTESIAN_POINT('',(-0.01524,0.00508,-0.0648716));
#9355=CARTESIAN_POINT('',(-0.01524,0.00508,-0.0648716));
#9356=CARTESIAN_POINT('',(-0.02732589785,0.00508,-0.0648716));
#9357=CARTESIAN_POINT('',(0.,-0.00508,0.));
#9358=CARTESIAN_POINT('',(0.0267117957,-0.00508,-0.00254));
#9359=CARTESIAN_POINT('',(0.0240379721973909,-0.00508,-0.00254));
#9360=CARTESIAN_POINT('',(-0.0240379721973909,-0.00508,-0.00254));
#9361=CARTESIAN_POINT('',(-0.0267117957,-0.00508,-0.00254));
#9362=CARTESIAN_POINT('',(-0.0267117957,-0.00508,-0.0317917957));
#9363=CARTESIAN_POINT('',(-0.01524,-0.00508,-0.0368717957));
#9364=CARTESIAN_POINT('',(-0.01524,-0.00508,-0.0623316));
#9365=CARTESIAN_POINT('',(0.01524,-0.00508,-0.0623316));
#9366=CARTESIAN_POINT('',(0.01524,-0.00508,-0.0368717957));
#9367=CARTESIAN_POINT('',(0.0267117957,-0.00508,-0.0317917957));
#9368=CARTESIAN_POINT('',(0.,0.00508,0.));
#9369=CARTESIAN_POINT('',(0.0267117957,0.00508,-0.00254));
#9370=CARTESIAN_POINT('',(0.0267117957,0.00508,-0.0317917957));
#9371=CARTESIAN_POINT('',(0.01524,0.00508,-0.0368717957));
#9372=CARTESIAN_POINT('',(0.01524,0.00508,-0.0623316));
#9373=CARTESIAN_POINT('',(-0.01524,0.00508,-0.0623316));
#9374=CARTESIAN_POINT('',(-0.01524,0.00508,-0.0368717957));
#9375=CARTESIAN_POINT('',(-0.0267117957,0.00508,-0.0317917957));
#9376=CARTESIAN_POINT('',(-0.0267117957,0.00508,-0.00254));
#9377=CARTESIAN_POINT('',(-0.0240379721973909,0.00508,-0.00254));
#9378=CARTESIAN_POINT('',(0.0240379721973909,0.00508,-0.00254));
#9379=CARTESIAN_POINT('',(-0.0356017957,1.55530143491714E-19,-0.0724936));
#9380=CARTESIAN_POINT('',(0.0356017957,1.55530143491714E-19,-0.0724936));
#9381=CARTESIAN_POINT('',(0.0267117957,-0.00508,-0.00254));
#9382=CARTESIAN_POINT('',(0.0240379721973909,-0.00508,-0.00254));
#9383=CARTESIAN_POINT('',(-0.0240379721973909,-0.00508,-0.00254));
#9384=CARTESIAN_POINT('',(-0.0267117957,-0.00508,-0.00254));
#9385=CARTESIAN_POINT('',(-0.0267117957,-0.00508,-0.0317917957));
#9386=CARTESIAN_POINT('',(-0.01524,-0.00508,-0.0368717957));
#9387=CARTESIAN_POINT('',(-0.01524,-0.00508,-0.0623316));
#9388=CARTESIAN_POINT('',(0.01524,-0.00508,-0.0623316));
#9389=CARTESIAN_POINT('',(0.01524,-0.00508,-0.0368717957));
#9390=CARTESIAN_POINT('',(0.0267117957,-0.00508,-0.0317917957));
#9391=CARTESIAN_POINT('',(0.117241591216329,0.18451636941071,0.0806831));
#9392=CARTESIAN_POINT('',(0.152843386916329,0.18451636941071,0.017399));
#9393=CARTESIAN_POINT('',(0.162248067116329,-0.0573236345892894,0.017399));
#9394=CARTESIAN_POINT('',(0.,0.,0.));
#9395=CARTESIAN_POINT('',(-0.0806303650836714,0.0699557654107106,0.0206375));
#9396=CARTESIAN_POINT('',(0.081702333464123,0.0673903654107106,0.21209));
#9397=CARTESIAN_POINT('',(0.0889,0.,0.003175));
#9398=CARTESIAN_POINT('',(0.0889,0.,-0.003175));
#9399=CARTESIAN_POINT('',(0.0889,0.0889,-0.003175));
#9400=CARTESIAN_POINT('',(0.0889,-0.0889,-0.003175));
#9401=CARTESIAN_POINT('',(0.0889,0.0889,0.003175));
#9402=CARTESIAN_POINT('',(0.0889,0.0889,0.003175));
#9403=CARTESIAN_POINT('',(0.0889,0.,0.003175));
#9404=CARTESIAN_POINT('',(0.0889,-0.0889,0.003175));
#9405=CARTESIAN_POINT('',(0.0889,-0.0889,0.003175));
#9406=CARTESIAN_POINT('',(1.38777878078145E-17,0.0889,0.003175));
#9407=CARTESIAN_POINT('',(1.38777878078145E-17,0.0889,-0.003175));
#9408=CARTESIAN_POINT('',(-0.0889,0.0889,-0.003175));
#9409=CARTESIAN_POINT('',(-0.0889,0.0889,0.003175));
#9410=CARTESIAN_POINT('',(-0.0889,0.0889,0.003175));
#9411=CARTESIAN_POINT('',(1.38777878078145E-17,0.0889,0.003175));
#9412=CARTESIAN_POINT('',(-0.0889,2.77555756156289E-17,0.003175));
#9413=CARTESIAN_POINT('',(-0.0889,2.77555756156289E-17,-0.003175));
#9414=CARTESIAN_POINT('',(-0.0889,-0.0889,-0.003175));
#9415=CARTESIAN_POINT('',(-0.0889,-0.0889,0.003175));
#9416=CARTESIAN_POINT('',(-0.0889,-0.0889,0.003175));
#9417=CARTESIAN_POINT('',(-0.0889,2.77555756156289E-17,0.003175));
#9418=CARTESIAN_POINT('',(0.0722458804,-0.0574294,0.003175));
#9419=CARTESIAN_POINT('',(0.0722458804,-0.0574294,0.003175));
#9420=CARTESIAN_POINT('',(0.0747858804,-0.0574294,0.003175));
#9421=CARTESIAN_POINT('',(0.0722458804,-0.0574294,-0.003175));
#9422=CARTESIAN_POINT('',(0.0747858804,-0.0574294,-0.003175));
#9423=CARTESIAN_POINT('',(-0.0806196,0.06985,0.003175));
#9424=CARTESIAN_POINT('',(-0.0806196,0.06985,0.003175));
#9425=CARTESIAN_POINT('',(-0.0780796,0.06985,0.003175));
#9426=CARTESIAN_POINT('',(-0.0806196,0.06985,-0.003175));
#9427=CARTESIAN_POINT('',(-0.0780796,0.06985,-0.003175));
#9428=CARTESIAN_POINT('',(0.,-0.0889,0.003175));
#9429=CARTESIAN_POINT('',(0.,-0.0889,-0.003175));
#9430=CARTESIAN_POINT('',(0.,-0.0889,0.003175));
#9431=CARTESIAN_POINT('',(-0.0806196,0.08255,0.003175));
#9432=CARTESIAN_POINT('',(-0.0806196,0.08255,0.003175));
#9433=CARTESIAN_POINT('',(-0.0780796,0.08255,0.003175));
#9434=CARTESIAN_POINT('',(-0.0806196,0.08255,-0.003175));
#9435=CARTESIAN_POINT('',(-0.0780796,0.08255,-0.003175));
#9436=CARTESIAN_POINT('',(0.0722458804,0.0695706,0.003175));
#9437=CARTESIAN_POINT('',(0.0722458804,0.0695706,0.003175));
#9438=CARTESIAN_POINT('',(0.0747858804,0.0695706,0.003175));
#9439=CARTESIAN_POINT('',(0.0722458804,0.0695706,-0.003175));
#9440=CARTESIAN_POINT('',(0.0747858804,0.0695706,-0.003175));
#9441=CARTESIAN_POINT('',(0.,0.,0.003175));
#9442=CARTESIAN_POINT('',(0.,0.,-0.003175));
#9443=CARTESIAN_POINT('',(-1.07650836710729E-5,0.0001057654107106,0.003175));
#9444=CARTESIAN_POINT('',(-0.0271187195212594,0.0687111654107106,0.1197864));
#9445=CARTESIAN_POINT('',(4.33680868994202E-18,-0.003175,-0.03683));
#9446=CARTESIAN_POINT('',(4.33680868994202E-18,-0.003175,-0.03683));
#9447=CARTESIAN_POINT('',(4.33680868994202E-18,-0.003175,-0.03937));
#9448=CARTESIAN_POINT('',(4.33680868994202E-18,-0.000127,-0.03683));
#9449=CARTESIAN_POINT('',(4.33680868994202E-18,-0.000127,-0.03937));
#9450=CARTESIAN_POINT('',(-0.00635,-0.003175,-0.003926420532019));
#9451=CARTESIAN_POINT('',(-0.00635,0.003175,-0.003926420532019));
#9452=CARTESIAN_POINT('',(-0.00635,0.003175,-0.007852841064038));
#9453=CARTESIAN_POINT('',(-0.00635,0.003175,0.00785284106403801));
#9454=CARTESIAN_POINT('',(-0.00635,-0.003175,-0.007852841064038));
#9455=CARTESIAN_POINT('',(-0.00635,-0.003175,-0.007852841064038));
#9456=CARTESIAN_POINT('',(-0.00635,-0.003175,-0.003926420532019));
#9457=CARTESIAN_POINT('',(-0.00635,-0.003175,0.00785284106403801));
#9458=CARTESIAN_POINT('',(-0.00635,-0.003175,0.00785284106403801));
#9459=CARTESIAN_POINT('',(-0.0629412,-0.003175,-0.00785284106403804));
#9460=CARTESIAN_POINT('',(-0.0629412,0.003175,-0.00785284106403804));
#9461=CARTESIAN_POINT('',(-0.0115361436950147,0.003175,-0.0315189371451682));
#9462=CARTESIAN_POINT('',(-0.0115361436950147,-0.003175,-0.0315189371451682));
#9463=CARTESIAN_POINT('',(-0.0115361436950147,-0.003175,-0.0315189371451682));
#9464=CARTESIAN_POINT('',(-0.0629412,-0.003175,-0.00785284106403804));
#9465=CARTESIAN_POINT('',(4.51865427208439E-18,-0.003175,-0.03683));
#9466=CARTESIAN_POINT('',(4.51865427208439E-18,0.003175,-0.03683));
#9467=CARTESIAN_POINT('',(0.0115361436950147,0.003175,-0.0315189371451682));
#9468=CARTESIAN_POINT('',(0.0115361436950147,-0.003175,-0.0315189371451682));
#9469=CARTESIAN_POINT('',(0.0115361436950147,-0.003175,-0.0315189371451682));
#9470=CARTESIAN_POINT('',(4.51865427208439E-18,-0.003175,-0.03683));
#9471=CARTESIAN_POINT('',(0.0629412,-0.003175,-0.00785284106403802));
#9472=CARTESIAN_POINT('',(0.0629412,0.003175,-0.00785284106403802));
#9473=CARTESIAN_POINT('',(0.00635,0.003175,-0.007852841064038));
#9474=CARTESIAN_POINT('',(0.00635,-0.003175,-0.007852841064038));
#9475=CARTESIAN_POINT('',(0.00635,-0.003175,-0.007852841064038));
#9476=CARTESIAN_POINT('',(0.0629412,-0.003175,-0.00785284106403802));
#9477=CARTESIAN_POINT('',(0.00635,-0.003175,-0.003926420532019));
#9478=CARTESIAN_POINT('',(0.00635,0.003175,-0.003926420532019));
#9479=CARTESIAN_POINT('',(0.00635,0.003175,0.00785284106403803));
#9480=CARTESIAN_POINT('',(0.00635,-0.003175,0.00785284106403803));
#9481=CARTESIAN_POINT('',(0.00635,-0.003175,0.00785284106403803));
#9482=CARTESIAN_POINT('',(0.00635,-0.003175,-0.003926420532019));
#9483=CARTESIAN_POINT('',(0.0629412,-0.003175,0.00785284106403802));
#9484=CARTESIAN_POINT('',(0.0629412,0.003175,0.00785284106403802));
#9485=CARTESIAN_POINT('',(0.0115361436950146,0.003175,0.0315189371451682));
#9486=CARTESIAN_POINT('',(0.0115361436950146,-0.003175,0.0315189371451682));
#9487=CARTESIAN_POINT('',(0.0115361436950146,-0.003175,0.0315189371451682));
#9488=CARTESIAN_POINT('',(0.0629412,-0.003175,0.00785284106403802));
#9489=CARTESIAN_POINT('',(-1.78625873177132E-17,-0.003175,0.03683));
#9490=CARTESIAN_POINT('',(-1.78625873177132E-17,0.003175,0.03683));
#9491=CARTESIAN_POINT('',(-0.0115361436950147,0.003175,0.0315189371451682));
#9492=CARTESIAN_POINT('',(-0.0115361436950147,-0.003175,0.0315189371451682));
#9493=CARTESIAN_POINT('',(-0.0115361436950147,-0.003175,0.0315189371451682));
#9494=CARTESIAN_POINT('',(-1.78625873177132E-17,-0.003175,0.03683));
#9495=CARTESIAN_POINT('',(-1.34441069388203E-17,-0.003175,0.03683));
#9496=CARTESIAN_POINT('',(-1.34441069388203E-17,-0.003175,0.03683));
#9497=CARTESIAN_POINT('',(-1.34441069388203E-17,-0.003175,0.03429));
#9498=CARTESIAN_POINT('',(-1.34441069388203E-17,0.003175,0.03683));
#9499=CARTESIAN_POINT('',(-1.34441069388203E-17,0.003175,0.03429));
#9500=CARTESIAN_POINT('',(-0.0629412,-0.003175,0.007852841064038));
#9501=CARTESIAN_POINT('',(-0.0629412,0.003175,0.007852841064038));
#9502=CARTESIAN_POINT('',(-0.0629412,-0.003175,0.007852841064038));
#9503=CARTESIAN_POINT('',(-3.46944695195361E-18,-0.003175,0.));
#9504=CARTESIAN_POINT('',(-3.46944695195361E-18,0.003175,0.));
#9505=CARTESIAN_POINT('',(-0.00417943859866369,0.003175,-0.034417));
#9506=CARTESIAN_POINT('',(-0.00557258479821826,0.003175,-0.03683));
#9507=CARTESIAN_POINT('',(-0.00278629239910913,0.003175,-0.032004));
#9508=CARTESIAN_POINT('',(-0.00417943859866369,0.003175,-0.039243));
#9509=CARTESIAN_POINT('',(-0.00278629239910913,0.003175,-0.041656));
#9510=CARTESIAN_POINT('',(6.93889390390723E-18,0.003175,-0.041656));
#9511=CARTESIAN_POINT('',(0.00278629239910914,0.003175,-0.041656));
#9512=CARTESIAN_POINT('',(0.00417943859866371,0.003175,-0.039243));
#9513=CARTESIAN_POINT('',(0.00557258479821827,0.003175,-0.03683));
#9514=CARTESIAN_POINT('',(0.00417943859866371,0.003175,-0.034417));
#9515=CARTESIAN_POINT('',(0.00278629239910914,0.003175,-0.032004));
#9516=CARTESIAN_POINT('',(3.46944695195361E-18,0.003175,-0.032004));
#9517=CARTESIAN_POINT('',(-0.00417943859866369,-0.000127,-0.039243));
#9518=CARTESIAN_POINT('',(-0.00557258479821826,-0.000127,-0.03683));
#9519=CARTESIAN_POINT('',(-0.00557258479821826,-0.000127,-0.03683));
#9520=CARTESIAN_POINT('',(-0.00417943859866369,-0.000127,-0.039243));
#9521=CARTESIAN_POINT('',(-0.00278629239910913,-0.000127,-0.041656));
#9522=CARTESIAN_POINT('',(-0.00278629239910913,-0.000127,-0.041656));
#9523=CARTESIAN_POINT('',(-0.00417943859866369,-0.000127,-0.034417));
#9524=CARTESIAN_POINT('',(-0.00278629239910913,-0.000127,-0.032004));
#9525=CARTESIAN_POINT('',(-0.00278629239910913,-0.000127,-0.032004));
#9526=CARTESIAN_POINT('',(-0.00417943859866369,-0.000127,-0.034417));
#9527=CARTESIAN_POINT('',(3.46944695195361E-18,-0.000127,-0.032004));
#9528=CARTESIAN_POINT('',(0.00278629239910914,-0.000127,-0.032004));
#9529=CARTESIAN_POINT('',(0.00278629239910914,-0.000127,-0.032004));
#9530=CARTESIAN_POINT('',(3.46944695195361E-18,-0.000127,-0.032004));
#9531=CARTESIAN_POINT('',(0.00417943859866371,-0.000127,-0.034417));
#9532=CARTESIAN_POINT('',(0.00557258479821827,-0.000127,-0.03683));
#9533=CARTESIAN_POINT('',(0.00557258479821827,-0.000127,-0.03683));
#9534=CARTESIAN_POINT('',(0.00417943859866371,-0.000127,-0.034417));
#9535=CARTESIAN_POINT('',(0.00417943859866371,-0.000127,-0.039243));
#9536=CARTESIAN_POINT('',(0.00278629239910914,-0.000127,-0.041656));
#9537=CARTESIAN_POINT('',(0.00278629239910914,-0.000127,-0.041656));
#9538=CARTESIAN_POINT('',(0.00417943859866371,-0.000127,-0.039243));
#9539=CARTESIAN_POINT('',(6.93889390390723E-18,-0.000127,-0.041656));
#9540=CARTESIAN_POINT('',(6.93889390390723E-18,-0.000127,-0.041656));
#9541=CARTESIAN_POINT('',(1.7347234759768E-18,-0.000127,6.93889390390723E-18));
#9542=CARTESIAN_POINT('',(0.105918717827643,0.0502707654107111,0.190524444341814));
#9543=CARTESIAN_POINT('',(-0.0806303650836714,0.0826557654107105,-0.0025654));
#9544=CARTESIAN_POINT('',(-0.0041794385986637,-0.00381,-0.00226192090749167));
#9545=CARTESIAN_POINT('',(-0.00557258479821827,-0.00381,0.000151079092508332));
#9546=CARTESIAN_POINT('',(-0.00557258479821827,0.,0.000151079092508332));
#9547=CARTESIAN_POINT('',(-0.00557258479821827,0.00381,0.000151079092508332));
#9548=CARTESIAN_POINT('',(-0.0041794385986637,0.,-0.00226192090749167));
#9549=CARTESIAN_POINT('',(-0.00278629239910913,0.,-0.00467492090749167));
#9550=CARTESIAN_POINT('',(-0.00278629239910913,-0.00381,-0.00467492090749167));
#9551=CARTESIAN_POINT('',(-0.00278629239910913,0.00381,-0.00467492090749167));
#9552=CARTESIAN_POINT('',(-0.0041794385986637,0.00381,-0.00226192090749167));
#9553=CARTESIAN_POINT('',(-0.00417943859866371,-0.00381,0.00256407909250834));
#9554=CARTESIAN_POINT('',(-0.00278629239910914,-0.00381,0.00497707909250833));
#9555=CARTESIAN_POINT('',(-0.00278629239910914,0.,0.00497707909250834));
#9556=CARTESIAN_POINT('',(-0.00278629239910914,0.00381,0.00497707909250833));
#9557=CARTESIAN_POINT('',(-0.00417943859866371,0.,0.00256407909250834));
#9558=CARTESIAN_POINT('',(-0.00417943859866371,0.00381,0.00256407909250834));
#9559=CARTESIAN_POINT('',(-2.16840434497101E-18,-0.00381,0.00497707909250834));
#9560=CARTESIAN_POINT('',(0.00278629239910913,-0.00381,0.00497707909250834));
#9561=CARTESIAN_POINT('',(0.00278629239910913,0.,0.00497707909250834));
#9562=CARTESIAN_POINT('',(0.00278629239910913,0.00381,0.00497707909250834));
#9563=CARTESIAN_POINT('',(-2.16840434497101E-18,0.,0.00497707909250834));
#9564=CARTESIAN_POINT('',(-2.16840434497101E-18,0.00381,0.00497707909250834));
#9565=CARTESIAN_POINT('',(0.0041794385986637,-0.00381,0.00256407909250834));
#9566=CARTESIAN_POINT('',(0.00557258479821827,-0.00381,0.00015107909250834));
#9567=CARTESIAN_POINT('',(0.00557258479821827,0.,0.000151079092508339));
#9568=CARTESIAN_POINT('',(0.00557258479821827,0.00381,0.00015107909250834));
#9569=CARTESIAN_POINT('',(0.0041794385986637,0.,0.00256407909250834));
#9570=CARTESIAN_POINT('',(0.0041794385986637,0.00381,0.00256407909250834));
#9571=CARTESIAN_POINT('',(0.00417943859866371,-0.00381,-0.00226192090749166));
#9572=CARTESIAN_POINT('',(0.00278629239910913,-0.00381,-0.00467492090749166));
#9573=CARTESIAN_POINT('',(0.00278629239910913,0.,-0.00467492090749166));
#9574=CARTESIAN_POINT('',(0.00278629239910913,0.00381,-0.00467492090749166));
#9575=CARTESIAN_POINT('',(0.00417943859866371,0.,-0.00226192090749166));
#9576=CARTESIAN_POINT('',(0.00417943859866371,0.00381,-0.00226192090749166));
#9577=CARTESIAN_POINT('',(2.16840434497101E-18,-0.00381,-0.00467492090749167));
#9578=CARTESIAN_POINT('',(2.16840434497101E-18,0.,-0.00467492090749167));
#9579=CARTESIAN_POINT('',(2.16840434497101E-18,0.00381,-0.00467492090749167));
#9580=CARTESIAN_POINT('',(-0.0370097762642026,-0.00381,0.131236310144715));
#9581=CARTESIAN_POINT('',(-0.0370097762642026,0.00381,0.131236310144715));
#9582=CARTESIAN_POINT('',(-0.011612970746982,0.00381,0.131639137056017));
#9583=CARTESIAN_POINT('',(-0.0132823604460745,0.00381,0.140301062683733));
#9584=CARTESIAN_POINT('',(-0.011612970746982,-0.00381,0.131639137056017));
#9585=CARTESIAN_POINT('',(-0.011612970746982,-0.00381,0.131639137056017));
#9586=CARTESIAN_POINT('',(-0.0370097762642026,-0.00381,0.131236310144715));
#9587=CARTESIAN_POINT('',(-0.0132823604460745,-0.00381,0.140301062683733));
#9588=CARTESIAN_POINT('',(-0.0132823604460745,-0.00381,0.140301062683733));
#9589=CARTESIAN_POINT('',(-0.010568985373491,-0.00381,0.0658195685280084));
#9590=CARTESIAN_POINT('',(-0.010568985373491,0.00381,0.0658195685280084));
#9591=CARTESIAN_POINT('',(-0.009525,0.00381,-2.84603070277445E-18));
#9592=CARTESIAN_POINT('',(-0.009525,-0.00381,-2.84603070277445E-18));
#9593=CARTESIAN_POINT('',(-0.009525,-0.00389034654303115,-2.84603070277445E-18));
#9594=CARTESIAN_POINT('',(-0.00952499999999403,-0.00389034654303115,9.1695536281445E-17));
#9595=CARTESIAN_POINT('',(-0.00954368296700785,-0.00389034654303115,0.00117789468980835));
#9596=CARTESIAN_POINT('',(-0.00956233694981873,-0.00381,0.0023539620282262));
#9597=CARTESIAN_POINT('',(-0.00958101991683255,-0.00381,0.00353185671803446));
#9598=CARTESIAN_POINT('',(-0.00958101991683255,-0.00381,0.00353185671803446));
#9599=CARTESIAN_POINT('',(-0.010568985373491,-0.00381,0.0658195685280084));
#9600=CARTESIAN_POINT('',(5.9613772251943E-15,-0.00381,0.000151079092508336));
#9601=CARTESIAN_POINT('',(5.9613772251943E-15,0.00381,0.000151079092508336));
#9602=CARTESIAN_POINT('',(0.009525,0.00381,-2.77555756156289E-17));
#9603=CARTESIAN_POINT('',(0.009525,-0.00381,-2.77555756156289E-17));
#9604=CARTESIAN_POINT('',(0.009525,-0.0038903465430296,-2.77555756156289E-17));
#9605=CARTESIAN_POINT('',(-9.69279525625675E-19,-0.0038903465430296,0.000151079092508335));
#9606=CARTESIAN_POINT('',(0.0105318977892577,-0.00381,0.0634813281139488));
#9607=CARTESIAN_POINT('',(0.0105318977892577,0.00381,0.0634813281139488));
#9608=CARTESIAN_POINT('',(0.0115387955785151,0.00381,0.126962656227898));
#9609=CARTESIAN_POINT('',(0.0115387955785151,-0.00381,0.126962656227898));
#9610=CARTESIAN_POINT('',(0.0115387955785151,-0.00381,0.126962656227898));
#9611=CARTESIAN_POINT('',(0.0105318977892577,-0.00381,0.0634813281139488));
#9612=CARTESIAN_POINT('',(0.00958101991683259,-0.00381,0.00353185671803433));
#9613=CARTESIAN_POINT('',(0.00958101991683259,-0.00381,0.00353185671803433));
#9614=CARTESIAN_POINT('',(0.00956233694981877,-0.00381,0.00235396202822613));
#9615=CARTESIAN_POINT('',(0.00954368296701382,-0.0038903465430296,0.00117789468980817));
#9616=CARTESIAN_POINT('',(0.009525,-0.0038903465430296,-2.8216768031859E-17));
#9617=CARTESIAN_POINT('',(-0.0138580099387053,-0.00381,0.1273654831392));
#9618=CARTESIAN_POINT('',(-0.0138580099387053,0.00381,0.1273654831392));
#9619=CARTESIAN_POINT('',(0.00595492329974846,0.00381,0.143259119491166));
#9620=CARTESIAN_POINT('',(0.00595492329974846,-0.00381,0.143259119491166));
#9621=CARTESIAN_POINT('',(0.00595492329974846,-0.00381,0.143259119491166));
#9622=CARTESIAN_POINT('',(-0.0138580099387053,-0.00381,0.1273654831392));
#9623=CARTESIAN_POINT('',(-0.0033550663893412,-0.00381,0.154864909385674));
#9624=CARTESIAN_POINT('',(-0.0033550663893412,0.00381,0.154864909385674));
#9625=CARTESIAN_POINT('',(-0.012665056078431,0.00381,0.166470699280181));
#9626=CARTESIAN_POINT('',(-0.012665056078431,-0.00381,0.166470699280181));
#9627=CARTESIAN_POINT('',(-0.012665056078431,-0.00381,0.166470699280181));
#9628=CARTESIAN_POINT('',(-0.0033550663893412,-0.00381,0.154864909385674));
#9629=CARTESIAN_POINT('',(-0.0166276427261218,-0.00381,0.163291972009788));
#9630=CARTESIAN_POINT('',(-0.0166276427261218,0.00381,0.163291972009788));
#9631=CARTESIAN_POINT('',(-0.0213731258897474,0.00381,0.161479021501984));
#9632=CARTESIAN_POINT('',(-0.0213731258897474,-0.00381,0.161479021501984));
#9633=CARTESIAN_POINT('',(-0.0213731258897474,-0.00381,0.161479021501984));
#9634=CARTESIAN_POINT('',(-0.0166276427261218,-0.00381,0.163291972009788));
#9635=CARTESIAN_POINT('',(-0.017327743167911,-0.00381,0.150890042092859));
#9636=CARTESIAN_POINT('',(-0.017327743167911,0.00381,0.150890042092859));
#9637=CARTESIAN_POINT('',(-0.017327743167911,-0.00381,0.150890042092859));
#9638=CARTESIAN_POINT('',(5.20417042793042E-18,-0.00381,0.136117279092508));
#9639=CARTESIAN_POINT('',(5.20417042793042E-18,-0.00381,0.136117279092508));
#9640=CARTESIAN_POINT('',(5.20417042793042E-18,-0.00381,0.133577279092508));
#9641=CARTESIAN_POINT('',(5.20417042793042E-18,0.00381,0.136117279092508));
#9642=CARTESIAN_POINT('',(5.20417042793042E-18,0.00381,0.133577279092508));
#9643=CARTESIAN_POINT('',(-0.00501182136306091,-0.00381,0.0794984265102873));
#9644=CARTESIAN_POINT('',(-9.69279525625675E-19,-0.00381,0.000151079092508335));
#9645=CARTESIAN_POINT('',(-0.00501182136306091,0.00381,0.0794984265102873));
#9646=CARTESIAN_POINT('',(-9.69279525625675E-19,-0.02032,0.000151079092508335));
#9647=CARTESIAN_POINT('',(-9.69279525625675E-19,-0.00635,0.000151079092508335));
#9648=CARTESIAN_POINT('',(-9.69279525625675E-19,-0.00635,-0.00746892090749166));
#9649=CARTESIAN_POINT('',(-9.69279525625675E-19,-0.02032,0.000151079092508335));
#9650=CARTESIAN_POINT('',(0.00762,-0.02032,0.000151079092508335));
#9651=CARTESIAN_POINT('',(-9.69279525625675E-19,-0.02032,0.000151079092508335));
#9652=CARTESIAN_POINT('',(-9.69279525625675E-19,-0.02032,0.000151079092508335));
#9653=CARTESIAN_POINT('',(0.00254,-0.02032,0.000151079092508335));
#9654=CARTESIAN_POINT('',(-9.69279525625675E-19,0.,0.000151079092508335));
#9655=CARTESIAN_POINT('',(0.00254,0.,0.000151079092508335));
#9656=CARTESIAN_POINT('',(-9.69279525625675E-19,-0.02032,0.000151079092508335));
#9657=CARTESIAN_POINT('',(-9.69279525625675E-19,0.,0.000151079092508335));
#9658=CARTESIAN_POINT('',(-9.69279525625675E-19,-0.00635,0.000151079092508335));
#9659=CARTESIAN_POINT('',(-0.0272650178126055,0.0432857654107111,0.119748694534317));
#9660=CARTESIAN_POINT('',(-0.0271187195212595,0.041698265410711,0.1197864));
#9661=CARTESIAN_POINT('',(0.104544917124682,0.0517312654107111,0.153720075421418));
#9662=CARTESIAN_POINT('',(-0.0806303650836714,0.0826557654107106,0.0206375));
#9663=CARTESIAN_POINT('',(0.107292518530604,0.0445303654107111,0.227328813262209));
#9664=CARTESIAN_POINT('',(-0.0806303650836714,0.0699557654107106,-0.0025654));
#9665=CARTESIAN_POINT('',(0.0742114366192608,-0.0127,0.14224));
#9666=CARTESIAN_POINT('',(0.119996484345567,-0.0127,0.14224));
#9667=CARTESIAN_POINT('',(0.00875110873549342,-0.0127,0.14224));
#9668=CARTESIAN_POINT('',(0.139671764503028,-0.0127,0.14224));
#9669=CARTESIAN_POINT('',(0.00875110873549342,-0.0127,0.14224));
#9670=CARTESIAN_POINT('',(0.00875110873549342,0.0127,0.14224));
#9671=CARTESIAN_POINT('',(0.119996484345567,0.0127,0.14224));
#9672=CARTESIAN_POINT('',(0.139671764503028,0.0127,0.14224));
#9673=CARTESIAN_POINT('',(0.139671764503028,-0.0127,0.14224));
#9674=CARTESIAN_POINT('',(0.0932614366192608,-1.04083408558608E-17,0.14224));
#9675=CARTESIAN_POINT('',(0.0932614366192608,-0.00635,0.14224));
#9676=CARTESIAN_POINT('',(0.0932614366192608,0.00635,0.14224));
#9677=CARTESIAN_POINT('',(0.112311436619261,-0.00635,0.14224));
#9678=CARTESIAN_POINT('',(0.131361436619261,-0.00635,0.14224));
#9679=CARTESIAN_POINT('',(0.131361436619261,-1.38777878078145E-17,0.14224));
#9680=CARTESIAN_POINT('',(0.131361436619261,0.00635,0.14224));
#9681=CARTESIAN_POINT('',(0.112311436619261,0.00635,0.14224));
#9682=CARTESIAN_POINT('',(0.0170614366192609,-1.38777878078145E-17,0.14224));
#9683=CARTESIAN_POINT('',(0.0170614366192609,-0.00635,0.14224));
#9684=CARTESIAN_POINT('',(0.0170614366192609,0.00635,0.14224));
#9685=CARTESIAN_POINT('',(0.0361114366192608,-0.00635,0.14224));
#9686=CARTESIAN_POINT('',(0.0551614366192608,-0.00635,0.14224));
#9687=CARTESIAN_POINT('',(0.0551614366192608,-1.04083408558608E-17,0.14224));
#9688=CARTESIAN_POINT('',(0.0551614366192608,0.00635,0.14224));
#9689=CARTESIAN_POINT('',(0.0361114366192608,0.00635,0.14224));
#9690=CARTESIAN_POINT('',(0.0341511087354935,-0.0127,0.14224));
#9691=CARTESIAN_POINT('',(0.0341511087354935,-0.0127,0.14224));
#9692=CARTESIAN_POINT('',(0.01905,-0.0127,0.162663430538448));
#9693=CARTESIAN_POINT('',(0.01905,-0.0127,0.162663430538448));
#9694=CARTESIAN_POINT('',(0.01905,0.0127,0.162663430538448));
#9695=CARTESIAN_POINT('',(0.0341511087354935,0.0127,0.14224));
#9696=CARTESIAN_POINT('',(0.161668809759153,-0.0127,0.12954));
#9697=CARTESIAN_POINT('',(0.161668809759153,-0.0127,0.12954));
#9698=CARTESIAN_POINT('',(0.161668809759153,-0.0127,0.15494));
#9699=CARTESIAN_POINT('',(0.161668809759153,0.0127,0.12954));
#9700=CARTESIAN_POINT('',(0.161668809759153,0.0127,0.15494));
#9701=CARTESIAN_POINT('',(0.161668809759153,-0.0127,0.15494));
#9702=CARTESIAN_POINT('',(0.119996484345567,-0.0127,0.12827));
#9703=CARTESIAN_POINT('',(0.188298252915541,-0.0127,0.20574));
#9704=CARTESIAN_POINT('',(0.188298252915541,-0.0127,0.196088));
#9705=CARTESIAN_POINT('',(0.213698252915541,-0.0127,0.20574));
#9706=CARTESIAN_POINT('',(0.213698252915541,-0.0127,0.19939));
#9707=CARTESIAN_POINT('',(0.162898252915541,-0.0127,0.20574));
#9708=CARTESIAN_POINT('',(0.162898252915541,-0.0127,0.19939));
#9709=CARTESIAN_POINT('',(0.191940889225144,-0.0127,0.15494));
#9710=CARTESIAN_POINT('',(0.222212968691135,-0.0127,0.15494));
#9711=CARTESIAN_POINT('',(0.222212968691135,-0.0127,0.18034));
#9712=CARTESIAN_POINT('',(0.247612968691134,-0.0127,0.18034));
#9713=CARTESIAN_POINT('',(0.247612968691134,-0.0127,0.20574));
#9714=CARTESIAN_POINT('',(0.247612968691134,-0.0127,0.23114));
#9715=CARTESIAN_POINT('',(0.222212968691135,-0.0127,0.23114));
#9716=CARTESIAN_POINT('',(0.222212968691135,-0.0127,0.25654));
#9717=CARTESIAN_POINT('',(0.188298252915541,-0.0127,0.25654));
#9718=CARTESIAN_POINT('',(0.154383537139948,-0.0127,0.25654));
#9719=CARTESIAN_POINT('',(0.154383537139948,-0.0127,0.23114));
#9720=CARTESIAN_POINT('',(0.139282428404454,-0.0127,0.251563430538448));
#9721=CARTESIAN_POINT('',(0.0791662142022281,-0.0127,0.207113430538446));
#9722=CARTESIAN_POINT('',(0.119996484345567,0.0127,0.12827));
#9723=CARTESIAN_POINT('',(0.213698252915541,0.0127,0.20574));
#9724=CARTESIAN_POINT('',(0.213698252915541,0.0127,0.2032));
#9725=CARTESIAN_POINT('',(0.162898252915541,0.0127,0.20574));
#9726=CARTESIAN_POINT('',(0.162898252915541,0.0127,0.2032));
#9727=CARTESIAN_POINT('',(0.188298252915541,0.0127,0.20574));
#9728=CARTESIAN_POINT('',(0.188298252915541,0.0127,0.196088));
#9729=CARTESIAN_POINT('',(0.0791662142022281,0.0127,0.207113430538446));
#9730=CARTESIAN_POINT('',(0.139282428404454,0.0127,0.251563430538448));
#9731=CARTESIAN_POINT('',(0.154383537139948,0.0127,0.23114));
#9732=CARTESIAN_POINT('',(0.154383537139948,0.0127,0.25654));
#9733=CARTESIAN_POINT('',(0.188298252915541,0.0127,0.25654));
#9734=CARTESIAN_POINT('',(0.222212968691135,0.0127,0.25654));
#9735=CARTESIAN_POINT('',(0.222212968691135,0.0127,0.23114));
#9736=CARTESIAN_POINT('',(0.247612968691134,0.0127,0.23114));
#9737=CARTESIAN_POINT('',(0.247612968691134,0.0127,0.20574));
#9738=CARTESIAN_POINT('',(0.247612968691134,0.0127,0.18034));
#9739=CARTESIAN_POINT('',(0.222212968691135,0.0127,0.18034));
#9740=CARTESIAN_POINT('',(0.222212968691135,0.0127,0.15494));
#9741=CARTESIAN_POINT('',(0.191940889225144,0.0127,0.15494));
#9742=CARTESIAN_POINT('',(0.162898252915541,-0.0127,0.20574));
#9743=CARTESIAN_POINT('',(0.162898252915541,-0.00635,0.20574));
#9744=CARTESIAN_POINT('',(0.162898252915541,-0.00635,0.2032));
#9745=CARTESIAN_POINT('',(0.213698252915541,-0.0127,0.20574));
#9746=CARTESIAN_POINT('',(0.213698252915541,-0.00635,0.20574));
#9747=CARTESIAN_POINT('',(0.213698252915541,-0.00635,0.2032));
#9748=CARTESIAN_POINT('',(0.247612968691134,-0.0127,0.20574));
#9749=CARTESIAN_POINT('',(0.247612968691134,-0.0127,0.23114));
#9750=CARTESIAN_POINT('',(0.247612968691134,-0.0127,0.18034));
#9751=CARTESIAN_POINT('',(0.222212968691135,-0.0127,0.23114));
#9752=CARTESIAN_POINT('',(0.222212968691135,-0.0127,0.25654));
#9753=CARTESIAN_POINT('',(0.188298252915541,-0.0127,0.25654));
#9754=CARTESIAN_POINT('',(0.154383537139948,-0.0127,0.25654));
#9755=CARTESIAN_POINT('',(0.154383537139948,-0.0127,0.23114));
#9756=CARTESIAN_POINT('',(0.139282428404454,-0.0127,0.251563430538448));
#9757=CARTESIAN_POINT('',(0.0791662142022281,-0.0127,0.207113430538446));
#9758=CARTESIAN_POINT('',(0.191940889225144,-0.0127,0.15494));
#9759=CARTESIAN_POINT('',(0.222212968691135,-0.0127,0.15494));
#9760=CARTESIAN_POINT('',(0.222212968691135,-0.0127,0.18034));
#9761=CARTESIAN_POINT('',(0.188298252915541,-0.0127,0.20574));
#9762=CARTESIAN_POINT('',(0.213698252915541,-0.00635,0.20574));
#9763=CARTESIAN_POINT('',(0.213698252915541,-0.00635,0.20574));
#9764=CARTESIAN_POINT('',(0.213698252915541,-0.00635,0.19939));
#9765=CARTESIAN_POINT('',(0.119996484345567,-0.00635,0.12827));
#9766=CARTESIAN_POINT('',(0.162898252915541,-0.00635,0.20574));
#9767=CARTESIAN_POINT('',(0.162898252915541,-0.00635,0.20574));
#9768=CARTESIAN_POINT('',(0.162898252915541,-0.00635,0.19939));
#9769=CARTESIAN_POINT('',(0.119996484345567,-0.00635,0.12827));
#9770=CARTESIAN_POINT('',(0.112311436619261,-0.00635,0.12954));
#9771=CARTESIAN_POINT('',(0.0932614366192608,-0.00635,0.12954));
#9772=CARTESIAN_POINT('',(0.0932614366192608,-0.00635,0.12954));
#9773=CARTESIAN_POINT('',(0.112311436619261,-0.00635,0.12954));
#9774=CARTESIAN_POINT('',(0.131361436619261,-0.00635,0.12954));
#9775=CARTESIAN_POINT('',(0.131361436619261,-0.00635,0.12954));
#9776=CARTESIAN_POINT('',(0.0932614366192608,-1.04083408558608E-17,0.12954));
#9777=CARTESIAN_POINT('',(0.0932614366192608,0.00635,0.12954));
#9778=CARTESIAN_POINT('',(0.0932614366192608,0.00635,0.12954));
#9779=CARTESIAN_POINT('',(0.0932614366192608,-1.04083408558608E-17,0.12954));
#9780=CARTESIAN_POINT('',(0.112311436619261,0.00635,0.12954));
#9781=CARTESIAN_POINT('',(0.131361436619261,0.00635,0.12954));
#9782=CARTESIAN_POINT('',(0.131361436619261,0.00635,0.12954));
#9783=CARTESIAN_POINT('',(0.112311436619261,0.00635,0.12954));
#9784=CARTESIAN_POINT('',(0.131361436619261,-1.38777878078145E-17,0.12954));
#9785=CARTESIAN_POINT('',(0.131361436619261,-1.38777878078145E-17,0.12954));
#9786=CARTESIAN_POINT('',(0.0742114366192608,0.,0.12954));
#9787=CARTESIAN_POINT('',(0.0361114366192608,-0.00635,0.12954));
#9788=CARTESIAN_POINT('',(0.0170614366192609,-0.00635,0.12954));
#9789=CARTESIAN_POINT('',(0.0170614366192609,-0.00635,0.12954));
#9790=CARTESIAN_POINT('',(0.0361114366192608,-0.00635,0.12954));
#9791=CARTESIAN_POINT('',(0.0551614366192608,-0.00635,0.12954));
#9792=CARTESIAN_POINT('',(0.0551614366192608,-0.00635,0.12954));
#9793=CARTESIAN_POINT('',(0.0170614366192609,-1.38777878078145E-17,0.12954));
#9794=CARTESIAN_POINT('',(0.0170614366192609,0.00635,0.12954));
#9795=CARTESIAN_POINT('',(0.0170614366192609,0.00635,0.12954));
#9796=CARTESIAN_POINT('',(0.0170614366192609,-1.38777878078145E-17,0.12954));
#9797=CARTESIAN_POINT('',(0.0361114366192608,0.00635,0.12954));
#9798=CARTESIAN_POINT('',(0.0551614366192608,0.00635,0.12954));
#9799=CARTESIAN_POINT('',(0.0551614366192608,0.00635,0.12954));
#9800=CARTESIAN_POINT('',(0.0361114366192608,0.00635,0.12954));
#9801=CARTESIAN_POINT('',(0.0551614366192608,-1.04083408558608E-17,0.12954));
#9802=CARTESIAN_POINT('',(0.0551614366192608,-1.04083408558608E-17,0.12954));
#9803=CARTESIAN_POINT('',(0.0742114366192608,0.,0.12954));
#9804=CARTESIAN_POINT('',(-0.0811959194514182,0.0763057654107106,0.00635000000000008));
#9805=CARTESIAN_POINT('',(0.000565554367746709,-0.00635,-2.00000000000027E-6));
#9806=CARTESIAN_POINT('',(0.000565554367746709,-0.00635,0.));
#9807=CARTESIAN_POINT('',(0.00310555436774671,-0.00635,0.));
#9808=CARTESIAN_POINT('',(0.000565554367746709,-0.00635,0.0127));
#9809=CARTESIAN_POINT('',(0.00310555436774671,-0.00635,0.0127));
#9810=CARTESIAN_POINT('',(0.000565554367746708,0.00635,-2.00000000000027E-6));
#9811=CARTESIAN_POINT('',(0.000565554367746708,0.00635,0.));
#9812=CARTESIAN_POINT('',(0.00310555436774671,0.00635,0.));
#9813=CARTESIAN_POINT('',(0.000565554367746708,0.00635,0.0127));
#9814=CARTESIAN_POINT('',(0.00310555436774671,0.00635,0.0127));
#9815=CARTESIAN_POINT('',(0.119996484345567,-0.01016,0.12827));
#9816=CARTESIAN_POINT('',(0.0540771999301587,-0.01016,0.1134364));
#9817=CARTESIAN_POINT('',(0.0540771999301587,-0.01016,0.1159764));
#9818=CARTESIAN_POINT('',(0.0540771999301587,-0.01016,0.1134364));
#9819=CARTESIAN_POINT('',(0.0540771999301587,-0.01016,0.1197864));
#9820=CARTESIAN_POINT('',(0.0540771999301587,-0.0127,0.1134364));
#9821=CARTESIAN_POINT('',(0.0540771999301587,-0.0127,0.1134364));
#9822=CARTESIAN_POINT('',(0.0540771999301587,-0.0127,0.1108964));
#9823=CARTESIAN_POINT('',(-0.0286815719880571,-0.0127,0.057262207125378));
#9824=CARTESIAN_POINT('',(-0.0286815719880571,0.0127,0.057262207125378));
#9825=CARTESIAN_POINT('',(0.0381,0.0127,0.0127));
#9826=CARTESIAN_POINT('',(0.01905,0.0127,0.121816569461552));
#9827=CARTESIAN_POINT('',(0.0381,-0.0127,0.0127));
#9828=CARTESIAN_POINT('',(0.0381,-0.0127,0.0127));
#9829=CARTESIAN_POINT('',(-0.0286815719880571,-0.0127,0.057262207125378));
#9830=CARTESIAN_POINT('',(0.01905,-0.0127,0.121816569461552));
#9831=CARTESIAN_POINT('',(0.01905,-0.0127,0.121816569461552));
#9832=CARTESIAN_POINT('',(0.01905,-0.0127,0.0127));
#9833=CARTESIAN_POINT('',(0.01905,0.0127,0.0127));
#9834=CARTESIAN_POINT('',(-0.00762,0.0127,0.0127));
#9835=CARTESIAN_POINT('',(-0.00762,-0.0127,0.0127));
#9836=CARTESIAN_POINT('',(-0.00762,-0.0127,0.0127));
#9837=CARTESIAN_POINT('',(0.01905,-0.0127,0.0127));
#9838=CARTESIAN_POINT('',(-0.00762,-0.0127,0.00635));
#9839=CARTESIAN_POINT('',(-0.00762,0.0127,0.00635));
#9840=CARTESIAN_POINT('',(-0.00762,0.0127,0.));
#9841=CARTESIAN_POINT('',(-0.00762,-0.0127,0.));
#9842=CARTESIAN_POINT('',(-0.00762,-0.0127,0.));
#9843=CARTESIAN_POINT('',(-0.00762,-0.0127,0.00635));
#9844=CARTESIAN_POINT('',(-0.00381,-0.0127,0.));
#9845=CARTESIAN_POINT('',(-0.00381,0.0127,0.));
#9846=CARTESIAN_POINT('',(0.127,0.0127,0.));
#9847=CARTESIAN_POINT('',(0.127,-0.0127,0.));
#9848=CARTESIAN_POINT('',(0.127,-0.0127,0.));
#9849=CARTESIAN_POINT('',(-0.00381,-0.0127,0.));
#9850=CARTESIAN_POINT('',(0.127,-0.0127,0.0127));
#9851=CARTESIAN_POINT('',(0.127,0.0127,0.0127));
#9852=CARTESIAN_POINT('',(0.127,0.0127,0.0254));
#9853=CARTESIAN_POINT('',(0.127,-0.0127,0.0254));
#9854=CARTESIAN_POINT('',(0.127,-0.0127,0.0254));
#9855=CARTESIAN_POINT('',(0.127,-0.0127,0.0127));
#9856=CARTESIAN_POINT('',(0.127,-0.0127,0.0254));
#9857=CARTESIAN_POINT('',(0.127,0.0127,0.0254));
#9858=CARTESIAN_POINT('',(0.11970149816961,-0.0127,0.0925301583912486));
#9859=CARTESIAN_POINT('',(0.11970149816961,0.0127,0.0925301583912486));
#9860=CARTESIAN_POINT('',(0.125902644233192,-0.0127,0.114127170950523));
#9861=CARTESIAN_POINT('',(0.125902644233192,0.0127,0.114127170950523));
#9862=CARTESIAN_POINT('',(0.138835625035909,-0.0127,0.140666799872121));
#9863=CARTESIAN_POINT('',(0.138835625035909,0.0127,0.140666799872121));
#9864=CARTESIAN_POINT('',(0.127,0.0127,0.0254));
#9865=CARTESIAN_POINT('',(0.11970149816961,0.0127,0.0925301583912486));
#9866=CARTESIAN_POINT('',(0.125902644233192,0.0127,0.114127170950523));
#9867=CARTESIAN_POINT('',(0.138835625035909,0.0127,0.140666799872121));
#9868=CARTESIAN_POINT('',(0.138835625035909,0.0127,0.140666799872121));
#9869=CARTESIAN_POINT('',(0.138835625035909,-0.0127,0.140666799872121));
#9870=CARTESIAN_POINT('',(0.138835625035909,-0.0127,0.140666799872121));
#9871=CARTESIAN_POINT('',(0.127,-0.0127,0.0254));
#9872=CARTESIAN_POINT('',(0.11970149816961,-0.0127,0.0925301583912486));
#9873=CARTESIAN_POINT('',(0.125902644233192,-0.0127,0.114127170950523));
#9874=CARTESIAN_POINT('',(0.138835625035909,-0.0127,0.140666799872121));
#9875=CARTESIAN_POINT('',(0.0540771999301587,-0.01016,0.1134364));
#9876=CARTESIAN_POINT('',(0.0540771999301587,0.0127,0.1134364));
#9877=CARTESIAN_POINT('',(0.0540771999301587,0.0127,0.1197864));
#9878=CARTESIAN_POINT('',(0.119996484345567,0.0127,0.12827));
#9879=CARTESIAN_POINT('',(0.0341511087354935,0.0127,0.14224));
#9880=CARTESIAN_POINT('',(0.00875110873549342,0.0127,0.14224));
#9881=CARTESIAN_POINT('',(0.119996484345567,0.0127,0.14224));
#9882=CARTESIAN_POINT('',(0.139671764503028,0.0127,0.14224));
#9883=CARTESIAN_POINT('',(0.161668809759153,0.0127,0.12954));
#9884=CARTESIAN_POINT('',(0.119996484345567,-0.0127,0.12827));
#9885=CARTESIAN_POINT('',(0.119996484345567,-0.0127,0.14224));
#9886=CARTESIAN_POINT('',(0.00875110873549342,-0.0127,0.14224));
#9887=CARTESIAN_POINT('',(0.139671764503028,-0.0127,0.14224));
#9888=CARTESIAN_POINT('',(0.0341511087354935,-0.0127,0.14224));
#9889=CARTESIAN_POINT('',(0.161668809759153,-0.0127,0.12954));
#9890=CARTESIAN_POINT('',(0.161668809759153,-0.0127,0.12954));
#9891=CARTESIAN_POINT('',(0.139671764503028,-0.0127,0.14224));
#9892=CARTESIAN_POINT('',(0.0341511087354935,-0.0127,0.14224));
#9893=CARTESIAN_POINT('',(0.00875110873549342,-0.0127,0.14224));
#9894=CARTESIAN_POINT('',(0.0742114366192608,-0.0127,0.14224));
#9895=CARTESIAN_POINT('',(0.131666236619261,-1.38777878078145E-17,0.14224));
#9896=CARTESIAN_POINT('',(0.131666236619261,-0.0066548,0.14224));
#9897=CARTESIAN_POINT('',(0.131666236619261,0.0066548,0.14224));
#9898=CARTESIAN_POINT('',(0.112311436619261,-0.0066548,0.14224));
#9899=CARTESIAN_POINT('',(0.0929566366192608,-0.0066548,0.14224));
#9900=CARTESIAN_POINT('',(0.0929566366192608,-1.04083408558608E-17,0.14224));
#9901=CARTESIAN_POINT('',(0.0929566366192608,0.0066548,0.14224));
#9902=CARTESIAN_POINT('',(0.112311436619261,0.0066548,0.14224));
#9903=CARTESIAN_POINT('',(0.0554662366192608,-1.04083408558608E-17,0.14224));
#9904=CARTESIAN_POINT('',(0.0554662366192608,-0.0066548,0.14224));
#9905=CARTESIAN_POINT('',(0.0554662366192608,0.0066548,0.14224));
#9906=CARTESIAN_POINT('',(0.0361114366192608,-0.0066548,0.14224));
#9907=CARTESIAN_POINT('',(0.0167566366192608,-0.0066548,0.14224));
#9908=CARTESIAN_POINT('',(0.0167566366192608,-1.38777878078145E-17,0.14224));
#9909=CARTESIAN_POINT('',(0.0167566366192608,0.0066548,0.14224));
#9910=CARTESIAN_POINT('',(0.0361114366192608,0.0066548,0.14224));
#9911=CARTESIAN_POINT('',(0.0742114366192608,0.,0.12954));
#9912=CARTESIAN_POINT('',(0.0361114366192608,-0.0066548,0.12954));
#9913=CARTESIAN_POINT('',(0.0167566366192608,-0.0066548,0.12954));
#9914=CARTESIAN_POINT('',(0.0554662366192608,-0.0066548,0.12954));
#9915=CARTESIAN_POINT('',(0.0554662366192608,-1.04083408558608E-17,0.12954));
#9916=CARTESIAN_POINT('',(0.0554662366192608,0.0066548,0.12954));
#9917=CARTESIAN_POINT('',(0.0361114366192608,0.0066548,0.12954));
#9918=CARTESIAN_POINT('',(0.0167566366192608,0.0066548,0.12954));
#9919=CARTESIAN_POINT('',(0.0167566366192608,-1.38777878078145E-17,0.12954));
#9920=CARTESIAN_POINT('',(0.0554662366192608,-1.04083408558608E-17,0.12954));
#9921=CARTESIAN_POINT('',(0.0554662366192608,0.0066548,0.12954));
#9922=CARTESIAN_POINT('',(0.0554662366192608,-0.0066548,0.12954));
#9923=CARTESIAN_POINT('',(0.0361114366192608,0.0066548,0.12954));
#9924=CARTESIAN_POINT('',(0.0167566366192608,0.0066548,0.12954));
#9925=CARTESIAN_POINT('',(0.0167566366192608,-1.38777878078145E-17,0.12954));
#9926=CARTESIAN_POINT('',(0.0167566366192608,-0.0066548,0.12954));
#9927=CARTESIAN_POINT('',(0.0361114366192608,-0.0066548,0.12954));
#9928=CARTESIAN_POINT('',(0.112311436619261,-0.0066548,0.12954));
#9929=CARTESIAN_POINT('',(0.131666236619261,-0.0066548,0.12954));
#9930=CARTESIAN_POINT('',(0.131666236619261,-0.0066548,0.12954));
#9931=CARTESIAN_POINT('',(0.112311436619261,-0.0066548,0.12954));
#9932=CARTESIAN_POINT('',(0.0929566366192608,-0.0066548,0.12954));
#9933=CARTESIAN_POINT('',(0.0929566366192608,-0.0066548,0.12954));
#9934=CARTESIAN_POINT('',(0.0929566366192608,-1.04083408558608E-17,0.12954));
#9935=CARTESIAN_POINT('',(0.0929566366192608,-1.04083408558608E-17,0.12954));
#9936=CARTESIAN_POINT('',(0.0929566366192608,0.0066548,0.12954));
#9937=CARTESIAN_POINT('',(0.0929566366192608,0.0066548,0.12954));
#9938=CARTESIAN_POINT('',(0.112311436619261,0.0066548,0.12954));
#9939=CARTESIAN_POINT('',(0.112311436619261,0.0066548,0.12954));
#9940=CARTESIAN_POINT('',(0.131666236619261,0.0066548,0.12954));
#9941=CARTESIAN_POINT('',(0.131666236619261,0.0066548,0.12954));
#9942=CARTESIAN_POINT('',(0.131666236619261,-1.38777878078145E-17,0.12954));
#9943=CARTESIAN_POINT('',(0.131666236619261,-1.38777878078145E-17,0.12954));
#9944=CARTESIAN_POINT('',(0.0742114366192608,0.,0.12954));
#9945=CARTESIAN_POINT('',(-0.0811959194514181,0.0763057654107106,0.00635000000000011));
#9946=CARTESIAN_POINT('',(0.,0.,0.));
#9947=CARTESIAN_POINT('',(0.132502333464123,0.0673903654107106,0.21209));
#9948=CARTESIAN_POINT('',(0.104544917124682,0.036910365410711,0.153720075421418));
#9949=CARTESIAN_POINT('',(7.80625564189563E-18,-0.03175,0.031496));
#9950=CARTESIAN_POINT('',(7.80625564189563E-18,-0.03175,0.));
#9951=CARTESIAN_POINT('',(0.00254000000000001,-0.03175,0.));
#9952=CARTESIAN_POINT('',(7.80625564189563E-18,-0.03175,0.003048));
#9953=CARTESIAN_POINT('',(0.00254000000000001,-0.03175,0.003048));
#9954=CARTESIAN_POINT('',(9.97465998686664E-18,-0.04826,0.031496));
#9955=CARTESIAN_POINT('',(9.97465998686664E-18,-0.04826,0.));
#9956=CARTESIAN_POINT('',(0.00254000000000001,-0.04826,0.));
#9957=CARTESIAN_POINT('',(9.97465998686664E-18,-0.04826,0.003048));
#9958=CARTESIAN_POINT('',(0.00254000000000001,-0.04826,0.003048));
#9959=CARTESIAN_POINT('',(6.07153216591882E-18,0.01524,0.031496));
#9960=CARTESIAN_POINT('',(6.07153216591882E-18,0.01524,0.));
#9961=CARTESIAN_POINT('',(0.00254000000000001,0.01524,0.));
#9962=CARTESIAN_POINT('',(6.07153216591882E-18,0.01524,0.003048));
#9963=CARTESIAN_POINT('',(0.00254000000000001,0.01524,0.003048));
#9964=CARTESIAN_POINT('',(9.97465998686664E-18,0.04826,0.031496));
#9965=CARTESIAN_POINT('',(9.97465998686664E-18,0.04826,0.));
#9966=CARTESIAN_POINT('',(0.00254000000000001,0.04826,0.));
#9967=CARTESIAN_POINT('',(9.97465998686664E-18,0.04826,0.003048));
#9968=CARTESIAN_POINT('',(0.00254000000000001,0.04826,0.003048));
#9969=CARTESIAN_POINT('',(7.80625564189563E-18,0.03175,0.031496));
#9970=CARTESIAN_POINT('',(7.80625564189563E-18,0.03175,0.));
#9971=CARTESIAN_POINT('',(0.00254000000000001,0.03175,0.));
#9972=CARTESIAN_POINT('',(7.80625564189563E-18,0.03175,0.003048));
#9973=CARTESIAN_POINT('',(0.00254000000000001,0.03175,0.003048));
#9974=CARTESIAN_POINT('',(6.07153216591882E-18,-0.01524,0.031496));
#9975=CARTESIAN_POINT('',(6.07153216591882E-18,-0.01524,0.));
#9976=CARTESIAN_POINT('',(0.00254000000000001,-0.01524,0.));
#9977=CARTESIAN_POINT('',(6.07153216591882E-18,-0.01524,0.003048));
#9978=CARTESIAN_POINT('',(0.00254000000000001,-0.01524,0.003048));
#9979=CARTESIAN_POINT('',(0.,0.,0.00635));
#9980=CARTESIAN_POINT('',(2.60208521396521E-18,0.036576,0.00635));
#9981=CARTESIAN_POINT('',(-0.00278629239910913,0.036576,0.00635));
#9982=CARTESIAN_POINT('',(0.00278629239910913,0.036576,0.00635));
#9983=CARTESIAN_POINT('',(0.00417943859866371,0.034163,0.00635));
#9984=CARTESIAN_POINT('',(0.00557258479821828,0.03175,0.00635));
#9985=CARTESIAN_POINT('',(0.00417943859866371,0.029337,0.00635));
#9986=CARTESIAN_POINT('',(0.00278629239910914,0.026924,0.00635));
#9987=CARTESIAN_POINT('',(9.75781955236954E-18,0.026924,0.00635));
#9988=CARTESIAN_POINT('',(-0.00278629239910912,0.026924,0.00635));
#9989=CARTESIAN_POINT('',(-0.00417943859866369,0.029337,0.00635));
#9990=CARTESIAN_POINT('',(-0.00557258479821826,0.03175,0.00635));
#9991=CARTESIAN_POINT('',(-0.0041794385986637,0.034163,0.00635));
#9992=CARTESIAN_POINT('',(-0.00635,0.,0.00635));
#9993=CARTESIAN_POINT('',(-0.00635,0.05715,0.00635));
#9994=CARTESIAN_POINT('',(-0.00635,0.00635,0.00635));
#9995=CARTESIAN_POINT('',(-3.46944695195361E-18,0.00635,0.00635));
#9996=CARTESIAN_POINT('',(0.00635,0.00635,0.00635));
#9997=CARTESIAN_POINT('',(0.00635,0.,0.00635));
#9998=CARTESIAN_POINT('',(0.00635,0.05715,0.00635));
#9999=CARTESIAN_POINT('',(-3.03576608295941E-18,0.05715,0.00635));
#10000=CARTESIAN_POINT('',(0.00417943859866371,0.017653,0.00635));
#10001=CARTESIAN_POINT('',(0.00278629239910913,0.020066,0.00635));
#10002=CARTESIAN_POINT('',(0.00557258479821828,0.01524,0.00635));
#10003=CARTESIAN_POINT('',(0.00417943859866371,0.012827,0.00635));
#10004=CARTESIAN_POINT('',(0.00278629239910914,0.010414,0.00635));
#10005=CARTESIAN_POINT('',(7.80625564189563E-18,0.010414,0.00635));
#10006=CARTESIAN_POINT('',(-0.00278629239910912,0.010414,0.00635));
#10007=CARTESIAN_POINT('',(-0.00417943859866369,0.012827,0.00635));
#10008=CARTESIAN_POINT('',(-0.00557258479821826,0.01524,0.00635));
#10009=CARTESIAN_POINT('',(-0.00417943859866369,0.017653,0.00635));
#10010=CARTESIAN_POINT('',(-0.00278629239910913,0.020066,0.00635));
#10011=CARTESIAN_POINT('',(0.,0.020066,0.00635));
#10012=CARTESIAN_POINT('',(0.00417943859866371,0.045847,0.00635));
#10013=CARTESIAN_POINT('',(0.00557258479821828,0.04826,0.00635));
#10014=CARTESIAN_POINT('',(0.00278629239910914,0.043434,0.00635));
#10015=CARTESIAN_POINT('',(1.14925430283463E-17,0.043434,0.00635));
#10016=CARTESIAN_POINT('',(-0.00278629239910912,0.043434,0.00635));
#10017=CARTESIAN_POINT('',(-0.00417943859866369,0.045847,0.00635));
#10018=CARTESIAN_POINT('',(-0.00557258479821825,0.04826,0.00635));
#10019=CARTESIAN_POINT('',(-0.00417943859866369,0.050673,0.00635));
#10020=CARTESIAN_POINT('',(-0.00278629239910913,0.053086,0.00635));
#10021=CARTESIAN_POINT('',(4.33680868994202E-18,0.053086,0.00635));
#10022=CARTESIAN_POINT('',(0.00278629239910914,0.053086,0.00635));
#10023=CARTESIAN_POINT('',(0.00417943859866371,0.050673,0.00635));
#10024=CARTESIAN_POINT('',(0.00635,0.,0.031496));
#10025=CARTESIAN_POINT('',(0.00635,-0.00635,0.00635));
#10026=CARTESIAN_POINT('',(0.00635,-0.00635,0.00635));
#10027=CARTESIAN_POINT('',(0.00635,-0.00635,0.031496));
#10028=CARTESIAN_POINT('',(0.00635,0.,0.00635));
#10029=CARTESIAN_POINT('',(0.00635,-0.05715,0.00635));
#10030=CARTESIAN_POINT('',(0.00635,-0.05715,0.031496));
#10031=CARTESIAN_POINT('',(0.00635,-0.05715,0.));
#10032=CARTESIAN_POINT('',(0.00635,0.,0.));
#10033=CARTESIAN_POINT('',(0.00635,0.05715,0.));
#10034=CARTESIAN_POINT('',(0.00635,0.05715,0.031496));
#10035=CARTESIAN_POINT('',(0.00635,0.00635,0.00635));
#10036=CARTESIAN_POINT('',(0.00635,0.00635,0.031496));
#10037=CARTESIAN_POINT('',(0.00635,0.,0.031496));
#10038=CARTESIAN_POINT('',(-3.03576608295941E-18,0.05715,0.031496));
#10039=CARTESIAN_POINT('',(-3.03576608295941E-18,0.05715,0.));
#10040=CARTESIAN_POINT('',(-0.00635,0.05715,0.));
#10041=CARTESIAN_POINT('',(-0.00635,0.05715,0.031496));
#10042=CARTESIAN_POINT('',(-0.00635,0.,0.031496));
#10043=CARTESIAN_POINT('',(-0.00635,0.,0.00635));
#10044=CARTESIAN_POINT('',(-0.00635,-0.00635,0.00635));
#10045=CARTESIAN_POINT('',(-0.00635,-0.05715,0.00635));
#10046=CARTESIAN_POINT('',(-0.00635,-0.00635,0.00635));
#10047=CARTESIAN_POINT('',(-0.00635,-0.00635,0.031496));
#10048=CARTESIAN_POINT('',(-0.00635,0.,0.031496));
#10049=CARTESIAN_POINT('',(-0.00635,0.00635,0.031496));
#10050=CARTESIAN_POINT('',(-0.00635,0.00635,0.00635));
#10051=CARTESIAN_POINT('',(-0.00635,0.,0.));
#10052=CARTESIAN_POINT('',(-0.00635,-0.05715,0.));
#10053=CARTESIAN_POINT('',(-0.00635,-0.05715,0.031496));
#10054=CARTESIAN_POINT('',(-2.60208521396521E-18,-0.05715,0.031496));
#10055=CARTESIAN_POINT('',(-2.60208521396521E-18,-0.05715,0.00635));
#10056=CARTESIAN_POINT('',(-2.60208521396521E-18,-0.05715,0.));
#10057=CARTESIAN_POINT('',(-3.46944695195361E-18,0.,0.031496));
#10058=CARTESIAN_POINT('',(0.,2.48021592997318E-19,0.031496));
#10059=CARTESIAN_POINT('',(0.0040505,2.48021592997318E-19,0.031496));
#10060=CARTESIAN_POINT('',(8.67361737988404E-19,-0.00635,0.031496));
#10061=CARTESIAN_POINT('',(-3.46944695195361E-18,0.00635,0.031496));
#10062=CARTESIAN_POINT('',(0.,2.48021592997318E-19,0.031496));
#10063=CARTESIAN_POINT('',(0.,2.48021592997318E-19,0.));
#10064=CARTESIAN_POINT('',(0.0040505,2.48021592997318E-19,0.));
#10065=CARTESIAN_POINT('',(-3.46944695195361E-18,0.,0.));
#10066=CARTESIAN_POINT('',(8.67361737988404E-19,-0.00635,0.00635));
#10067=CARTESIAN_POINT('',(8.67361737988404E-19,-0.00635,0.00635));
#10068=CARTESIAN_POINT('',(0.,0.,0.00635));
#10069=CARTESIAN_POINT('',(4.33680868994202E-18,-0.053086,0.00635));
#10070=CARTESIAN_POINT('',(-0.00278629239910913,-0.053086,0.00635));
#10071=CARTESIAN_POINT('',(0.00278629239910914,-0.053086,0.00635));
#10072=CARTESIAN_POINT('',(-0.00417943859866369,-0.050673,0.00635));
#10073=CARTESIAN_POINT('',(-0.00557258479821827,-0.04826,0.00635));
#10074=CARTESIAN_POINT('',(-0.00417943859866369,-0.045847,0.00635));
#10075=CARTESIAN_POINT('',(-0.00278629239910912,-0.043434,0.00635));
#10076=CARTESIAN_POINT('',(1.14925430283463E-17,-0.043434,0.00635));
#10077=CARTESIAN_POINT('',(0.00278629239910914,-0.043434,0.00635));
#10078=CARTESIAN_POINT('',(0.00417943859866371,-0.045847,0.00635));
#10079=CARTESIAN_POINT('',(0.00557258479821828,-0.04826,0.00635));
#10080=CARTESIAN_POINT('',(0.00417943859866371,-0.050673,0.00635));
#10081=CARTESIAN_POINT('',(2.60208521396521E-18,-0.036576,0.00635));
#10082=CARTESIAN_POINT('',(-0.00278629239910913,-0.036576,0.00635));
#10083=CARTESIAN_POINT('',(0.00278629239910913,-0.036576,0.00635));
#10084=CARTESIAN_POINT('',(-0.0041794385986637,-0.034163,0.00635));
#10085=CARTESIAN_POINT('',(-0.00557258479821827,-0.03175,0.00635));
#10086=CARTESIAN_POINT('',(-0.00417943859866369,-0.029337,0.00635));
#10087=CARTESIAN_POINT('',(-0.00278629239910912,-0.026924,0.00635));
#10088=CARTESIAN_POINT('',(9.75781955236954E-18,-0.026924,0.00635));
#10089=CARTESIAN_POINT('',(0.00278629239910914,-0.026924,0.00635));
#10090=CARTESIAN_POINT('',(0.00417943859866371,-0.029337,0.00635));
#10091=CARTESIAN_POINT('',(0.00557258479821828,-0.03175,0.00635));
#10092=CARTESIAN_POINT('',(0.00417943859866371,-0.034163,0.00635));
#10093=CARTESIAN_POINT('',(0.00417943859866371,-0.017653,0.00635));
#10094=CARTESIAN_POINT('',(0.00278629239910914,-0.020066,0.00635));
#10095=CARTESIAN_POINT('',(0.00557258479821828,-0.01524,0.00635));
#10096=CARTESIAN_POINT('',(0.,-0.020066,0.00635));
#10097=CARTESIAN_POINT('',(-0.00278629239910913,-0.020066,0.00635));
#10098=CARTESIAN_POINT('',(-0.00417943859866369,-0.017653,0.00635));
#10099=CARTESIAN_POINT('',(-0.00557258479821826,-0.01524,0.00635));
#10100=CARTESIAN_POINT('',(-0.00417943859866369,-0.012827,0.00635));
#10101=CARTESIAN_POINT('',(-0.00278629239910912,-0.010414,0.00635));
#10102=CARTESIAN_POINT('',(7.80625564189563E-18,-0.010414,0.00635));
#10103=CARTESIAN_POINT('',(0.00278629239910914,-0.010414,0.00635));
#10104=CARTESIAN_POINT('',(0.00417943859866371,-0.012827,0.00635));
#10105=CARTESIAN_POINT('',(-3.46944695195361E-18,0.00635,0.00635));
#10106=CARTESIAN_POINT('',(0.00417943859866371,0.012827,0.003048));
#10107=CARTESIAN_POINT('',(0.00557258479821828,0.01524,0.003048));
#10108=CARTESIAN_POINT('',(0.00557258479821828,0.01524,0.003048));
#10109=CARTESIAN_POINT('',(0.00417943859866371,0.012827,0.003048));
#10110=CARTESIAN_POINT('',(0.00278629239910914,0.010414,0.003048));
#10111=CARTESIAN_POINT('',(0.00278629239910914,0.010414,0.003048));
#10112=CARTESIAN_POINT('',(0.00417943859866371,0.017653,0.003048));
#10113=CARTESIAN_POINT('',(0.00278629239910913,0.020066,0.003048));
#10114=CARTESIAN_POINT('',(0.00278629239910913,0.020066,0.003048));
#10115=CARTESIAN_POINT('',(0.00417943859866371,0.017653,0.003048));
#10116=CARTESIAN_POINT('',(0.,0.020066,0.003048));
#10117=CARTESIAN_POINT('',(-0.00278629239910913,0.020066,0.003048));
#10118=CARTESIAN_POINT('',(-0.00278629239910913,0.020066,0.003048));
#10119=CARTESIAN_POINT('',(0.,0.020066,0.003048));
#10120=CARTESIAN_POINT('',(-0.00417943859866369,0.017653,0.003048));
#10121=CARTESIAN_POINT('',(-0.00557258479821826,0.01524,0.003048));
#10122=CARTESIAN_POINT('',(-0.00557258479821826,0.01524,0.003048));
#10123=CARTESIAN_POINT('',(-0.00417943859866369,0.017653,0.003048));
#10124=CARTESIAN_POINT('',(-0.00417943859866369,0.012827,0.003048));
#10125=CARTESIAN_POINT('',(-0.00278629239910912,0.010414,0.003048));
#10126=CARTESIAN_POINT('',(-0.00278629239910912,0.010414,0.003048));
#10127=CARTESIAN_POINT('',(-0.00417943859866369,0.012827,0.003048));
#10128=CARTESIAN_POINT('',(7.80625564189563E-18,0.010414,0.003048));
#10129=CARTESIAN_POINT('',(7.80625564189563E-18,0.010414,0.003048));
#10130=CARTESIAN_POINT('',(-3.46944695195361E-18,0.,0.003048));
#10131=CARTESIAN_POINT('',(0.00417943859866371,0.034163,0.003048));
#10132=CARTESIAN_POINT('',(0.00278629239910913,0.036576,0.003048));
#10133=CARTESIAN_POINT('',(0.00278629239910913,0.036576,0.003048));
#10134=CARTESIAN_POINT('',(0.00417943859866371,0.034163,0.003048));
#10135=CARTESIAN_POINT('',(0.00557258479821828,0.03175,0.003048));
#10136=CARTESIAN_POINT('',(0.00557258479821828,0.03175,0.003048));
#10137=CARTESIAN_POINT('',(2.60208521396521E-18,0.036576,0.003048));
#10138=CARTESIAN_POINT('',(-0.00278629239910913,0.036576,0.003048));
#10139=CARTESIAN_POINT('',(-0.00278629239910913,0.036576,0.003048));
#10140=CARTESIAN_POINT('',(2.60208521396521E-18,0.036576,0.003048));
#10141=CARTESIAN_POINT('',(-0.0041794385986637,0.034163,0.003048));
#10142=CARTESIAN_POINT('',(-0.00557258479821826,0.03175,0.003048));
#10143=CARTESIAN_POINT('',(-0.00557258479821826,0.03175,0.003048));
#10144=CARTESIAN_POINT('',(-0.0041794385986637,0.034163,0.003048));
#10145=CARTESIAN_POINT('',(-0.00417943859866369,0.029337,0.003048));
#10146=CARTESIAN_POINT('',(-0.00278629239910912,0.026924,0.003048));
#10147=CARTESIAN_POINT('',(-0.00278629239910912,0.026924,0.003048));
#10148=CARTESIAN_POINT('',(-0.00417943859866369,0.029337,0.003048));
#10149=CARTESIAN_POINT('',(9.75781955236954E-18,0.026924,0.003048));
#10150=CARTESIAN_POINT('',(0.00278629239910914,0.026924,0.003048));
#10151=CARTESIAN_POINT('',(0.00278629239910914,0.026924,0.003048));
#10152=CARTESIAN_POINT('',(9.75781955236954E-18,0.026924,0.003048));
#10153=CARTESIAN_POINT('',(0.00417943859866371,0.029337,0.003048));
#10154=CARTESIAN_POINT('',(0.00417943859866371,0.029337,0.003048));
#10155=CARTESIAN_POINT('',(-3.46944695195361E-18,0.,0.003048));
#10156=CARTESIAN_POINT('',(1.14925430283463E-17,0.043434,0.003048));
#10157=CARTESIAN_POINT('',(0.00278629239910914,0.043434,0.003048));
#10158=CARTESIAN_POINT('',(0.00278629239910914,0.043434,0.003048));
#10159=CARTESIAN_POINT('',(1.14925430283463E-17,0.043434,0.003048));
#10160=CARTESIAN_POINT('',(-0.00278629239910912,0.043434,0.003048));
#10161=CARTESIAN_POINT('',(-0.00278629239910912,0.043434,0.003048));
#10162=CARTESIAN_POINT('',(0.00417943859866371,0.045847,0.003048));
#10163=CARTESIAN_POINT('',(0.00557258479821828,0.04826,0.003048));
#10164=CARTESIAN_POINT('',(0.00557258479821828,0.04826,0.003048));
#10165=CARTESIAN_POINT('',(0.00417943859866371,0.045847,0.003048));
#10166=CARTESIAN_POINT('',(0.00417943859866371,0.050673,0.003048));
#10167=CARTESIAN_POINT('',(0.00278629239910914,0.053086,0.003048));
#10168=CARTESIAN_POINT('',(0.00278629239910914,0.053086,0.003048));
#10169=CARTESIAN_POINT('',(0.00417943859866371,0.050673,0.003048));
#10170=CARTESIAN_POINT('',(4.33680868994202E-18,0.053086,0.003048));
#10171=CARTESIAN_POINT('',(-0.00278629239910913,0.053086,0.003048));
#10172=CARTESIAN_POINT('',(-0.00278629239910913,0.053086,0.003048));
#10173=CARTESIAN_POINT('',(4.33680868994202E-18,0.053086,0.003048));
#10174=CARTESIAN_POINT('',(-0.00417943859866369,0.050673,0.003048));
#10175=CARTESIAN_POINT('',(-0.00557258479821826,0.04826,0.003048));
#10176=CARTESIAN_POINT('',(-0.00557258479821826,0.04826,0.003048));
#10177=CARTESIAN_POINT('',(-0.00417943859866369,0.050673,0.003048));
#10178=CARTESIAN_POINT('',(-0.00417943859866369,0.045847,0.003048));
#10179=CARTESIAN_POINT('',(-0.00417943859866369,0.045847,0.003048));
#10180=CARTESIAN_POINT('',(-3.46944695195361E-18,0.,0.003048));
#10181=CARTESIAN_POINT('',(0.00417943859866371,-0.017653,0.003048));
#10182=CARTESIAN_POINT('',(0.00557258479821828,-0.01524,0.003048));
#10183=CARTESIAN_POINT('',(0.00557258479821828,-0.01524,0.003048));
#10184=CARTESIAN_POINT('',(0.00417943859866371,-0.017653,0.003048));
#10185=CARTESIAN_POINT('',(0.00278629239910914,-0.020066,0.003048));
#10186=CARTESIAN_POINT('',(0.00278629239910914,-0.020066,0.003048));
#10187=CARTESIAN_POINT('',(0.00417943859866371,-0.012827,0.003048));
#10188=CARTESIAN_POINT('',(0.00278629239910914,-0.010414,0.003048));
#10189=CARTESIAN_POINT('',(0.00278629239910914,-0.010414,0.003048));
#10190=CARTESIAN_POINT('',(0.00417943859866371,-0.012827,0.003048));
#10191=CARTESIAN_POINT('',(7.80625564189563E-18,-0.010414,0.003048));
#10192=CARTESIAN_POINT('',(-0.00278629239910912,-0.010414,0.003048));
#10193=CARTESIAN_POINT('',(-0.00278629239910912,-0.010414,0.003048));
#10194=CARTESIAN_POINT('',(7.80625564189563E-18,-0.010414,0.003048));
#10195=CARTESIAN_POINT('',(-0.00417943859866369,-0.012827,0.003048));
#10196=CARTESIAN_POINT('',(-0.00557258479821826,-0.01524,0.003048));
#10197=CARTESIAN_POINT('',(-0.00557258479821826,-0.01524,0.003048));
#10198=CARTESIAN_POINT('',(-0.00417943859866369,-0.012827,0.003048));
#10199=CARTESIAN_POINT('',(-0.00417943859866369,-0.017653,0.003048));
#10200=CARTESIAN_POINT('',(-0.00278629239910913,-0.020066,0.003048));
#10201=CARTESIAN_POINT('',(-0.00278629239910913,-0.020066,0.003048));
#10202=CARTESIAN_POINT('',(-0.00417943859866369,-0.017653,0.003048));
#10203=CARTESIAN_POINT('',(0.,-0.020066,0.003048));
#10204=CARTESIAN_POINT('',(0.,-0.020066,0.003048));
#10205=CARTESIAN_POINT('',(-3.46944695195361E-18,0.,0.003048));
#10206=CARTESIAN_POINT('',(2.60208521396521E-18,-0.036576,0.003048));
#10207=CARTESIAN_POINT('',(0.00278629239910913,-0.036576,0.003048));
#10208=CARTESIAN_POINT('',(0.00278629239910913,-0.036576,0.003048));
#10209=CARTESIAN_POINT('',(2.60208521396521E-18,-0.036576,0.003048));
#10210=CARTESIAN_POINT('',(-0.00278629239910913,-0.036576,0.003048));
#10211=CARTESIAN_POINT('',(-0.00278629239910913,-0.036576,0.003048));
#10212=CARTESIAN_POINT('',(0.00417943859866371,-0.034163,0.003048));
#10213=CARTESIAN_POINT('',(0.00557258479821828,-0.03175,0.003048));
#10214=CARTESIAN_POINT('',(0.00557258479821828,-0.03175,0.003048));
#10215=CARTESIAN_POINT('',(0.00417943859866371,-0.034163,0.003048));
#10216=CARTESIAN_POINT('',(0.00417943859866371,-0.029337,0.003048));
#10217=CARTESIAN_POINT('',(0.00278629239910914,-0.026924,0.003048));
#10218=CARTESIAN_POINT('',(0.00278629239910914,-0.026924,0.003048));
#10219=CARTESIAN_POINT('',(0.00417943859866371,-0.029337,0.003048));
#10220=CARTESIAN_POINT('',(9.75781955236954E-18,-0.026924,0.003048));
#10221=CARTESIAN_POINT('',(-0.00278629239910912,-0.026924,0.003048));
#10222=CARTESIAN_POINT('',(-0.00278629239910912,-0.026924,0.003048));
#10223=CARTESIAN_POINT('',(9.75781955236954E-18,-0.026924,0.003048));
#10224=CARTESIAN_POINT('',(-0.00417943859866369,-0.029337,0.003048));
#10225=CARTESIAN_POINT('',(-0.00557258479821826,-0.03175,0.003048));
#10226=CARTESIAN_POINT('',(-0.00557258479821826,-0.03175,0.003048));
#10227=CARTESIAN_POINT('',(-0.00417943859866369,-0.029337,0.003048));
#10228=CARTESIAN_POINT('',(-0.0041794385986637,-0.034163,0.003048));
#10229=CARTESIAN_POINT('',(-0.0041794385986637,-0.034163,0.003048));
#10230=CARTESIAN_POINT('',(-3.46944695195361E-18,0.,0.003048));
#10231=CARTESIAN_POINT('',(4.33680868994202E-18,-0.053086,0.003048));
#10232=CARTESIAN_POINT('',(0.00278629239910914,-0.053086,0.003048));
#10233=CARTESIAN_POINT('',(0.00278629239910914,-0.053086,0.003048));
#10234=CARTESIAN_POINT('',(4.33680868994202E-18,-0.053086,0.003048));
#10235=CARTESIAN_POINT('',(-0.00278629239910913,-0.053086,0.003048));
#10236=CARTESIAN_POINT('',(-0.00278629239910913,-0.053086,0.003048));
#10237=CARTESIAN_POINT('',(0.00417943859866371,-0.050673,0.003048));
#10238=CARTESIAN_POINT('',(0.00557258479821828,-0.04826,0.003048));
#10239=CARTESIAN_POINT('',(0.00557258479821828,-0.04826,0.003048));
#10240=CARTESIAN_POINT('',(0.00417943859866371,-0.050673,0.003048));
#10241=CARTESIAN_POINT('',(0.00417943859866371,-0.045847,0.003048));
#10242=CARTESIAN_POINT('',(0.00278629239910914,-0.043434,0.003048));
#10243=CARTESIAN_POINT('',(0.00278629239910914,-0.043434,0.003048));
#10244=CARTESIAN_POINT('',(0.00417943859866371,-0.045847,0.003048));
#10245=CARTESIAN_POINT('',(1.14925430283463E-17,-0.043434,0.003048));
#10246=CARTESIAN_POINT('',(-0.00278629239910912,-0.043434,0.003048));
#10247=CARTESIAN_POINT('',(-0.00278629239910912,-0.043434,0.003048));
#10248=CARTESIAN_POINT('',(1.14925430283463E-17,-0.043434,0.003048));
#10249=CARTESIAN_POINT('',(-0.00417943859866369,-0.045847,0.003048));
#10250=CARTESIAN_POINT('',(-0.00557258479821825,-0.04826,0.003048));
#10251=CARTESIAN_POINT('',(-0.00557258479821825,-0.04826,0.003048));
#10252=CARTESIAN_POINT('',(-0.00417943859866369,-0.045847,0.003048));
#10253=CARTESIAN_POINT('',(-0.00417943859866369,-0.050673,0.003048));
#10254=CARTESIAN_POINT('',(-0.00417943859866369,-0.050673,0.003048));
#10255=CARTESIAN_POINT('',(-3.46944695195361E-18,0.,0.003048));
#10256=CARTESIAN_POINT('',(0.107102333464123,0.0534457654107107,0.21209));
#10257=CARTESIAN_POINT('',(0.107704586174646,0.0580812654107107,0.260346241996997));
#10258=CARTESIAN_POINT('',(0.107498552352625,0.0580812654107107,0.243837527629604));
#10259=CARTESIAN_POINT('',(0.107292518530604,0.0580812654107107,0.227328813262209));
#10260=CARTESIAN_POINT('',(0.106500080753601,0.0580812654107107,0.163833758003003));
#10261=CARTESIAN_POINT('',(0.106706114575621,0.0580812654107107,0.180342472370397));
#10262=CARTESIAN_POINT('',(0.106912148397642,0.0580812654107107,0.196851186737791));
#10263=CARTESIAN_POINT('',(0.,0.,0.));
#10264=CARTESIAN_POINT('',(0.03836,0.1092962,0.0271));
#10265=CARTESIAN_POINT('',(0.03836,0.1103462,0.0271));
#10266=CARTESIAN_POINT('',(0.03836,0.1103462,0.0271));
#10267=CARTESIAN_POINT('',(0.0394197279696892,0.1103462,0.0271));
#10268=CARTESIAN_POINT('',(0.03836,0.1092962,0.0271));
#10269=CARTESIAN_POINT('',(0.03836,0.1082462,0.0271));
#10270=CARTESIAN_POINT('',(0.03836,0.1082462,0.0271));
#10271=CARTESIAN_POINT('',(0.0394197279696892,0.1082462,0.0271));
#10272=CARTESIAN_POINT('',(0.0394197279696892,0.1103462,0.0271));
#10273=CARTESIAN_POINT('',(0.0394197279696892,0.1103462,0.026821357147839));
#10274=CARTESIAN_POINT('',(0.0394910425592887,0.110119430110436,0.0262797833506649));
#10275=CARTESIAN_POINT('',(0.0395944492857839,0.109295982924233,0.0259352658073598));
#10276=CARTESIAN_POINT('',(0.0394911602972713,0.108473717188553,0.0262791534210569));
#10277=CARTESIAN_POINT('',(0.0394197279696892,0.1082462,0.026821372573375));
#10278=CARTESIAN_POINT('',(0.0394197279696892,0.1082462,0.0271));
#10279=CARTESIAN_POINT('',(0.03836,0.1092962,0.0451));
#10280=CARTESIAN_POINT('',(0.03836,0.1082462,0.0451));
#10281=CARTESIAN_POINT('',(0.03836,0.1082462,0.0451));
#10282=CARTESIAN_POINT('',(0.0394197279696892,0.1082462,0.0451));
#10283=CARTESIAN_POINT('',(0.03836,0.1092962,0.0451));
#10284=CARTESIAN_POINT('',(0.03836,0.1103462,0.0451));
#10285=CARTESIAN_POINT('',(0.03836,0.1103462,0.0451));
#10286=CARTESIAN_POINT('',(0.0394197279696892,0.1103462,0.0451));
#10287=CARTESIAN_POINT('',(0.0394197279696892,0.1082462,0.0451));
#10288=CARTESIAN_POINT('',(0.0394197279696892,0.1082462,0.045378642852161));
#10289=CARTESIAN_POINT('',(0.0394910425592887,0.108472969889564,0.0459202166493351));
#10290=CARTESIAN_POINT('',(0.0395944492857839,0.109296417075767,0.0462647341926402));
#10291=CARTESIAN_POINT('',(0.0394911602972713,0.110118682811447,0.0459208465789431));
#10292=CARTESIAN_POINT('',(0.0394197279696892,0.1103462,0.0453786274266251));
#10293=CARTESIAN_POINT('',(0.0394197279696892,0.1103462,0.0451));
#10294=CARTESIAN_POINT('',(0.03836,0.1092962,0.0164984772078548));
#10295=CARTESIAN_POINT('',(0.03836,0.1103462,0.0164984772078548));
#10296=CARTESIAN_POINT('',(0.03836,0.1082462,0.0164984772078548));
#10297=CARTESIAN_POINT('',(0.03836,0.1082462,0.0164984772078548));
#10298=CARTESIAN_POINT('',(0.0394197279696892,0.1082462,0.054614));
#10299=CARTESIAN_POINT('',(0.03836,0.1103462,0.0164984772078548));
#10300=CARTESIAN_POINT('',(0.0394197279696892,0.1103462,0.054614));
#10301=CARTESIAN_POINT('',(0.0562850906808812,0.120503559639096,-0.0978026999980238));
#10302=CARTESIAN_POINT('',(0.04676735963712,0.127903290682857,-0.0978026999980236));
#10303=CARTESIAN_POINT('',(0.04888535963712,0.127903290682857,-0.0978026999980236));
#10304=CARTESIAN_POINT('',(0.0562850906808812,0.120503559639096,-0.0978026999980238));
#10305=CARTESIAN_POINT('',(0.0541670906808811,0.120503559639096,-0.0978026999980238));
#10306=CARTESIAN_POINT('',(0.0562850906808811,0.120503559639096,-0.0978026999980238));
#10307=CARTESIAN_POINT('',(0.03556,0.1092962,-0.100317299999998));
#10308=CARTESIAN_POINT('',(0.03556,0.1092962,-0.100317299999998));
#10309=CARTESIAN_POINT('',(0.0215231999999997,0.1092962,-0.100317299999998));
#10310=CARTESIAN_POINT('',(0.03556,0.1092962,0.054614));
#10311=CARTESIAN_POINT('',(0.03556,0.1092962,0.054614));
#10312=CARTESIAN_POINT('',(0.0393060000000001,0.1092962,0.054614));
#10313=CARTESIAN_POINT('',(0.03556,0.1092962,0.01905));
#10314=CARTESIAN_POINT('',(0.03556,0.1092962,0.01905));
#10315=CARTESIAN_POINT('',(0.0450850000000002,0.1092962,0.01905));
#10316=CARTESIAN_POINT('',(0.06096,0.1092962,0.01905));
#10317=CARTESIAN_POINT('',(0.0629793,0.1092962,0.01905));
#10318=CARTESIAN_POINT('',(0.0101599999999994,0.1092962,0.01905));
#10319=CARTESIAN_POINT('',(0.0121792999999994,0.1092962,0.01905));
#10320=CARTESIAN_POINT('',(0.03556,0.1092962,0.01905));
#10321=CARTESIAN_POINT('',(0.0664370000000005,0.1092962,0.01905));
#10322=CARTESIAN_POINT('',(0.067564,0.1092962,0.0108204000000007));
#10323=CARTESIAN_POINT('',(0.03556,0.1092962,0.0108204000000007));
#10324=CARTESIAN_POINT('',(0.0674370000000005,0.1092962,0.0108204000000007));
#10325=CARTESIAN_POINT('',(0.03556,0.1092962,0.0108204000000007));
#10326=CARTESIAN_POINT('',(0.0035559999999995,0.1092962,0.0108204000000007));
#10327=CARTESIAN_POINT('',(0.03556,0.1092962,0.023114));
#10328=CARTESIAN_POINT('',(0.03556,0.1092962,0.023114));
#10329=CARTESIAN_POINT('',(0.0395600000000001,0.1092962,0.023114));
#10330=CARTESIAN_POINT('',(0.03556,0.1092962,0.023114));
#10331=CARTESIAN_POINT('',(0.0440690000018234,0.1092962,0.023114));
#10332=CARTESIAN_POINT('',(0.03556,0.1092962,-0.087325199999998));
#10333=CARTESIAN_POINT('',(0.03556,0.1092962,-0.087325199999998));
#10334=CARTESIAN_POINT('',(0.0036829999999995,0.1092962,-0.087325199999998));
#10335=CARTESIAN_POINT('',(0.03556,0.1092962,-0.087325199999998));
#10336=CARTESIAN_POINT('',(0.0035559999999995,0.1092962,-0.087325199999998));
#10337=CARTESIAN_POINT('',(0.03556,0.1092962,-0.095554799999998));
#10338=CARTESIAN_POINT('',(0.03556,0.1092962,-0.095554799999998));
#10339=CARTESIAN_POINT('',(0.0205231999999997,0.1092962,-0.095554799999998));
#10340=CARTESIAN_POINT('',(0.0541670906808811,0.120503559639096,-0.095554799999998));
#10341=CARTESIAN_POINT('',(0.0498490906789066,0.120503559639096,-0.095554799999998));
#10342=CARTESIAN_POINT('',(0.04676735963712,0.127903290682857,-0.095554799999998));
#10343=CARTESIAN_POINT('',(0.0424493596351455,0.127903290682857,-0.095554799999998));
#10344=CARTESIAN_POINT('',(0.03556,0.1092962,-0.095554799999998));
#10345=CARTESIAN_POINT('',(0.0046829999999995,0.1092962,-0.095554799999998));
#10346=CARTESIAN_POINT('',(0.03556,0.1092962,0.054614));
#10347=CARTESIAN_POINT('',(0.03556,0.1092962,0.05436));
#10348=CARTESIAN_POINT('',(0.0395600000000001,0.1092962,0.05436));
#10349=CARTESIAN_POINT('',(0.03556,0.1092962,0.0108204000000007));
#10350=CARTESIAN_POINT('',(0.03556,0.1092962,0.01905));
#10351=CARTESIAN_POINT('',(0.03556,0.1092962,0.01805));
#10352=CARTESIAN_POINT('',(0.0674370000000005,0.1092962,0.01805));
#10353=CARTESIAN_POINT('',(0.03556,0.1092962,0.023114));
#10354=CARTESIAN_POINT('',(0.03556,0.1092962,0.0220979999999996));
#10355=CARTESIAN_POINT('',(0.0450850000000002,0.1092962,0.0220979999999996));
#10356=CARTESIAN_POINT('',(0.03556,0.1092962,0.01905));
#10357=CARTESIAN_POINT('',(0.03556,0.1092962,-0.094554799999998));
#10358=CARTESIAN_POINT('',(0.0036829999999995,0.1092962,-0.094554799999998));
#10359=CARTESIAN_POINT('',(0.03556,0.1092962,-0.100317299999998));
#10360=CARTESIAN_POINT('',(0.03556,0.1092962,-0.099317299999998));
#10361=CARTESIAN_POINT('',(0.0205231999999997,0.1092962,-0.099317299999998));
#10362=CARTESIAN_POINT('',(0.0541670906808811,0.120503559639096,-0.0956026999960494));
#10363=CARTESIAN_POINT('',(0.0541670906808811,0.120503559639096,-0.0956026999960494));
#10364=CARTESIAN_POINT('',(0.0584850906828555,0.120503559639096,-0.0956026999960494));
#10365=CARTESIAN_POINT('',(0.0541670906808811,0.120503559639096,-0.0978026999980238));
#10366=CARTESIAN_POINT('',(0.04676735963712,0.127903290682857,-0.0956026999960491));
#10367=CARTESIAN_POINT('',(0.04676735963712,0.127903290682857,-0.0956026999960491));
#10368=CARTESIAN_POINT('',(0.0510853596390945,0.127903290682857,-0.0956026999960491));
#10369=CARTESIAN_POINT('',(0.04676735963712,0.127903290682857,-0.0978026999980236));
#10370=CARTESIAN_POINT('',(0.06096,0.1092962,0.00543560000000074));
#10371=CARTESIAN_POINT('',(0.06096,0.1092962,0.00543560000000074));
#10372=CARTESIAN_POINT('',(0.0629793,0.1092962,0.00543560000000074));
#10373=CARTESIAN_POINT('',(0.06096,0.1092962,0.00422228214876452));
#10374=CARTESIAN_POINT('',(0.06096,0.1092962,0.01905));
#10375=CARTESIAN_POINT('',(0.0101599999999994,0.1092962,0.0054356000000007));
#10376=CARTESIAN_POINT('',(0.0101599999999994,0.1092962,0.0054356000000007));
#10377=CARTESIAN_POINT('',(0.0121792999999994,0.1092962,0.0054356000000007));
#10378=CARTESIAN_POINT('',(0.0101599999999994,0.1092962,0.00422228214876448));
#10379=CARTESIAN_POINT('',(0.0101599999999994,0.1092962,0.01905));
#10380=CARTESIAN_POINT('',(0.03556,0.1092962,0.0220979999999996));
#10381=CARTESIAN_POINT('',(0.03556,0.1092962,0.05436));
#10382=CARTESIAN_POINT('',(0.03556,0.1092962,-0.094554799999998));
#10383=CARTESIAN_POINT('',(0.03556,0.1092962,0.01805));
#10384=CARTESIAN_POINT('',(0.03556,0.1092962,-0.099317299999998));
#10385=CARTESIAN_POINT('',(0.071542333464123,0.108055765410711,0.1027938));
#10386=CARTESIAN_POINT('',(0.,0.,0.));
#10387=CARTESIAN_POINT('',(0.0722351153163292,0.0696763654107106,-0.0025654));
#10388=MECHANICAL_DESIGN_GEOMETRIC_PRESENTATION_REPRESENTATION('',(#5964,
#5965,#5966,#5967,#5968,#5969,#5970,#5971,#5972,#5973,#5974,#5975,#5976,
#5977,#10,#11,#12,#13,#14,#15,#16,#17,#18,#19,#20,#21,#22,#23,#24,#25,#26,
#27,#28,#29,#30,#31),#10389);
#10389=(
GEOMETRIC_REPRESENTATION_CONTEXT(3)
GLOBAL_UNCERTAINTY_ASSIGNED_CONTEXT((#10408))
GLOBAL_UNIT_ASSIGNED_CONTEXT((#10429,#10428,#10427))
REPRESENTATION_CONTEXT('Main','TOP_LEVEL_ASSEMBLY_PART')
);
#10390=(
GEOMETRIC_REPRESENTATION_CONTEXT(3)
GLOBAL_UNCERTAINTY_ASSIGNED_CONTEXT((#10409))
GLOBAL_UNIT_ASSIGNED_CONTEXT((#10429,#10428,#10427))
REPRESENTATION_CONTEXT('Hex nut #10-32','COMPONENT_PART')
);
#10391=(
GEOMETRIC_REPRESENTATION_CONTEXT(3)
GLOBAL_UNCERTAINTY_ASSIGNED_CONTEXT((#10410))
GLOBAL_UNIT_ASSIGNED_CONTEXT((#10429,#10428,#10427))
REPRESENTATION_CONTEXT('Socket button head cap screw #10-32 x 1',
'COMPONENT_PART')
);
#10392=(
GEOMETRIC_REPRESENTATION_CONTEXT(3)
GLOBAL_UNCERTAINTY_ASSIGNED_CONTEXT((#10411))
GLOBAL_UNIT_ASSIGNED_CONTEXT((#10429,#10428,#10427))
REPRESENTATION_CONTEXT('Ambu Bag Assembly <1>','COMPONENT_PART')
);
#10393=(
GEOMETRIC_REPRESENTATION_CONTEXT(3)
GLOBAL_UNCERTAINTY_ASSIGNED_CONTEXT((#10412))
GLOBAL_UNIT_ASSIGNED_CONTEXT((#10429,#10428,#10427))
REPRESENTATION_CONTEXT('Ambu Support Small','COMPONENT_PART')
);
#10394=(
GEOMETRIC_REPRESENTATION_CONTEXT(3)
GLOBAL_UNCERTAINTY_ASSIGNED_CONTEXT((#10413))
GLOBAL_UNIT_ASSIGNED_CONTEXT((#10429,#10428,#10427))
REPRESENTATION_CONTEXT('Socket button head cap screw #10-32 x 0.5',
'COMPONENT_PART')
);
#10395=(
GEOMETRIC_REPRESENTATION_CONTEXT(3)
GLOBAL_UNCERTAINTY_ASSIGNED_CONTEXT((#10414))
GLOBAL_UNIT_ASSIGNED_CONTEXT((#10429,#10428,#10427))
REPRESENTATION_CONTEXT('Ambu Bag','COMPONENT_PART')
);
#10396=(
GEOMETRIC_REPRESENTATION_CONTEXT(3)
GLOBAL_UNCERTAINTY_ASSIGNED_CONTEXT((#10415))
GLOBAL_UNIT_ASSIGNED_CONTEXT((#10429,#10428,#10427))
REPRESENTATION_CONTEXT('Polycarbonate Base','COMPONENT_PART')
);
#10397=(
GEOMETRIC_REPRESENTATION_CONTEXT(3)
GLOBAL_UNCERTAINTY_ASSIGNED_CONTEXT((#10416))
GLOBAL_UNIT_ASSIGNED_CONTEXT((#10429,#10428,#10427))
REPRESENTATION_CONTEXT('Ambu Support Small','COMPONENT_PART')
);
#10398=(
GEOMETRIC_REPRESENTATION_CONTEXT(3)
GLOBAL_UNCERTAINTY_ASSIGNED_CONTEXT((#10417))
GLOBAL_UNIT_ASSIGNED_CONTEXT((#10429,#10428,#10427))
REPRESENTATION_CONTEXT('Mechanism Assembly <1>','COMPONENT_PART')
);
#10399=(
GEOMETRIC_REPRESENTATION_CONTEXT(3)
GLOBAL_UNCERTAINTY_ASSIGNED_CONTEXT((#10418))
GLOBAL_UNIT_ASSIGNED_CONTEXT((#10429,#10428,#10427))
REPRESENTATION_CONTEXT('Base','COMPONENT_PART')
);
#10400=(
GEOMETRIC_REPRESENTATION_CONTEXT(3)
GLOBAL_UNCERTAINTY_ASSIGNED_CONTEXT((#10419))
GLOBAL_UNIT_ASSIGNED_CONTEXT((#10429,#10428,#10427))
REPRESENTATION_CONTEXT('Connecting Arm','COMPONENT_PART')
);
#10401=(
GEOMETRIC_REPRESENTATION_CONTEXT(3)
GLOBAL_UNCERTAINTY_ASSIGNED_CONTEXT((#10420))
GLOBAL_UNIT_ASSIGNED_CONTEXT((#10429,#10428,#10427))
REPRESENTATION_CONTEXT('Pressing Arm','COMPONENT_PART')
);
#10402=(
GEOMETRIC_REPRESENTATION_CONTEXT(3)
GLOBAL_UNCERTAINTY_ASSIGNED_CONTEXT((#10421))
GLOBAL_UNIT_ASSIGNED_CONTEXT((#10429,#10428,#10427))
REPRESENTATION_CONTEXT('Motor Stand <1>','COMPONENT_PART')
);
#10403=(
GEOMETRIC_REPRESENTATION_CONTEXT(3)
GLOBAL_UNCERTAINTY_ASSIGNED_CONTEXT((#10422))
GLOBAL_UNIT_ASSIGNED_CONTEXT((#10429,#10428,#10427))
REPRESENTATION_CONTEXT('Motor Stand Top','COMPONENT_PART')
);
#10404=(
GEOMETRIC_REPRESENTATION_CONTEXT(3)
GLOBAL_UNCERTAINTY_ASSIGNED_CONTEXT((#10423))
GLOBAL_UNIT_ASSIGNED_CONTEXT((#10429,#10428,#10427))
REPRESENTATION_CONTEXT('Motor Stand Bottom','COMPONENT_PART')
);
#10405=(
GEOMETRIC_REPRESENTATION_CONTEXT(3)
GLOBAL_UNCERTAINTY_ASSIGNED_CONTEXT((#10424))
GLOBAL_UNIT_ASSIGNED_CONTEXT((#10429,#10428,#10427))
REPRESENTATION_CONTEXT('Motor Adapter <1>','COMPONENT_PART')
);
#10406=(
GEOMETRIC_REPRESENTATION_CONTEXT(3)
GLOBAL_UNCERTAINTY_ASSIGNED_CONTEXT((#10425))
GLOBAL_UNIT_ASSIGNED_CONTEXT((#10429,#10428,#10427))
REPRESENTATION_CONTEXT('Motor Adapter','COMPONENT_PART')
);
#10407=(
GEOMETRIC_REPRESENTATION_CONTEXT(3)
GLOBAL_UNCERTAINTY_ASSIGNED_CONTEXT((#10426))
GLOBAL_UNIT_ASSIGNED_CONTEXT((#10429,#10428,#10427))
REPRESENTATION_CONTEXT('CIM Motor','COMPONENT_PART')
);
#10408=UNCERTAINTY_MEASURE_WITH_UNIT(LENGTH_MEASURE(1.E-8),#10429,
'DISTANCE_ACCURACY_VALUE','Maximum Tolerance applied to model');
#10409=UNCERTAINTY_MEASURE_WITH_UNIT(LENGTH_MEASURE(2.E-5),#10429,
'DISTANCE_ACCURACY_VALUE','Maximum Tolerance applied to model');
#10410=UNCERTAINTY_MEASURE_WITH_UNIT(LENGTH_MEASURE(1.E-8),#10429,
'DISTANCE_ACCURACY_VALUE','Maximum Tolerance applied to model');
#10411=UNCERTAINTY_MEASURE_WITH_UNIT(LENGTH_MEASURE(1.E-8),#10429,
'DISTANCE_ACCURACY_VALUE','Maximum Tolerance applied to model');
#10412=UNCERTAINTY_MEASURE_WITH_UNIT(LENGTH_MEASURE(1.E-8),#10429,
'DISTANCE_ACCURACY_VALUE','Maximum Tolerance applied to model');
#10413=UNCERTAINTY_MEASURE_WITH_UNIT(LENGTH_MEASURE(1.E-8),#10429,
'DISTANCE_ACCURACY_VALUE','Maximum Tolerance applied to model');
#10414=UNCERTAINTY_MEASURE_WITH_UNIT(LENGTH_MEASURE(1.E-8),#10429,
'DISTANCE_ACCURACY_VALUE','Maximum Tolerance applied to model');
#10415=UNCERTAINTY_MEASURE_WITH_UNIT(LENGTH_MEASURE(1.E-8),#10429,
'DISTANCE_ACCURACY_VALUE','Maximum Tolerance applied to model');
#10416=UNCERTAINTY_MEASURE_WITH_UNIT(LENGTH_MEASURE(1.E-8),#10429,
'DISTANCE_ACCURACY_VALUE','Maximum Tolerance applied to model');
#10417=UNCERTAINTY_MEASURE_WITH_UNIT(LENGTH_MEASURE(1.E-8),#10429,
'DISTANCE_ACCURACY_VALUE','Maximum Tolerance applied to model');
#10418=UNCERTAINTY_MEASURE_WITH_UNIT(LENGTH_MEASURE(1.E-8),#10429,
'DISTANCE_ACCURACY_VALUE','Maximum Tolerance applied to model');
#10419=UNCERTAINTY_MEASURE_WITH_UNIT(LENGTH_MEASURE(1.E-8),#10429,
'DISTANCE_ACCURACY_VALUE','Maximum Tolerance applied to model');
#10420=UNCERTAINTY_MEASURE_WITH_UNIT(LENGTH_MEASURE(2.E-5),#10429,
'DISTANCE_ACCURACY_VALUE','Maximum Tolerance applied to model');
#10421=UNCERTAINTY_MEASURE_WITH_UNIT(LENGTH_MEASURE(1.E-8),#10429,
'DISTANCE_ACCURACY_VALUE','Maximum Tolerance applied to model');
#10422=UNCERTAINTY_MEASURE_WITH_UNIT(LENGTH_MEASURE(1.E-8),#10429,
'DISTANCE_ACCURACY_VALUE','Maximum Tolerance applied to model');
#10423=UNCERTAINTY_MEASURE_WITH_UNIT(LENGTH_MEASURE(2.E-5),#10429,
'DISTANCE_ACCURACY_VALUE','Maximum Tolerance applied to model');
#10424=UNCERTAINTY_MEASURE_WITH_UNIT(LENGTH_MEASURE(1.E-8),#10429,
'DISTANCE_ACCURACY_VALUE','Maximum Tolerance applied to model');
#10425=UNCERTAINTY_MEASURE_WITH_UNIT(LENGTH_MEASURE(1.E-8),#10429,
'DISTANCE_ACCURACY_VALUE','Maximum Tolerance applied to model');
#10426=UNCERTAINTY_MEASURE_WITH_UNIT(LENGTH_MEASURE(2.E-5),#10429,
'DISTANCE_ACCURACY_VALUE','Maximum Tolerance applied to model');
#10427=(
NAMED_UNIT(*)
SI_UNIT($,.STERADIAN.)
SOLID_ANGLE_UNIT()
);
#10428=(
NAMED_UNIT(*)
PLANE_ANGLE_UNIT()
SI_UNIT($,.RADIAN.)
);
#10429=(
LENGTH_UNIT()
NAMED_UNIT(*)
SI_UNIT($,.METRE.)
);
#10430=PRODUCT_DEFINITION_SHAPE('','',#10491);
#10431=PRODUCT_DEFINITION_SHAPE('','',#10492);
#10432=PRODUCT_DEFINITION_SHAPE(' ','NAUO PRDDFN',#104);
#10433=PRODUCT_DEFINITION_SHAPE(' ','NAUO PRDDFN',#105);
#10434=PRODUCT_DEFINITION_SHAPE('','',#10493);
#10435=PRODUCT_DEFINITION_SHAPE(' ','NAUO PRDDFN',#106);
#10436=PRODUCT_DEFINITION_SHAPE('','',#10494);
#10437=PRODUCT_DEFINITION_SHAPE(' ','NAUO PRDDFN',#107);
#10438=PRODUCT_DEFINITION_SHAPE('','',#10495);
#10439=PRODUCT_DEFINITION_SHAPE(' ','NAUO PRDDFN',#108);
#10440=PRODUCT_DEFINITION_SHAPE('','',#10496);
#10441=PRODUCT_DEFINITION_SHAPE(' ','NAUO PRDDFN',#109);
#10442=PRODUCT_DEFINITION_SHAPE('','',#10497);
#10443=PRODUCT_DEFINITION_SHAPE(' ','NAUO PRDDFN',#110);
#10444=PRODUCT_DEFINITION_SHAPE(' ','NAUO PRDDFN',#111);
#10445=PRODUCT_DEFINITION_SHAPE(' ','NAUO PRDDFN',#112);
#10446=PRODUCT_DEFINITION_SHAPE('','',#10498);
#10447=PRODUCT_DEFINITION_SHAPE(' ','NAUO PRDDFN',#113);
#10448=PRODUCT_DEFINITION_SHAPE('','',#10499);
#10449=PRODUCT_DEFINITION_SHAPE(' ','NAUO PRDDFN',#114);
#10450=PRODUCT_DEFINITION_SHAPE(' ','NAUO PRDDFN',#115);
#10451=PRODUCT_DEFINITION_SHAPE(' ','NAUO PRDDFN',#116);
#10452=PRODUCT_DEFINITION_SHAPE(' ','NAUO PRDDFN',#117);
#10453=PRODUCT_DEFINITION_SHAPE('','',#10500);
#10454=PRODUCT_DEFINITION_SHAPE(' ','NAUO PRDDFN',#118);
#10455=PRODUCT_DEFINITION_SHAPE(' ','NAUO PRDDFN',#119);
#10456=PRODUCT_DEFINITION_SHAPE('','',#10501);
#10457=PRODUCT_DEFINITION_SHAPE(' ','NAUO PRDDFN',#120);
#10458=PRODUCT_DEFINITION_SHAPE(' ','NAUO PRDDFN',#121);
#10459=PRODUCT_DEFINITION_SHAPE('','',#10502);
#10460=PRODUCT_DEFINITION_SHAPE(' ','NAUO PRDDFN',#122);
#10461=PRODUCT_DEFINITION_SHAPE(' ','NAUO PRDDFN',#123);
#10462=PRODUCT_DEFINITION_SHAPE('','',#10503);
#10463=PRODUCT_DEFINITION_SHAPE(' ','NAUO PRDDFN',#124);
#10464=PRODUCT_DEFINITION_SHAPE(' ','NAUO PRDDFN',#125);
#10465=PRODUCT_DEFINITION_SHAPE(' ','NAUO PRDDFN',#126);
#10466=PRODUCT_DEFINITION_SHAPE(' ','NAUO PRDDFN',#127);
#10467=PRODUCT_DEFINITION_SHAPE(' ','NAUO PRDDFN',#128);
#10468=PRODUCT_DEFINITION_SHAPE(' ','NAUO PRDDFN',#129);
#10469=PRODUCT_DEFINITION_SHAPE('','',#10504);
#10470=PRODUCT_DEFINITION_SHAPE('','',#10505);
#10471=PRODUCT_DEFINITION_SHAPE(' ','NAUO PRDDFN',#130);
#10472=PRODUCT_DEFINITION_SHAPE('','',#10506);
#10473=PRODUCT_DEFINITION_SHAPE(' ','NAUO PRDDFN',#131);
#10474=PRODUCT_DEFINITION_SHAPE(' ','NAUO PRDDFN',#132);
#10475=PRODUCT_DEFINITION_SHAPE(' ','NAUO PRDDFN',#133);
#10476=PRODUCT_DEFINITION_SHAPE(' ','NAUO PRDDFN',#134);
#10477=PRODUCT_DEFINITION_SHAPE('','',#10507);
#10478=PRODUCT_DEFINITION_SHAPE('','',#10508);
#10479=PRODUCT_DEFINITION_SHAPE(' ','NAUO PRDDFN',#135);
#10480=PRODUCT_DEFINITION_SHAPE(' ','NAUO PRDDFN',#136);
#10481=PRODUCT_DEFINITION_SHAPE(' ','NAUO PRDDFN',#137);
#10482=PRODUCT_DEFINITION_SHAPE(' ','NAUO PRDDFN',#138);
#10483=PRODUCT_DEFINITION_SHAPE(' ','NAUO PRDDFN',#139);
#10484=PRODUCT_DEFINITION_SHAPE(' ','NAUO PRDDFN',#140);
#10485=PRODUCT_DEFINITION_SHAPE(' ','NAUO PRDDFN',#141);
#10486=PRODUCT_DEFINITION_SHAPE(' ','NAUO PRDDFN',#142);
#10487=PRODUCT_DEFINITION_SHAPE('','',#10509);
#10488=PRODUCT_DEFINITION_SHAPE(' ','NAUO PRDDFN',#143);
#10489=PRODUCT_DEFINITION_SHAPE(' ','NAUO PRDDFN',#144);
#10490=PRODUCT_DEFINITION_SHAPE(' ','NAUO PRDDFN',#145);
#10491=PRODUCT_DEFINITION('','',#10529,#10510);
#10492=PRODUCT_DEFINITION('','',#10530,#10511);
#10493=PRODUCT_DEFINITION('','',#10531,#10512);
#10494=PRODUCT_DEFINITION('','',#10532,#10513);
#10495=PRODUCT_DEFINITION('','',#10533,#10514);
#10496=PRODUCT_DEFINITION('','',#10534,#10515);
#10497=PRODUCT_DEFINITION('','',#10535,#10516);
#10498=PRODUCT_DEFINITION('','',#10536,#10517);
#10499=PRODUCT_DEFINITION('','',#10537,#10518);
#10500=PRODUCT_DEFINITION('','',#10538,#10519);
#10501=PRODUCT_DEFINITION('','',#10539,#10520);
#10502=PRODUCT_DEFINITION('','',#10540,#10521);
#10503=PRODUCT_DEFINITION('','',#10541,#10522);
#10504=PRODUCT_DEFINITION('','',#10542,#10523);
#10505=PRODUCT_DEFINITION('','',#10543,#10524);
#10506=PRODUCT_DEFINITION('','',#10544,#10525);
#10507=PRODUCT_DEFINITION('','',#10545,#10526);
#10508=PRODUCT_DEFINITION('','',#10546,#10527);
#10509=PRODUCT_DEFINITION('','',#10547,#10528);
#10510=PRODUCT_DEFINITION_CONTEXT('',#10625,'design');
#10511=PRODUCT_DEFINITION_CONTEXT('',#10625,'design');
#10512=PRODUCT_DEFINITION_CONTEXT('',#10625,'design');
#10513=PRODUCT_DEFINITION_CONTEXT('',#10625,'design');
#10514=PRODUCT_DEFINITION_CONTEXT('',#10625,'design');
#10515=PRODUCT_DEFINITION_CONTEXT('',#10625,'design');
#10516=PRODUCT_DEFINITION_CONTEXT('',#10625,'design');
#10517=PRODUCT_DEFINITION_CONTEXT('',#10625,'design');
#10518=PRODUCT_DEFINITION_CONTEXT('',#10625,'design');
#10519=PRODUCT_DEFINITION_CONTEXT('',#10625,'design');
#10520=PRODUCT_DEFINITION_CONTEXT('',#10625,'design');
#10521=PRODUCT_DEFINITION_CONTEXT('',#10625,'design');
#10522=PRODUCT_DEFINITION_CONTEXT('',#10625,'design');
#10523=PRODUCT_DEFINITION_CONTEXT('',#10625,'design');
#10524=PRODUCT_DEFINITION_CONTEXT('',#10625,'design');
#10525=PRODUCT_DEFINITION_CONTEXT('',#10625,'design');
#10526=PRODUCT_DEFINITION_CONTEXT('',#10625,'design');
#10527=PRODUCT_DEFINITION_CONTEXT('',#10625,'design');
#10528=PRODUCT_DEFINITION_CONTEXT('',#10625,'design');
#10529=PRODUCT_DEFINITION_FORMATION_WITH_SPECIFIED_SOURCE('','',#10567,
 .NOT_KNOWN.);
#10530=PRODUCT_DEFINITION_FORMATION_WITH_SPECIFIED_SOURCE('','',#10568,
 .NOT_KNOWN.);
#10531=PRODUCT_DEFINITION_FORMATION_WITH_SPECIFIED_SOURCE('','',#10569,
 .NOT_KNOWN.);
#10532=PRODUCT_DEFINITION_FORMATION_WITH_SPECIFIED_SOURCE('','',#10570,
 .NOT_KNOWN.);
#10533=PRODUCT_DEFINITION_FORMATION_WITH_SPECIFIED_SOURCE('','',#10571,
 .NOT_KNOWN.);
#10534=PRODUCT_DEFINITION_FORMATION_WITH_SPECIFIED_SOURCE('','',#10572,
 .NOT_KNOWN.);
#10535=PRODUCT_DEFINITION_FORMATION_WITH_SPECIFIED_SOURCE('','',#10573,
 .NOT_KNOWN.);
#10536=PRODUCT_DEFINITION_FORMATION_WITH_SPECIFIED_SOURCE('','',#10574,
 .NOT_KNOWN.);
#10537=PRODUCT_DEFINITION_FORMATION_WITH_SPECIFIED_SOURCE('','',#10575,
 .NOT_KNOWN.);
#10538=PRODUCT_DEFINITION_FORMATION_WITH_SPECIFIED_SOURCE('','',#10576,
 .NOT_KNOWN.);
#10539=PRODUCT_DEFINITION_FORMATION_WITH_SPECIFIED_SOURCE('','',#10577,
 .NOT_KNOWN.);
#10540=PRODUCT_DEFINITION_FORMATION_WITH_SPECIFIED_SOURCE('','',#10578,
 .NOT_KNOWN.);
#10541=PRODUCT_DEFINITION_FORMATION_WITH_SPECIFIED_SOURCE('','',#10579,
 .NOT_KNOWN.);
#10542=PRODUCT_DEFINITION_FORMATION_WITH_SPECIFIED_SOURCE('','',#10580,
 .NOT_KNOWN.);
#10543=PRODUCT_DEFINITION_FORMATION_WITH_SPECIFIED_SOURCE('','',#10581,
 .NOT_KNOWN.);
#10544=PRODUCT_DEFINITION_FORMATION_WITH_SPECIFIED_SOURCE('','',#10582,
 .NOT_KNOWN.);
#10545=PRODUCT_DEFINITION_FORMATION_WITH_SPECIFIED_SOURCE('','',#10583,
 .NOT_KNOWN.);
#10546=PRODUCT_DEFINITION_FORMATION_WITH_SPECIFIED_SOURCE('','',#10584,
 .NOT_KNOWN.);
#10547=PRODUCT_DEFINITION_FORMATION_WITH_SPECIFIED_SOURCE('','',#10585,
 .NOT_KNOWN.);
#10548=PRODUCT_RELATED_PRODUCT_CATEGORY('','',(#10567));
#10549=PRODUCT_RELATED_PRODUCT_CATEGORY('','',(#10568));
#10550=PRODUCT_RELATED_PRODUCT_CATEGORY('','',(#10569));
#10551=PRODUCT_RELATED_PRODUCT_CATEGORY('','',(#10570));
#10552=PRODUCT_RELATED_PRODUCT_CATEGORY('','',(#10571));
#10553=PRODUCT_RELATED_PRODUCT_CATEGORY('','',(#10572));
#10554=PRODUCT_RELATED_PRODUCT_CATEGORY('','',(#10573));
#10555=PRODUCT_RELATED_PRODUCT_CATEGORY('','',(#10574));
#10556=PRODUCT_RELATED_PRODUCT_CATEGORY('','',(#10575));
#10557=PRODUCT_RELATED_PRODUCT_CATEGORY('','',(#10576));
#10558=PRODUCT_RELATED_PRODUCT_CATEGORY('','',(#10577));
#10559=PRODUCT_RELATED_PRODUCT_CATEGORY('','',(#10578));
#10560=PRODUCT_RELATED_PRODUCT_CATEGORY('','',(#10579));
#10561=PRODUCT_RELATED_PRODUCT_CATEGORY('','',(#10580));
#10562=PRODUCT_RELATED_PRODUCT_CATEGORY('','',(#10581));
#10563=PRODUCT_RELATED_PRODUCT_CATEGORY('','',(#10582));
#10564=PRODUCT_RELATED_PRODUCT_CATEGORY('','',(#10583));
#10565=PRODUCT_RELATED_PRODUCT_CATEGORY('','',(#10584));
#10566=PRODUCT_RELATED_PRODUCT_CATEGORY('','',(#10585));
#10567=PRODUCT('Main','Main','Main',(#10605));
#10568=PRODUCT('Hex nut #10-32','Hex nut #10-32','Hex nut #10-32',(#10606));
#10569=PRODUCT('Socket button head cap screw #10-32 x 1',
'Socket button head cap screw #10-32 x 1',
'Socket button head cap screw #10-32 x 1',(#10607));
#10570=PRODUCT('Ambu Bag Assembly <1>','Ambu Bag Assembly <1>',
'Ambu Bag Assembly <1>',(#10608));
#10571=PRODUCT('Ambu Support Small','Ambu Support Small',
'Ambu Support Small',(#10609));
#10572=PRODUCT('Socket button head cap screw #10-32 x 0.5',
'Socket button head cap screw #10-32 x 0.5',
'Socket button head cap screw #10-32 x 0.5',(#10610));
#10573=PRODUCT('Ambu Bag','Ambu Bag','Ambu Bag',(#10611));
#10574=PRODUCT('Polycarbonate Base','Polycarbonate Base',
'Polycarbonate Base',(#10612));
#10575=PRODUCT('Ambu Support Small','Ambu Support Small',
'Ambu Support Small',(#10613));
#10576=PRODUCT('Mechanism Assembly <1>','Mechanism Assembly <1>',
'Mechanism Assembly <1>',(#10614));
#10577=PRODUCT('Base','Base','Base',(#10615));
#10578=PRODUCT('Connecting Arm','Connecting Arm','Connecting Arm',(#10616));
#10579=PRODUCT('Pressing Arm','Pressing Arm','Pressing Arm',(#10617));
#10580=PRODUCT('Motor Stand <1>','Motor Stand <1>','Motor Stand <1>',(#10618));
#10581=PRODUCT('Motor Stand Top','Motor Stand Top','Motor Stand Top',(#10619));
#10582=PRODUCT('Motor Stand Bottom','Motor Stand Bottom',
'Motor Stand Bottom',(#10620));
#10583=PRODUCT('Motor Adapter <1>','Motor Adapter <1>',
'Motor Adapter <1>',(#10621));
#10584=PRODUCT('Motor Adapter','Motor Adapter','Motor Adapter',(#10622));
#10585=PRODUCT('CIM Motor','CIM Motor','CIM Motor',(#10623));
#10586=PRODUCT_CATEGORY('','');
#10587=PRODUCT_CATEGORY('','');
#10588=PRODUCT_CATEGORY('','');
#10589=PRODUCT_CATEGORY('','');
#10590=PRODUCT_CATEGORY('','');
#10591=PRODUCT_CATEGORY('','');
#10592=PRODUCT_CATEGORY('','');
#10593=PRODUCT_CATEGORY('','');
#10594=PRODUCT_CATEGORY('','');
#10595=PRODUCT_CATEGORY('','');
#10596=PRODUCT_CATEGORY('','');
#10597=PRODUCT_CATEGORY('','');
#10598=PRODUCT_CATEGORY('','');
#10599=PRODUCT_CATEGORY('','');
#10600=PRODUCT_CATEGORY('','');
#10601=PRODUCT_CATEGORY('','');
#10602=PRODUCT_CATEGORY('','');
#10603=PRODUCT_CATEGORY('','');
#10604=PRODUCT_CATEGORY('','');
#10605=PRODUCT_CONTEXT('',#10625,'mechanical');
#10606=PRODUCT_CONTEXT('',#10625,'mechanical');
#10607=PRODUCT_CONTEXT('',#10625,'mechanical');
#10608=PRODUCT_CONTEXT('',#10625,'mechanical');
#10609=PRODUCT_CONTEXT('',#10625,'mechanical');
#10610=PRODUCT_CONTEXT('',#10625,'mechanical');
#10611=PRODUCT_CONTEXT('',#10625,'mechanical');
#10612=PRODUCT_CONTEXT('',#10625,'mechanical');
#10613=PRODUCT_CONTEXT('',#10625,'mechanical');
#10614=PRODUCT_CONTEXT('',#10625,'mechanical');
#10615=PRODUCT_CONTEXT('',#10625,'mechanical');
#10616=PRODUCT_CONTEXT('',#10625,'mechanical');
#10617=PRODUCT_CONTEXT('',#10625,'mechanical');
#10618=PRODUCT_CONTEXT('',#10625,'mechanical');
#10619=PRODUCT_CONTEXT('',#10625,'mechanical');
#10620=PRODUCT_CONTEXT('',#10625,'mechanical');
#10621=PRODUCT_CONTEXT('',#10625,'mechanical');
#10622=PRODUCT_CONTEXT('',#10625,'mechanical');
#10623=PRODUCT_CONTEXT('',#10625,'mechanical');
#10624=APPLICATION_PROTOCOL_DEFINITION('international standard',
'ap242_managed_model_based_3d_engineering',2020,#10625);
#10625=APPLICATION_CONTEXT('managed model based 3d engineering');
ENDSEC;
END-ISO-10303-21;
